ISO-10303-21;
HEADER;
FILE_DESCRIPTION(('Open CASCADE Model'),'2;1');
FILE_NAME('Open CASCADE Shape Model','2026-10-06T15:51:26',('Author'),(
    'Open CASCADE'),'Open CASCADE STEP processor 7.9','Open CASCADE 7.9'
  ,'Unknown');
FILE_SCHEMA(('AUTOMOTIVE_DESIGN { 1 0 10303 214 1 1 1 1 }'));
ENDSEC;
DATA;
#1 = APPLICATION_PROTOCOL_DEFINITION('international standard',
  'automotive_design',2000,#2);
#2 = APPLICATION_CONTEXT(
  'core data for automotive mechanical design processes');
#3 = SHAPE_DEFINITION_REPRESENTATION(#4,#10);
#4 = PRODUCT_DEFINITION_SHAPE('','',#5);
#5 = PRODUCT_DEFINITION('design','',#6,#9);
#6 = PRODUCT_DEFINITION_FORMATION('','',#7);
#7 = PRODUCT('Open CASCADE STEP translator 7.9 2',
  'Open CASCADE STEP translator 7.9 2','',(#8));
#8 = PRODUCT_CONTEXT('',#2,'mechanical');
#9 = PRODUCT_DEFINITION_CONTEXT('part definition',#2,'design');
#10 = ADVANCED_BREP_SHAPE_REPRESENTATION('',(#11,#15),#6013);
#11 = AXIS2_PLACEMENT_3D('',#12,#13,#14);
#12 = CARTESIAN_POINT('',(0.,0.,0.));
#13 = DIRECTION('',(0.,0.,1.));
#14 = DIRECTION('',(1.,0.,-0.));
#15 = MANIFOLD_SOLID_BREP('',#16);
#16 = CLOSED_SHELL('',(#17,#133,#607,#717,#796,#845,#922,#974,#1028,
    #1083,#1241,#1340,#1389,#1443,#1492,#1540,#1616,#1671,#1703,#1758,
    #1813,#1870,#1944,#2135,#2616,#2641,#2684,#2711,#2736,#2761,#2808,
    #2907,#3344,#3394,#3419,#3603,#3709,#3734,#3759,#3766,#3770,#3774,
    #3799,#3869,#3943,#3992,#4096,#4143,#4190,#4257,#4304,#4311,#4359,
    #4406,#4454,#4503,#4548,#4555,#4604,#4784,#4809,#4836,#4863,#4890,
    #4917,#4942,#4949,#4976,#5003,#5010,#5065,#5120,#5174,#5228,#5309,
    #5358,#5408,#5607,#5634,#5710,#5737,#5741,#5745,#5795,#5845,#5872,
    #5879,#5929,#5978,#6006));
#17 = ADVANCED_FACE('',(#18),#32,.F.);
#18 = FACE_BOUND('',#19,.F.);
#19 = EDGE_LOOP('',(#20,#53,#79,#107));
#20 = ORIENTED_EDGE('',*,*,#21,.F.);
#21 = EDGE_CURVE('',#22,#24,#26,.T.);
#22 = VERTEX_POINT('',#23);
#23 = CARTESIAN_POINT('',(-19.325,13.5,7.1));
#24 = VERTEX_POINT('',#25);
#25 = CARTESIAN_POINT('',(-19.325,3.3,7.1));
#26 = SURFACE_CURVE('',#27,(#31,#42),.PCURVE_S1.);
#27 = LINE('',#28,#29);
#28 = CARTESIAN_POINT('',(-19.325,-199.85,7.1));
#29 = VECTOR('',#30,1.);
#30 = DIRECTION('',(0.,-1.,0.));
#31 = PCURVE('',#32,#37);
#32 = PLANE('',#33);
#33 = AXIS2_PLACEMENT_3D('',#34,#35,#36);
#34 = CARTESIAN_POINT('',(-19.325,0.3,0.));
#35 = DIRECTION('',(1.,0.,0.));
#36 = DIRECTION('',(0.,0.,1.));
#37 = DEFINITIONAL_REPRESENTATION('',(#38),#41);
#38 = B_SPLINE_CURVE_WITH_KNOTS('',1,(#39,#40),.UNSPECIFIED.,.F.,.F.,(2,
    2),(-213.35,-203.15),.PIECEWISE_BEZIER_KNOTS.);
#39 = CARTESIAN_POINT('',(7.1,-13.2));
#40 = CARTESIAN_POINT('',(7.1,-3.));
#41 = ( GEOMETRIC_REPRESENTATION_CONTEXT(2) 
PARAMETRIC_REPRESENTATION_CONTEXT() REPRESENTATION_CONTEXT('2D SPACE',''
  ) );
#42 = PCURVE('',#43,#48);
#43 = PLANE('',#44);
#44 = AXIS2_PLACEMENT_3D('',#45,#46,#47);
#45 = CARTESIAN_POINT('',(-400.,-400.,7.1));
#46 = DIRECTION('',(0.,0.,1.));
#47 = DIRECTION('',(1.,0.,0.));
#48 = DEFINITIONAL_REPRESENTATION('',(#49),#52);
#49 = B_SPLINE_CURVE_WITH_KNOTS('',1,(#50,#51),.UNSPECIFIED.,.F.,.F.,(2,
    2),(-213.35,-203.15),.PIECEWISE_BEZIER_KNOTS.);
#50 = CARTESIAN_POINT('',(380.675,413.5));
#51 = CARTESIAN_POINT('',(380.675,403.3));
#52 = ( GEOMETRIC_REPRESENTATION_CONTEXT(2) 
PARAMETRIC_REPRESENTATION_CONTEXT() REPRESENTATION_CONTEXT('2D SPACE',''
  ) );
#53 = ORIENTED_EDGE('',*,*,#54,.T.);
#54 = EDGE_CURVE('',#22,#55,#57,.T.);
#55 = VERTEX_POINT('',#56);
#56 = CARTESIAN_POINT('',(-19.325,13.5,23.5));
#57 = SURFACE_CURVE('',#58,(#62,#68),.PCURVE_S1.);
#58 = LINE('',#59,#60);
#59 = CARTESIAN_POINT('',(-19.325,13.5,0.));
#60 = VECTOR('',#61,1.);
#61 = DIRECTION('',(0.,0.,1.));
#62 = PCURVE('',#32,#63);
#63 = DEFINITIONAL_REPRESENTATION('',(#64),#67);
#64 = B_SPLINE_CURVE_WITH_KNOTS('',1,(#65,#66),.UNSPECIFIED.,.F.,.F.,(2,
    2),(0.,24.5),.PIECEWISE_BEZIER_KNOTS.);
#65 = CARTESIAN_POINT('',(0.,-13.2));
#66 = CARTESIAN_POINT('',(24.5,-13.2));
#67 = ( GEOMETRIC_REPRESENTATION_CONTEXT(2) 
PARAMETRIC_REPRESENTATION_CONTEXT() REPRESENTATION_CONTEXT('2D SPACE',''
  ) );
#68 = PCURVE('',#69,#74);
#69 = PLANE('',#70);
#70 = AXIS2_PLACEMENT_3D('',#71,#72,#73);
#71 = CARTESIAN_POINT('',(-23.525,13.5,0.));
#72 = DIRECTION('',(0.,1.,0.));
#73 = DIRECTION('',(0.,0.,1.));
#74 = DEFINITIONAL_REPRESENTATION('',(#75),#78);
#75 = B_SPLINE_CURVE_WITH_KNOTS('',1,(#76,#77),.UNSPECIFIED.,.F.,.F.,(2,
    2),(0.,24.5),.PIECEWISE_BEZIER_KNOTS.);
#76 = CARTESIAN_POINT('',(0.,4.2));
#77 = CARTESIAN_POINT('',(24.5,4.2));
#78 = ( GEOMETRIC_REPRESENTATION_CONTEXT(2) 
PARAMETRIC_REPRESENTATION_CONTEXT() REPRESENTATION_CONTEXT('2D SPACE',''
  ) );
#79 = ORIENTED_EDGE('',*,*,#80,.F.);
#80 = EDGE_CURVE('',#81,#55,#83,.T.);
#81 = VERTEX_POINT('',#82);
#82 = CARTESIAN_POINT('',(-19.325,3.3,23.5));
#83 = SURFACE_CURVE('',#84,(#88,#95),.PCURVE_S1.);
#84 = LINE('',#85,#86);
#85 = CARTESIAN_POINT('',(-19.325,3.3,23.5));
#86 = VECTOR('',#87,1.);
#87 = DIRECTION('',(0.,1.,0.));
#88 = PCURVE('',#32,#89);
#89 = DEFINITIONAL_REPRESENTATION('',(#90),#94);
#90 = LINE('',#91,#92);
#91 = CARTESIAN_POINT('',(23.5,-3.));
#92 = VECTOR('',#93,1.);
#93 = DIRECTION('',(0.,-1.));
#94 = ( GEOMETRIC_REPRESENTATION_CONTEXT(2) 
PARAMETRIC_REPRESENTATION_CONTEXT() REPRESENTATION_CONTEXT('2D SPACE',''
  ) );
#95 = PCURVE('',#96,#101);
#96 = PLANE('',#97);
#97 = AXIS2_PLACEMENT_3D('',#98,#99,#100);
#98 = CARTESIAN_POINT('',(-18.825,3.3,24.));
#99 = DIRECTION('',(0.707106781187,-5.911709633991E-18,-0.707106781187)
  );
#100 = DIRECTION('',(4.180209970601E-18,1.,-4.180209970601E-18));
#101 = DEFINITIONAL_REPRESENTATION('',(#102),#106);
#102 = LINE('',#103,#104);
#103 = CARTESIAN_POINT('',(0.,-0.707106781187));
#104 = VECTOR('',#105,1.);
#105 = DIRECTION('',(1.,0.));
#106 = ( GEOMETRIC_REPRESENTATION_CONTEXT(2) 
PARAMETRIC_REPRESENTATION_CONTEXT() REPRESENTATION_CONTEXT('2D SPACE',''
  ) );
#107 = ORIENTED_EDGE('',*,*,#108,.F.);
#108 = EDGE_CURVE('',#24,#81,#109,.T.);
#109 = SURFACE_CURVE('',#110,(#114,#121),.PCURVE_S1.);
#110 = LINE('',#111,#112);
#111 = CARTESIAN_POINT('',(-19.325,3.3,0.));
#112 = VECTOR('',#113,1.);
#113 = DIRECTION('',(0.,0.,1.));
#114 = PCURVE('',#32,#115);
#115 = DEFINITIONAL_REPRESENTATION('',(#116),#120);
#116 = LINE('',#117,#118);
#117 = CARTESIAN_POINT('',(0.,-3.));
#118 = VECTOR('',#119,1.);
#119 = DIRECTION('',(1.,0.));
#120 = ( GEOMETRIC_REPRESENTATION_CONTEXT(2) 
PARAMETRIC_REPRESENTATION_CONTEXT() REPRESENTATION_CONTEXT('2D SPACE',''
  ) );
#121 = PCURVE('',#122,#127);
#122 = CYLINDRICAL_SURFACE('',#123,3.);
#123 = AXIS2_PLACEMENT_3D('',#124,#125,#126);
#124 = CARTESIAN_POINT('',(-16.325,3.3,0.));
#125 = DIRECTION('',(0.,0.,1.));
#126 = DIRECTION('',(-1.,-0.,0.));
#127 = DEFINITIONAL_REPRESENTATION('',(#128),#132);
#128 = LINE('',#129,#130);
#129 = CARTESIAN_POINT('',(0.,0.));
#130 = VECTOR('',#131,1.);
#131 = DIRECTION('',(0.,1.));
#132 = ( GEOMETRIC_REPRESENTATION_CONTEXT(2) 
PARAMETRIC_REPRESENTATION_CONTEXT() REPRESENTATION_CONTEXT('2D SPACE',''
  ) );
#133 = ADVANCED_FACE('',(#134,#537,#572),#43,.F.);
#134 = FACE_BOUND('',#135,.F.);
#135 = EDGE_LOOP('',(#136,#167,#193,#222,#241,#242,#266,#294,#323,#349,
    #378,#404,#432,#458,#487,#513));
#136 = ORIENTED_EDGE('',*,*,#137,.T.);
#137 = EDGE_CURVE('',#138,#140,#142,.T.);
#138 = VERTEX_POINT('',#139);
#139 = CARTESIAN_POINT('',(-21.525,29.7,7.1));
#140 = VERTEX_POINT('',#141);
#141 = CARTESIAN_POINT('',(-23.525,27.7,7.1));
#142 = SURFACE_CURVE('',#143,(#148,#155),.PCURVE_S1.);
#143 = CIRCLE('',#144,2.);
#144 = AXIS2_PLACEMENT_3D('',#145,#146,#147);
#145 = CARTESIAN_POINT('',(-21.525,27.7,7.1));
#146 = DIRECTION('',(0.,0.,1.));
#147 = DIRECTION('',(-1.,-0.,0.));
#148 = PCURVE('',#43,#149);
#149 = DEFINITIONAL_REPRESENTATION('',(#150),#154);
#150 = CIRCLE('',#151,2.);
#151 = AXIS2_PLACEMENT_2D('',#152,#153);
#152 = CARTESIAN_POINT('',(378.475,427.7));
#153 = DIRECTION('',(-1.,0.));
#154 = ( GEOMETRIC_REPRESENTATION_CONTEXT(2) 
PARAMETRIC_REPRESENTATION_CONTEXT() REPRESENTATION_CONTEXT('2D SPACE',''
  ) );
#155 = PCURVE('',#156,#161);
#156 = CYLINDRICAL_SURFACE('',#157,2.);
#157 = AXIS2_PLACEMENT_3D('',#158,#159,#160);
#158 = CARTESIAN_POINT('',(-21.525,27.7,0.));
#159 = DIRECTION('',(0.,0.,1.));
#160 = DIRECTION('',(-1.,-0.,0.));
#161 = DEFINITIONAL_REPRESENTATION('',(#162),#166);
#162 = LINE('',#163,#164);
#163 = CARTESIAN_POINT('',(-6.28318530718,7.1));
#164 = VECTOR('',#165,1.);
#165 = DIRECTION('',(1.,-0.));
#166 = ( GEOMETRIC_REPRESENTATION_CONTEXT(2) 
PARAMETRIC_REPRESENTATION_CONTEXT() REPRESENTATION_CONTEXT('2D SPACE',''
  ) );
#167 = ORIENTED_EDGE('',*,*,#168,.T.);
#168 = EDGE_CURVE('',#140,#169,#171,.T.);
#169 = VERTEX_POINT('',#170);
#170 = CARTESIAN_POINT('',(-23.525,15.5,7.1));
#171 = SURFACE_CURVE('',#172,(#176,#182),.PCURVE_S1.);
#172 = LINE('',#173,#174);
#173 = CARTESIAN_POINT('',(-23.525,-193.25,7.1));
#174 = VECTOR('',#175,1.);
#175 = DIRECTION('',(0.,-1.,0.));
#176 = PCURVE('',#43,#177);
#177 = DEFINITIONAL_REPRESENTATION('',(#178),#181);
#178 = B_SPLINE_CURVE_WITH_KNOTS('',1,(#179,#180),.UNSPECIFIED.,.F.,.F.,
  (2,2),(-220.95,-208.75),.PIECEWISE_BEZIER_KNOTS.);
#179 = CARTESIAN_POINT('',(376.475,427.7));
#180 = CARTESIAN_POINT('',(376.475,415.5));
#181 = ( GEOMETRIC_REPRESENTATION_CONTEXT(2) 
PARAMETRIC_REPRESENTATION_CONTEXT() REPRESENTATION_CONTEXT('2D SPACE',''
  ) );
#182 = PCURVE('',#183,#188);
#183 = PLANE('',#184);
#184 = AXIS2_PLACEMENT_3D('',#185,#186,#187);
#185 = CARTESIAN_POINT('',(-23.525,13.5,0.));
#186 = DIRECTION('',(1.,0.,0.));
#187 = DIRECTION('',(0.,0.,1.));
#188 = DEFINITIONAL_REPRESENTATION('',(#189),#192);
#189 = B_SPLINE_CURVE_WITH_KNOTS('',1,(#190,#191),.UNSPECIFIED.,.F.,.F.,
  (2,2),(-220.95,-208.75),.PIECEWISE_BEZIER_KNOTS.);
#190 = CARTESIAN_POINT('',(7.1,-14.2));
#191 = CARTESIAN_POINT('',(7.1,-2.));
#192 = ( GEOMETRIC_REPRESENTATION_CONTEXT(2) 
PARAMETRIC_REPRESENTATION_CONTEXT() REPRESENTATION_CONTEXT('2D SPACE',''
  ) );
#193 = ORIENTED_EDGE('',*,*,#194,.T.);
#194 = EDGE_CURVE('',#169,#195,#197,.T.);
#195 = VERTEX_POINT('',#196);
#196 = CARTESIAN_POINT('',(-21.525,13.5,7.1));
#197 = SURFACE_CURVE('',#198,(#203,#210),.PCURVE_S1.);
#198 = CIRCLE('',#199,2.);
#199 = AXIS2_PLACEMENT_3D('',#200,#201,#202);
#200 = CARTESIAN_POINT('',(-21.525,15.5,7.1));
#201 = DIRECTION('',(0.,0.,1.));
#202 = DIRECTION('',(-1.,-0.,0.));
#203 = PCURVE('',#43,#204);
#204 = DEFINITIONAL_REPRESENTATION('',(#205),#209);
#205 = CIRCLE('',#206,2.);
#206 = AXIS2_PLACEMENT_2D('',#207,#208);
#207 = CARTESIAN_POINT('',(378.475,415.5));
#208 = DIRECTION('',(-1.,0.));
#209 = ( GEOMETRIC_REPRESENTATION_CONTEXT(2) 
PARAMETRIC_REPRESENTATION_CONTEXT() REPRESENTATION_CONTEXT('2D SPACE',''
  ) );
#210 = PCURVE('',#211,#216);
#211 = CYLINDRICAL_SURFACE('',#212,2.);
#212 = AXIS2_PLACEMENT_3D('',#213,#214,#215);
#213 = CARTESIAN_POINT('',(-21.525,15.5,0.));
#214 = DIRECTION('',(0.,0.,1.));
#215 = DIRECTION('',(-1.,-0.,0.));
#216 = DEFINITIONAL_REPRESENTATION('',(#217),#221);
#217 = LINE('',#218,#219);
#218 = CARTESIAN_POINT('',(0.,7.1));
#219 = VECTOR('',#220,1.);
#220 = DIRECTION('',(1.,0.));
#221 = ( GEOMETRIC_REPRESENTATION_CONTEXT(2) 
PARAMETRIC_REPRESENTATION_CONTEXT() REPRESENTATION_CONTEXT('2D SPACE',''
  ) );
#222 = ORIENTED_EDGE('',*,*,#223,.T.);
#223 = EDGE_CURVE('',#195,#22,#224,.T.);
#224 = SURFACE_CURVE('',#225,(#229,#235),.PCURVE_S1.);
#225 = LINE('',#226,#227);
#226 = CARTESIAN_POINT('',(-211.7625,13.5,7.1));
#227 = VECTOR('',#228,1.);
#228 = DIRECTION('',(1.,0.,0.));
#229 = PCURVE('',#43,#230);
#230 = DEFINITIONAL_REPRESENTATION('',(#231),#234);
#231 = B_SPLINE_CURVE_WITH_KNOTS('',1,(#232,#233),.UNSPECIFIED.,.F.,.F.,
  (2,2),(190.2375,192.4375),.PIECEWISE_BEZIER_KNOTS.);
#232 = CARTESIAN_POINT('',(378.475,413.5));
#233 = CARTESIAN_POINT('',(380.675,413.5));
#234 = ( GEOMETRIC_REPRESENTATION_CONTEXT(2) 
PARAMETRIC_REPRESENTATION_CONTEXT() REPRESENTATION_CONTEXT('2D SPACE',''
  ) );
#235 = PCURVE('',#69,#236);
#236 = DEFINITIONAL_REPRESENTATION('',(#237),#240);
#237 = B_SPLINE_CURVE_WITH_KNOTS('',1,(#238,#239),.UNSPECIFIED.,.F.,.F.,
  (2,2),(190.2375,192.4375),.PIECEWISE_BEZIER_KNOTS.);
#238 = CARTESIAN_POINT('',(7.1,2.));
#239 = CARTESIAN_POINT('',(7.1,4.2));
#240 = ( GEOMETRIC_REPRESENTATION_CONTEXT(2) 
PARAMETRIC_REPRESENTATION_CONTEXT() REPRESENTATION_CONTEXT('2D SPACE',''
  ) );
#241 = ORIENTED_EDGE('',*,*,#21,.T.);
#242 = ORIENTED_EDGE('',*,*,#243,.T.);
#243 = EDGE_CURVE('',#24,#244,#246,.T.);
#244 = VERTEX_POINT('',#245);
#245 = CARTESIAN_POINT('',(-16.825,0.34196010845,7.1));
#246 = SURFACE_CURVE('',#247,(#252,#259),.PCURVE_S1.);
#247 = CIRCLE('',#248,3.);
#248 = AXIS2_PLACEMENT_3D('',#249,#250,#251);
#249 = CARTESIAN_POINT('',(-16.325,3.3,7.1));
#250 = DIRECTION('',(0.,0.,1.));
#251 = DIRECTION('',(-1.,-0.,0.));
#252 = PCURVE('',#43,#253);
#253 = DEFINITIONAL_REPRESENTATION('',(#254),#258);
#254 = CIRCLE('',#255,3.);
#255 = AXIS2_PLACEMENT_2D('',#256,#257);
#256 = CARTESIAN_POINT('',(383.675,403.3));
#257 = DIRECTION('',(-1.,0.));
#258 = ( GEOMETRIC_REPRESENTATION_CONTEXT(2) 
PARAMETRIC_REPRESENTATION_CONTEXT() REPRESENTATION_CONTEXT('2D SPACE',''
  ) );
#259 = PCURVE('',#122,#260);
#260 = DEFINITIONAL_REPRESENTATION('',(#261),#265);
#261 = LINE('',#262,#263);
#262 = CARTESIAN_POINT('',(0.,7.1));
#263 = VECTOR('',#264,1.);
#264 = DIRECTION('',(1.,0.));
#265 = ( GEOMETRIC_REPRESENTATION_CONTEXT(2) 
PARAMETRIC_REPRESENTATION_CONTEXT() REPRESENTATION_CONTEXT('2D SPACE',''
  ) );
#266 = ORIENTED_EDGE('',*,*,#267,.T.);
#267 = EDGE_CURVE('',#244,#268,#270,.T.);
#268 = VERTEX_POINT('',#269);
#269 = CARTESIAN_POINT('',(-16.825,0.713393125268,7.1));
#270 = SURFACE_CURVE('',#271,(#275,#282),.PCURVE_S1.);
#271 = LINE('',#272,#273);
#272 = CARTESIAN_POINT('',(-16.825,-0.7,7.1));
#273 = VECTOR('',#274,1.);
#274 = DIRECTION('',(0.,1.,0.));
#275 = PCURVE('',#43,#276);
#276 = DEFINITIONAL_REPRESENTATION('',(#277),#281);
#277 = LINE('',#278,#279);
#278 = CARTESIAN_POINT('',(383.175,399.3));
#279 = VECTOR('',#280,1.);
#280 = DIRECTION('',(0.,1.));
#281 = ( GEOMETRIC_REPRESENTATION_CONTEXT(2) 
PARAMETRIC_REPRESENTATION_CONTEXT() REPRESENTATION_CONTEXT('2D SPACE',''
  ) );
#282 = PCURVE('',#283,#288);
#283 = PLANE('',#284);
#284 = AXIS2_PLACEMENT_3D('',#285,#286,#287);
#285 = CARTESIAN_POINT('',(-16.825,-0.7,7.1));
#286 = DIRECTION('',(1.,0.,0.));
#287 = DIRECTION('',(0.,0.,1.));
#288 = DEFINITIONAL_REPRESENTATION('',(#289),#293);
#289 = LINE('',#290,#291);
#290 = CARTESIAN_POINT('',(0.,0.));
#291 = VECTOR('',#292,1.);
#292 = DIRECTION('',(0.,-1.));
#293 = ( GEOMETRIC_REPRESENTATION_CONTEXT(2) 
PARAMETRIC_REPRESENTATION_CONTEXT() REPRESENTATION_CONTEXT('2D SPACE',''
  ) );
#294 = ORIENTED_EDGE('',*,*,#295,.F.);
#295 = EDGE_CURVE('',#296,#268,#298,.T.);
#296 = VERTEX_POINT('',#297);
#297 = CARTESIAN_POINT('',(-18.125,2.2,7.1));
#298 = SURFACE_CURVE('',#299,(#304,#311),.PCURVE_S1.);
#299 = CIRCLE('',#300,1.5);
#300 = AXIS2_PLACEMENT_3D('',#301,#302,#303);
#301 = CARTESIAN_POINT('',(-16.625,2.2,7.1));
#302 = DIRECTION('',(0.,0.,1.));
#303 = DIRECTION('',(-1.,-0.,0.));
#304 = PCURVE('',#43,#305);
#305 = DEFINITIONAL_REPRESENTATION('',(#306),#310);
#306 = CIRCLE('',#307,1.5);
#307 = AXIS2_PLACEMENT_2D('',#308,#309);
#308 = CARTESIAN_POINT('',(383.375,402.2));
#309 = DIRECTION('',(-1.,0.));
#310 = ( GEOMETRIC_REPRESENTATION_CONTEXT(2) 
PARAMETRIC_REPRESENTATION_CONTEXT() REPRESENTATION_CONTEXT('2D SPACE',''
  ) );
#311 = PCURVE('',#312,#317);
#312 = CYLINDRICAL_SURFACE('',#313,1.5);
#313 = AXIS2_PLACEMENT_3D('',#314,#315,#316);
#314 = CARTESIAN_POINT('',(-16.625,2.2,6.1));
#315 = DIRECTION('',(0.,0.,1.));
#316 = DIRECTION('',(-1.,-0.,0.));
#317 = DEFINITIONAL_REPRESENTATION('',(#318),#322);
#318 = LINE('',#319,#320);
#319 = CARTESIAN_POINT('',(0.,1.));
#320 = VECTOR('',#321,1.);
#321 = DIRECTION('',(1.,0.));
#322 = ( GEOMETRIC_REPRESENTATION_CONTEXT(2) 
PARAMETRIC_REPRESENTATION_CONTEXT() REPRESENTATION_CONTEXT('2D SPACE',''
  ) );
#323 = ORIENTED_EDGE('',*,*,#324,.T.);
#324 = EDGE_CURVE('',#296,#325,#327,.T.);
#325 = VERTEX_POINT('',#326);
#326 = CARTESIAN_POINT('',(-18.125,42.89,7.1));
#327 = SURFACE_CURVE('',#328,(#332,#338),.PCURVE_S1.);
#328 = LINE('',#329,#330);
#329 = CARTESIAN_POINT('',(-18.125,-199.65,7.1));
#330 = VECTOR('',#331,1.);
#331 = DIRECTION('',(0.,1.,0.));
#332 = PCURVE('',#43,#333);
#333 = DEFINITIONAL_REPRESENTATION('',(#334),#337);
#334 = B_SPLINE_CURVE_WITH_KNOTS('',1,(#335,#336),.UNSPECIFIED.,.F.,.F.,
  (2,2),(201.85,242.54),.PIECEWISE_BEZIER_KNOTS.);
#335 = CARTESIAN_POINT('',(381.875,402.2));
#336 = CARTESIAN_POINT('',(381.875,442.89));
#337 = ( GEOMETRIC_REPRESENTATION_CONTEXT(2) 
PARAMETRIC_REPRESENTATION_CONTEXT() REPRESENTATION_CONTEXT('2D SPACE',''
  ) );
#338 = PCURVE('',#339,#344);
#339 = PLANE('',#340);
#340 = AXIS2_PLACEMENT_3D('',#341,#342,#343);
#341 = CARTESIAN_POINT('',(-18.125,0.7,6.1));
#342 = DIRECTION('',(1.,0.,0.));
#343 = DIRECTION('',(0.,0.,1.));
#344 = DEFINITIONAL_REPRESENTATION('',(#345),#348);
#345 = B_SPLINE_CURVE_WITH_KNOTS('',1,(#346,#347),.UNSPECIFIED.,.F.,.F.,
  (2,2),(201.85,242.54),.PIECEWISE_BEZIER_KNOTS.);
#346 = CARTESIAN_POINT('',(1.,-1.5));
#347 = CARTESIAN_POINT('',(1.,-42.19));
#348 = ( GEOMETRIC_REPRESENTATION_CONTEXT(2) 
PARAMETRIC_REPRESENTATION_CONTEXT() REPRESENTATION_CONTEXT('2D SPACE',''
  ) );
#349 = ORIENTED_EDGE('',*,*,#350,.F.);
#350 = EDGE_CURVE('',#351,#325,#353,.T.);
#351 = VERTEX_POINT('',#352);
#352 = CARTESIAN_POINT('',(-16.625,44.39,7.1));
#353 = SURFACE_CURVE('',#354,(#359,#366),.PCURVE_S1.);
#354 = CIRCLE('',#355,1.5);
#355 = AXIS2_PLACEMENT_3D('',#356,#357,#358);
#356 = CARTESIAN_POINT('',(-16.625,42.89,7.1));
#357 = DIRECTION('',(0.,0.,1.));
#358 = DIRECTION('',(-1.,-0.,0.));
#359 = PCURVE('',#43,#360);
#360 = DEFINITIONAL_REPRESENTATION('',(#361),#365);
#361 = CIRCLE('',#362,1.5);
#362 = AXIS2_PLACEMENT_2D('',#363,#364);
#363 = CARTESIAN_POINT('',(383.375,442.89));
#364 = DIRECTION('',(-1.,0.));
#365 = ( GEOMETRIC_REPRESENTATION_CONTEXT(2) 
PARAMETRIC_REPRESENTATION_CONTEXT() REPRESENTATION_CONTEXT('2D SPACE',''
  ) );
#366 = PCURVE('',#367,#372);
#367 = CYLINDRICAL_SURFACE('',#368,1.5);
#368 = AXIS2_PLACEMENT_3D('',#369,#370,#371);
#369 = CARTESIAN_POINT('',(-16.625,42.89,6.1));
#370 = DIRECTION('',(0.,0.,1.));
#371 = DIRECTION('',(-1.,-0.,0.));
#372 = DEFINITIONAL_REPRESENTATION('',(#373),#377);
#373 = LINE('',#374,#375);
#374 = CARTESIAN_POINT('',(-6.28318530718,1.));
#375 = VECTOR('',#376,1.);
#376 = DIRECTION('',(1.,-0.));
#377 = ( GEOMETRIC_REPRESENTATION_CONTEXT(2) 
PARAMETRIC_REPRESENTATION_CONTEXT() REPRESENTATION_CONTEXT('2D SPACE',''
  ) );
#378 = ORIENTED_EDGE('',*,*,#379,.F.);
#379 = EDGE_CURVE('',#380,#351,#382,.T.);
#380 = VERTEX_POINT('',#381);
#381 = CARTESIAN_POINT('',(-12.7,44.39,7.1));
#382 = SURFACE_CURVE('',#383,(#387,#393),.PCURVE_S1.);
#383 = LINE('',#384,#385);
#384 = CARTESIAN_POINT('',(-209.0625,44.39,7.1));
#385 = VECTOR('',#386,1.);
#386 = DIRECTION('',(-1.,0.,0.));
#387 = PCURVE('',#43,#388);
#388 = DEFINITIONAL_REPRESENTATION('',(#389),#392);
#389 = B_SPLINE_CURVE_WITH_KNOTS('',1,(#390,#391),.UNSPECIFIED.,.F.,.F.,
  (2,2),(-225.6875,-192.4375),.PIECEWISE_BEZIER_KNOTS.);
#390 = CARTESIAN_POINT('',(416.625,444.39));
#391 = CARTESIAN_POINT('',(383.375,444.39));
#392 = ( GEOMETRIC_REPRESENTATION_CONTEXT(2) 
PARAMETRIC_REPRESENTATION_CONTEXT() REPRESENTATION_CONTEXT('2D SPACE',''
  ) );
#393 = PCURVE('',#394,#399);
#394 = PLANE('',#395);
#395 = AXIS2_PLACEMENT_3D('',#396,#397,#398);
#396 = CARTESIAN_POINT('',(-18.125,44.39,6.1));
#397 = DIRECTION('',(0.,1.,0.));
#398 = DIRECTION('',(0.,0.,1.));
#399 = DEFINITIONAL_REPRESENTATION('',(#400),#403);
#400 = B_SPLINE_CURVE_WITH_KNOTS('',1,(#401,#402),.UNSPECIFIED.,.F.,.F.,
  (2,2),(-225.6875,-192.4375),.PIECEWISE_BEZIER_KNOTS.);
#401 = CARTESIAN_POINT('',(1.,34.75));
#402 = CARTESIAN_POINT('',(1.,1.5));
#403 = ( GEOMETRIC_REPRESENTATION_CONTEXT(2) 
PARAMETRIC_REPRESENTATION_CONTEXT() REPRESENTATION_CONTEXT('2D SPACE',''
  ) );
#404 = ORIENTED_EDGE('',*,*,#405,.T.);
#405 = EDGE_CURVE('',#380,#406,#408,.T.);
#406 = VERTEX_POINT('',#407);
#407 = CARTESIAN_POINT('',(-12.7,44.79,7.1));
#408 = SURFACE_CURVE('',#409,(#413,#420),.PCURVE_S1.);
#409 = LINE('',#410,#411);
#410 = CARTESIAN_POINT('',(-12.7,43.18,7.1));
#411 = VECTOR('',#412,1.);
#412 = DIRECTION('',(0.,1.,0.));
#413 = PCURVE('',#43,#414);
#414 = DEFINITIONAL_REPRESENTATION('',(#415),#419);
#415 = LINE('',#416,#417);
#416 = CARTESIAN_POINT('',(387.3,443.18));
#417 = VECTOR('',#418,1.);
#418 = DIRECTION('',(0.,1.));
#419 = ( GEOMETRIC_REPRESENTATION_CONTEXT(2) 
PARAMETRIC_REPRESENTATION_CONTEXT() REPRESENTATION_CONTEXT('2D SPACE',''
  ) );
#420 = PCURVE('',#421,#426);
#421 = PLANE('',#422);
#422 = AXIS2_PLACEMENT_3D('',#423,#424,#425);
#423 = CARTESIAN_POINT('',(-12.7,43.18,7.1));
#424 = DIRECTION('',(1.,0.,0.));
#425 = DIRECTION('',(0.,0.,1.));
#426 = DEFINITIONAL_REPRESENTATION('',(#427),#431);
#427 = LINE('',#428,#429);
#428 = CARTESIAN_POINT('',(0.,0.));
#429 = VECTOR('',#430,1.);
#430 = DIRECTION('',(0.,-1.));
#431 = ( GEOMETRIC_REPRESENTATION_CONTEXT(2) 
PARAMETRIC_REPRESENTATION_CONTEXT() REPRESENTATION_CONTEXT('2D SPACE',''
  ) );
#432 = ORIENTED_EDGE('',*,*,#433,.F.);
#433 = EDGE_CURVE('',#434,#406,#436,.T.);
#434 = VERTEX_POINT('',#435);
#435 = CARTESIAN_POINT('',(-16.325,44.79,7.1));
#436 = SURFACE_CURVE('',#437,(#441,#447),.PCURVE_S1.);
#437 = LINE('',#438,#439);
#438 = CARTESIAN_POINT('',(-209.6625,44.79,7.1));
#439 = VECTOR('',#440,1.);
#440 = DIRECTION('',(1.,0.,0.));
#441 = PCURVE('',#43,#442);
#442 = DEFINITIONAL_REPRESENTATION('',(#443),#446);
#443 = B_SPLINE_CURVE_WITH_KNOTS('',1,(#444,#445),.UNSPECIFIED.,.F.,.F.,
  (2,2),(193.3375,225.9875),.PIECEWISE_BEZIER_KNOTS.);
#444 = CARTESIAN_POINT('',(383.675,444.79));
#445 = CARTESIAN_POINT('',(416.325,444.79));
#446 = ( GEOMETRIC_REPRESENTATION_CONTEXT(2) 
PARAMETRIC_REPRESENTATION_CONTEXT() REPRESENTATION_CONTEXT('2D SPACE',''
  ) );
#447 = PCURVE('',#448,#453);
#448 = PLANE('',#449);
#449 = AXIS2_PLACEMENT_3D('',#450,#451,#452);
#450 = CARTESIAN_POINT('',(-19.325,44.79,0.));
#451 = DIRECTION('',(0.,1.,0.));
#452 = DIRECTION('',(0.,0.,1.));
#453 = DEFINITIONAL_REPRESENTATION('',(#454),#457);
#454 = B_SPLINE_CURVE_WITH_KNOTS('',1,(#455,#456),.UNSPECIFIED.,.F.,.F.,
  (2,2),(193.3375,225.9875),.PIECEWISE_BEZIER_KNOTS.);
#455 = CARTESIAN_POINT('',(7.1,3.));
#456 = CARTESIAN_POINT('',(7.1,35.65));
#457 = ( GEOMETRIC_REPRESENTATION_CONTEXT(2) 
PARAMETRIC_REPRESENTATION_CONTEXT() REPRESENTATION_CONTEXT('2D SPACE',''
  ) );
#458 = ORIENTED_EDGE('',*,*,#459,.T.);
#459 = EDGE_CURVE('',#434,#460,#462,.T.);
#460 = VERTEX_POINT('',#461);
#461 = CARTESIAN_POINT('',(-19.325,41.79,7.1));
#462 = SURFACE_CURVE('',#463,(#468,#475),.PCURVE_S1.);
#463 = CIRCLE('',#464,3.);
#464 = AXIS2_PLACEMENT_3D('',#465,#466,#467);
#465 = CARTESIAN_POINT('',(-16.325,41.79,7.1));
#466 = DIRECTION('',(0.,0.,1.));
#467 = DIRECTION('',(-1.,-0.,0.));
#468 = PCURVE('',#43,#469);
#469 = DEFINITIONAL_REPRESENTATION('',(#470),#474);
#470 = CIRCLE('',#471,3.);
#471 = AXIS2_PLACEMENT_2D('',#472,#473);
#472 = CARTESIAN_POINT('',(383.675,441.79));
#473 = DIRECTION('',(-1.,0.));
#474 = ( GEOMETRIC_REPRESENTATION_CONTEXT(2) 
PARAMETRIC_REPRESENTATION_CONTEXT() REPRESENTATION_CONTEXT('2D SPACE',''
  ) );
#475 = PCURVE('',#476,#481);
#476 = CYLINDRICAL_SURFACE('',#477,3.);
#477 = AXIS2_PLACEMENT_3D('',#478,#479,#480);
#478 = CARTESIAN_POINT('',(-16.325,41.79,0.));
#479 = DIRECTION('',(0.,0.,1.));
#480 = DIRECTION('',(-1.,-0.,0.));
#481 = DEFINITIONAL_REPRESENTATION('',(#482),#486);
#482 = LINE('',#483,#484);
#483 = CARTESIAN_POINT('',(-6.28318530718,7.1));
#484 = VECTOR('',#485,1.);
#485 = DIRECTION('',(1.,-0.));
#486 = ( GEOMETRIC_REPRESENTATION_CONTEXT(2) 
PARAMETRIC_REPRESENTATION_CONTEXT() REPRESENTATION_CONTEXT('2D SPACE',''
  ) );
#487 = ORIENTED_EDGE('',*,*,#488,.T.);
#488 = EDGE_CURVE('',#460,#489,#491,.T.);
#489 = VERTEX_POINT('',#490);
#490 = CARTESIAN_POINT('',(-19.325,29.7,7.1));
#491 = SURFACE_CURVE('',#492,(#496,#502),.PCURVE_S1.);
#492 = LINE('',#493,#494);
#493 = CARTESIAN_POINT('',(-19.325,-199.85,7.1));
#494 = VECTOR('',#495,1.);
#495 = DIRECTION('',(0.,-1.,0.));
#496 = PCURVE('',#43,#497);
#497 = DEFINITIONAL_REPRESENTATION('',(#498),#501);
#498 = B_SPLINE_CURVE_WITH_KNOTS('',1,(#499,#500),.UNSPECIFIED.,.F.,.F.,
  (2,2),(-241.64,-229.55),.PIECEWISE_BEZIER_KNOTS.);
#499 = CARTESIAN_POINT('',(380.675,441.79));
#500 = CARTESIAN_POINT('',(380.675,429.7));
#501 = ( GEOMETRIC_REPRESENTATION_CONTEXT(2) 
PARAMETRIC_REPRESENTATION_CONTEXT() REPRESENTATION_CONTEXT('2D SPACE',''
  ) );
#502 = PCURVE('',#503,#508);
#503 = PLANE('',#504);
#504 = AXIS2_PLACEMENT_3D('',#505,#506,#507);
#505 = CARTESIAN_POINT('',(-19.325,0.3,0.));
#506 = DIRECTION('',(1.,0.,0.));
#507 = DIRECTION('',(0.,0.,1.));
#508 = DEFINITIONAL_REPRESENTATION('',(#509),#512);
#509 = B_SPLINE_CURVE_WITH_KNOTS('',1,(#510,#511),.UNSPECIFIED.,.F.,.F.,
  (2,2),(-241.64,-229.55),.PIECEWISE_BEZIER_KNOTS.);
#510 = CARTESIAN_POINT('',(7.1,-41.49));
#511 = CARTESIAN_POINT('',(7.1,-29.4));
#512 = ( GEOMETRIC_REPRESENTATION_CONTEXT(2) 
PARAMETRIC_REPRESENTATION_CONTEXT() REPRESENTATION_CONTEXT('2D SPACE',''
  ) );
#513 = ORIENTED_EDGE('',*,*,#514,.F.);
#514 = EDGE_CURVE('',#138,#489,#515,.T.);
#515 = SURFACE_CURVE('',#516,(#520,#526),.PCURVE_S1.);
#516 = LINE('',#517,#518);
#517 = CARTESIAN_POINT('',(-211.7625,29.7,7.1));
#518 = VECTOR('',#519,1.);
#519 = DIRECTION('',(1.,0.,0.));
#520 = PCURVE('',#43,#521);
#521 = DEFINITIONAL_REPRESENTATION('',(#522),#525);
#522 = B_SPLINE_CURVE_WITH_KNOTS('',1,(#523,#524),.UNSPECIFIED.,.F.,.F.,
  (2,2),(190.2375,192.4375),.PIECEWISE_BEZIER_KNOTS.);
#523 = CARTESIAN_POINT('',(378.475,429.7));
#524 = CARTESIAN_POINT('',(380.675,429.7));
#525 = ( GEOMETRIC_REPRESENTATION_CONTEXT(2) 
PARAMETRIC_REPRESENTATION_CONTEXT() REPRESENTATION_CONTEXT('2D SPACE',''
  ) );
#526 = PCURVE('',#527,#532);
#527 = PLANE('',#528);
#528 = AXIS2_PLACEMENT_3D('',#529,#530,#531);
#529 = CARTESIAN_POINT('',(-23.525,29.7,0.));
#530 = DIRECTION('',(0.,1.,0.));
#531 = DIRECTION('',(0.,0.,1.));
#532 = DEFINITIONAL_REPRESENTATION('',(#533),#536);
#533 = B_SPLINE_CURVE_WITH_KNOTS('',1,(#534,#535),.UNSPECIFIED.,.F.,.F.,
  (2,2),(190.2375,192.4375),.PIECEWISE_BEZIER_KNOTS.);
#534 = CARTESIAN_POINT('',(7.1,2.));
#535 = CARTESIAN_POINT('',(7.1,4.2));
#536 = ( GEOMETRIC_REPRESENTATION_CONTEXT(2) 
PARAMETRIC_REPRESENTATION_CONTEXT() REPRESENTATION_CONTEXT('2D SPACE',''
  ) );
#537 = FACE_BOUND('',#538,.F.);
#538 = EDGE_LOOP('',(#539));
#539 = ORIENTED_EDGE('',*,*,#540,.T.);
#540 = EDGE_CURVE('',#541,#541,#543,.T.);
#541 = VERTEX_POINT('',#542);
#542 = CARTESIAN_POINT('',(-18.675,17.1,7.1));
#543 = SURFACE_CURVE('',#544,(#549,#560),.PCURVE_S1.);
#544 = CIRCLE('',#545,1.25);
#545 = AXIS2_PLACEMENT_3D('',#546,#547,#548);
#546 = CARTESIAN_POINT('',(-19.925,17.1,7.1));
#547 = DIRECTION('',(0.,0.,-1.));
#548 = DIRECTION('',(1.,0.,0.));
#549 = PCURVE('',#43,#550);
#550 = DEFINITIONAL_REPRESENTATION('',(#551),#559);
#551 = ( BOUNDED_CURVE() B_SPLINE_CURVE(2,(#552,#553,#554,#555,#556,#557
,#558),.UNSPECIFIED.,.T.,.F.) B_SPLINE_CURVE_WITH_KNOTS((1,2,2,2,2,1),(
    -2.094395102393,0.,2.094395102393,4.188790204786,6.28318530718,
8.377580409573),.UNSPECIFIED.) CURVE() GEOMETRIC_REPRESENTATION_ITEM() 
RATIONAL_B_SPLINE_CURVE((1.,0.5,1.,0.5,1.,0.5,1.)) REPRESENTATION_ITEM(
  '') );
#552 = CARTESIAN_POINT('',(381.325,417.1));
#553 = CARTESIAN_POINT('',(381.325,414.93493649053));
#554 = CARTESIAN_POINT('',(379.45,416.01746824526));
#555 = CARTESIAN_POINT('',(377.575,417.1));
#556 = CARTESIAN_POINT('',(379.45,418.18253175473));
#557 = CARTESIAN_POINT('',(381.325,419.26506350946));
#558 = CARTESIAN_POINT('',(381.325,417.1));
#559 = ( GEOMETRIC_REPRESENTATION_CONTEXT(2) 
PARAMETRIC_REPRESENTATION_CONTEXT() REPRESENTATION_CONTEXT('2D SPACE',''
  ) );
#560 = PCURVE('',#561,#566);
#561 = CYLINDRICAL_SURFACE('',#562,1.25);
#562 = AXIS2_PLACEMENT_3D('',#563,#564,#565);
#563 = CARTESIAN_POINT('',(-19.925,17.1,6.6));
#564 = DIRECTION('',(-0.,-0.,-1.));
#565 = DIRECTION('',(1.,0.,0.));
#566 = DEFINITIONAL_REPRESENTATION('',(#567),#571);
#567 = LINE('',#568,#569);
#568 = CARTESIAN_POINT('',(-6.28318530718,-0.5));
#569 = VECTOR('',#570,1.);
#570 = DIRECTION('',(1.,-0.));
#571 = ( GEOMETRIC_REPRESENTATION_CONTEXT(2) 
PARAMETRIC_REPRESENTATION_CONTEXT() REPRESENTATION_CONTEXT('2D SPACE',''
  ) );
#572 = FACE_BOUND('',#573,.F.);
#573 = EDGE_LOOP('',(#574));
#574 = ORIENTED_EDGE('',*,*,#575,.T.);
#575 = EDGE_CURVE('',#576,#576,#578,.T.);
#576 = VERTEX_POINT('',#577);
#577 = CARTESIAN_POINT('',(-18.675,26.1,7.1));
#578 = SURFACE_CURVE('',#579,(#584,#595),.PCURVE_S1.);
#579 = CIRCLE('',#580,1.25);
#580 = AXIS2_PLACEMENT_3D('',#581,#582,#583);
#581 = CARTESIAN_POINT('',(-19.925,26.1,7.1));
#582 = DIRECTION('',(0.,0.,-1.));
#583 = DIRECTION('',(1.,0.,0.));
#584 = PCURVE('',#43,#585);
#585 = DEFINITIONAL_REPRESENTATION('',(#586),#594);
#586 = ( BOUNDED_CURVE() B_SPLINE_CURVE(2,(#587,#588,#589,#590,#591,#592
,#593),.UNSPECIFIED.,.T.,.F.) B_SPLINE_CURVE_WITH_KNOTS((1,2,2,2,2,1),(
    -2.094395102393,0.,2.094395102393,4.188790204786,6.28318530718,
8.377580409573),.UNSPECIFIED.) CURVE() GEOMETRIC_REPRESENTATION_ITEM() 
RATIONAL_B_SPLINE_CURVE((1.,0.5,1.,0.5,1.,0.5,1.)) REPRESENTATION_ITEM(
  '') );
#587 = CARTESIAN_POINT('',(381.325,426.1));
#588 = CARTESIAN_POINT('',(381.325,423.93493649053));
#589 = CARTESIAN_POINT('',(379.45,425.01746824526));
#590 = CARTESIAN_POINT('',(377.575,426.1));
#591 = CARTESIAN_POINT('',(379.45,427.18253175473));
#592 = CARTESIAN_POINT('',(381.325,428.26506350946));
#593 = CARTESIAN_POINT('',(381.325,426.1));
#594 = ( GEOMETRIC_REPRESENTATION_CONTEXT(2) 
PARAMETRIC_REPRESENTATION_CONTEXT() REPRESENTATION_CONTEXT('2D SPACE',''
  ) );
#595 = PCURVE('',#596,#601);
#596 = CYLINDRICAL_SURFACE('',#597,1.25);
#597 = AXIS2_PLACEMENT_3D('',#598,#599,#600);
#598 = CARTESIAN_POINT('',(-19.925,26.1,6.6));
#599 = DIRECTION('',(-0.,-0.,-1.));
#600 = DIRECTION('',(1.,0.,0.));
#601 = DEFINITIONAL_REPRESENTATION('',(#602),#606);
#602 = LINE('',#603,#604);
#603 = CARTESIAN_POINT('',(-6.28318530718,-0.5));
#604 = VECTOR('',#605,1.);
#605 = DIRECTION('',(1.,-0.));
#606 = ( GEOMETRIC_REPRESENTATION_CONTEXT(2) 
PARAMETRIC_REPRESENTATION_CONTEXT() REPRESENTATION_CONTEXT('2D SPACE',''
  ) );
#607 = ADVANCED_FACE('',(#608),#122,.T.);
#608 = FACE_BOUND('',#609,.T.);
#609 = EDGE_LOOP('',(#610,#611,#612,#633,#662,#690));
#610 = ORIENTED_EDGE('',*,*,#108,.F.);
#611 = ORIENTED_EDGE('',*,*,#243,.T.);
#612 = ORIENTED_EDGE('',*,*,#613,.T.);
#613 = EDGE_CURVE('',#244,#614,#616,.T.);
#614 = VERTEX_POINT('',#615);
#615 = CARTESIAN_POINT('',(-16.825,0.34196010845,19.85));
#616 = SURFACE_CURVE('',#617,(#621,#627),.PCURVE_S1.);
#617 = LINE('',#618,#619);
#618 = CARTESIAN_POINT('',(-16.825,0.34196010845,0.));
#619 = VECTOR('',#620,1.);
#620 = DIRECTION('',(0.,0.,1.));
#621 = PCURVE('',#122,#622);
#622 = DEFINITIONAL_REPRESENTATION('',(#623),#626);
#623 = B_SPLINE_CURVE_WITH_KNOTS('',1,(#624,#625),.UNSPECIFIED.,.F.,.F.,
  (2,2),(7.0999994,21.125),.PIECEWISE_BEZIER_KNOTS.);
#624 = CARTESIAN_POINT('',(1.403348247575,7.0999994));
#625 = CARTESIAN_POINT('',(1.403348247575,21.125));
#626 = ( GEOMETRIC_REPRESENTATION_CONTEXT(2) 
PARAMETRIC_REPRESENTATION_CONTEXT() REPRESENTATION_CONTEXT('2D SPACE',''
  ) );
#627 = PCURVE('',#283,#628);
#628 = DEFINITIONAL_REPRESENTATION('',(#629),#632);
#629 = B_SPLINE_CURVE_WITH_KNOTS('',1,(#630,#631),.UNSPECIFIED.,.F.,.F.,
  (2,2),(7.0999994,21.125),.PIECEWISE_BEZIER_KNOTS.);
#630 = CARTESIAN_POINT('',(-5.999999999062E-07,-1.04196010845));
#631 = CARTESIAN_POINT('',(14.025,-1.04196010845));
#632 = ( GEOMETRIC_REPRESENTATION_CONTEXT(2) 
PARAMETRIC_REPRESENTATION_CONTEXT() REPRESENTATION_CONTEXT('2D SPACE',''
  ) );
#633 = ORIENTED_EDGE('',*,*,#634,.T.);
#634 = EDGE_CURVE('',#614,#635,#637,.T.);
#635 = VERTEX_POINT('',#636);
#636 = CARTESIAN_POINT('',(-16.325,0.3,19.85));
#637 = SURFACE_CURVE('',#638,(#643,#650),.PCURVE_S1.);
#638 = CIRCLE('',#639,3.);
#639 = AXIS2_PLACEMENT_3D('',#640,#641,#642);
#640 = CARTESIAN_POINT('',(-16.325,3.3,19.85));
#641 = DIRECTION('',(0.,0.,1.));
#642 = DIRECTION('',(-1.,-0.,0.));
#643 = PCURVE('',#122,#644);
#644 = DEFINITIONAL_REPRESENTATION('',(#645),#649);
#645 = LINE('',#646,#647);
#646 = CARTESIAN_POINT('',(0.,19.85));
#647 = VECTOR('',#648,1.);
#648 = DIRECTION('',(1.,0.));
#649 = ( GEOMETRIC_REPRESENTATION_CONTEXT(2) 
PARAMETRIC_REPRESENTATION_CONTEXT() REPRESENTATION_CONTEXT('2D SPACE',''
  ) );
#650 = PCURVE('',#651,#656);
#651 = PLANE('',#652);
#652 = AXIS2_PLACEMENT_3D('',#653,#654,#655);
#653 = CARTESIAN_POINT('',(-16.825,-0.7,19.85));
#654 = DIRECTION('',(0.,0.,1.));
#655 = DIRECTION('',(1.,0.,0.));
#656 = DEFINITIONAL_REPRESENTATION('',(#657),#661);
#657 = CIRCLE('',#658,3.);
#658 = AXIS2_PLACEMENT_2D('',#659,#660);
#659 = CARTESIAN_POINT('',(0.5,4.));
#660 = DIRECTION('',(-1.,0.));
#661 = ( GEOMETRIC_REPRESENTATION_CONTEXT(2) 
PARAMETRIC_REPRESENTATION_CONTEXT() REPRESENTATION_CONTEXT('2D SPACE',''
  ) );
#662 = ORIENTED_EDGE('',*,*,#663,.T.);
#663 = EDGE_CURVE('',#635,#664,#666,.T.);
#664 = VERTEX_POINT('',#665);
#665 = CARTESIAN_POINT('',(-16.325,0.3,23.5));
#666 = SURFACE_CURVE('',#667,(#671,#678),.PCURVE_S1.);
#667 = LINE('',#668,#669);
#668 = CARTESIAN_POINT('',(-16.325,0.3,0.));
#669 = VECTOR('',#670,1.);
#670 = DIRECTION('',(0.,0.,1.));
#671 = PCURVE('',#122,#672);
#672 = DEFINITIONAL_REPRESENTATION('',(#673),#677);
#673 = LINE('',#674,#675);
#674 = CARTESIAN_POINT('',(1.570796326795,0.));
#675 = VECTOR('',#676,1.);
#676 = DIRECTION('',(0.,1.));
#677 = ( GEOMETRIC_REPRESENTATION_CONTEXT(2) 
PARAMETRIC_REPRESENTATION_CONTEXT() REPRESENTATION_CONTEXT('2D SPACE',''
  ) );
#678 = PCURVE('',#679,#684);
#679 = PLANE('',#680);
#680 = AXIS2_PLACEMENT_3D('',#681,#682,#683);
#681 = CARTESIAN_POINT('',(-19.325,0.3,0.));
#682 = DIRECTION('',(0.,1.,0.));
#683 = DIRECTION('',(0.,0.,1.));
#684 = DEFINITIONAL_REPRESENTATION('',(#685),#689);
#685 = LINE('',#686,#687);
#686 = CARTESIAN_POINT('',(0.,3.));
#687 = VECTOR('',#688,1.);
#688 = DIRECTION('',(1.,0.));
#689 = ( GEOMETRIC_REPRESENTATION_CONTEXT(2) 
PARAMETRIC_REPRESENTATION_CONTEXT() REPRESENTATION_CONTEXT('2D SPACE',''
  ) );
#690 = ORIENTED_EDGE('',*,*,#691,.T.);
#691 = EDGE_CURVE('',#664,#81,#692,.T.);
#692 = SURFACE_CURVE('',#693,(#698,#705),.PCURVE_S1.);
#693 = CIRCLE('',#694,3.);
#694 = AXIS2_PLACEMENT_3D('',#695,#696,#697);
#695 = CARTESIAN_POINT('',(-16.325,3.3,23.5));
#696 = DIRECTION('',(-0.,-0.,-1.));
#697 = DIRECTION('',(0.,-1.,0.));
#698 = PCURVE('',#122,#699);
#699 = DEFINITIONAL_REPRESENTATION('',(#700),#704);
#700 = LINE('',#701,#702);
#701 = CARTESIAN_POINT('',(1.570796326795,23.5));
#702 = VECTOR('',#703,1.);
#703 = DIRECTION('',(-1.,-0.));
#704 = ( GEOMETRIC_REPRESENTATION_CONTEXT(2) 
PARAMETRIC_REPRESENTATION_CONTEXT() REPRESENTATION_CONTEXT('2D SPACE',''
  ) );
#705 = PCURVE('',#706,#711);
#706 = CONICAL_SURFACE('',#707,3.,0.785398163397);
#707 = AXIS2_PLACEMENT_3D('',#708,#709,#710);
#708 = CARTESIAN_POINT('',(-16.325,3.3,23.5));
#709 = DIRECTION('',(-0.,-0.,-1.));
#710 = DIRECTION('',(0.,-1.,0.));
#711 = DEFINITIONAL_REPRESENTATION('',(#712),#716);
#712 = LINE('',#713,#714);
#713 = CARTESIAN_POINT('',(0.,-0.));
#714 = VECTOR('',#715,1.);
#715 = DIRECTION('',(1.,-0.));
#716 = ( GEOMETRIC_REPRESENTATION_CONTEXT(2) 
PARAMETRIC_REPRESENTATION_CONTEXT() REPRESENTATION_CONTEXT('2D SPACE',''
  ) );
#717 = ADVANCED_FACE('',(#718),#96,.F.);
#718 = FACE_BOUND('',#719,.F.);
#719 = EDGE_LOOP('',(#720,#741,#742,#770));
#720 = ORIENTED_EDGE('',*,*,#721,.F.);
#721 = EDGE_CURVE('',#81,#722,#724,.T.);
#722 = VERTEX_POINT('',#723);
#723 = CARTESIAN_POINT('',(-18.325,3.3,24.5));
#724 = SURFACE_CURVE('',#725,(#729,#735),.PCURVE_S1.);
#725 = LINE('',#726,#727);
#726 = CARTESIAN_POINT('',(-19.325,3.3,23.5));
#727 = VECTOR('',#728,1.);
#728 = DIRECTION('',(0.707106781187,4.329780281177E-17,0.707106781187));
#729 = PCURVE('',#96,#730);
#730 = DEFINITIONAL_REPRESENTATION('',(#731),#734);
#731 = B_SPLINE_CURVE_WITH_KNOTS('',1,(#732,#733),.UNSPECIFIED.,.F.,.F.,
  (2,2),(0.,1.414213562373),.PIECEWISE_BEZIER_KNOTS.);
#732 = CARTESIAN_POINT('',(0.,-0.707106781187));
#733 = CARTESIAN_POINT('',(0.,0.707106781187));
#734 = ( GEOMETRIC_REPRESENTATION_CONTEXT(2) 
PARAMETRIC_REPRESENTATION_CONTEXT() REPRESENTATION_CONTEXT('2D SPACE',''
  ) );
#735 = PCURVE('',#706,#736);
#736 = DEFINITIONAL_REPRESENTATION('',(#737),#740);
#737 = B_SPLINE_CURVE_WITH_KNOTS('',1,(#738,#739),.UNSPECIFIED.,.F.,.F.,
  (2,2),(0.,1.414213562373),.PIECEWISE_BEZIER_KNOTS.);
#738 = CARTESIAN_POINT('',(1.570796326795,0.));
#739 = CARTESIAN_POINT('',(1.570796326795,-1.));
#740 = ( GEOMETRIC_REPRESENTATION_CONTEXT(2) 
PARAMETRIC_REPRESENTATION_CONTEXT() REPRESENTATION_CONTEXT('2D SPACE',''
  ) );
#741 = ORIENTED_EDGE('',*,*,#80,.T.);
#742 = ORIENTED_EDGE('',*,*,#743,.T.);
#743 = EDGE_CURVE('',#55,#744,#746,.T.);
#744 = VERTEX_POINT('',#745);
#745 = CARTESIAN_POINT('',(-18.325,14.5,24.5));
#746 = SURFACE_CURVE('',#747,(#751,#758),.PCURVE_S1.);
#747 = LINE('',#748,#749);
#748 = CARTESIAN_POINT('',(-20.69166666666,12.133333333333,
    22.133333333333));
#749 = VECTOR('',#750,1.);
#750 = DIRECTION('',(0.57735026919,0.57735026919,0.57735026919));
#751 = PCURVE('',#96,#752);
#752 = DEFINITIONAL_REPRESENTATION('',(#753),#757);
#753 = LINE('',#754,#755);
#754 = CARTESIAN_POINT('',(8.833333333333,-2.63986531643));
#755 = VECTOR('',#756,1.);
#756 = DIRECTION('',(0.57735026919,0.816496580928));
#757 = ( GEOMETRIC_REPRESENTATION_CONTEXT(2) 
PARAMETRIC_REPRESENTATION_CONTEXT() REPRESENTATION_CONTEXT('2D SPACE',''
  ) );
#758 = PCURVE('',#759,#764);
#759 = PLANE('',#760);
#760 = AXIS2_PLACEMENT_3D('',#761,#762,#763);
#761 = CARTESIAN_POINT('',(-19.325,14.,24.));
#762 = DIRECTION('',(-5.911709633991E-18,0.707106781187,-0.707106781187)
  );
#763 = DIRECTION('',(1.,4.180209970601E-18,-4.180209970601E-18));
#764 = DEFINITIONAL_REPRESENTATION('',(#765),#769);
#765 = LINE('',#766,#767);
#766 = CARTESIAN_POINT('',(-1.366666666667,2.63986531643));
#767 = VECTOR('',#768,1.);
#768 = DIRECTION('',(0.57735026919,-0.816496580928));
#769 = ( GEOMETRIC_REPRESENTATION_CONTEXT(2) 
PARAMETRIC_REPRESENTATION_CONTEXT() REPRESENTATION_CONTEXT('2D SPACE',''
  ) );
#770 = ORIENTED_EDGE('',*,*,#771,.F.);
#771 = EDGE_CURVE('',#722,#744,#772,.T.);
#772 = SURFACE_CURVE('',#773,(#777,#784),.PCURVE_S1.);
#773 = LINE('',#774,#775);
#774 = CARTESIAN_POINT('',(-18.325,3.3,24.5));
#775 = VECTOR('',#776,1.);
#776 = DIRECTION('',(0.,1.,0.));
#777 = PCURVE('',#96,#778);
#778 = DEFINITIONAL_REPRESENTATION('',(#779),#783);
#779 = LINE('',#780,#781);
#780 = CARTESIAN_POINT('',(0.,0.707106781187));
#781 = VECTOR('',#782,1.);
#782 = DIRECTION('',(1.,0.));
#783 = ( GEOMETRIC_REPRESENTATION_CONTEXT(2) 
PARAMETRIC_REPRESENTATION_CONTEXT() REPRESENTATION_CONTEXT('2D SPACE',''
  ) );
#784 = PCURVE('',#785,#790);
#785 = PLANE('',#786);
#786 = AXIS2_PLACEMENT_3D('',#787,#788,#789);
#787 = CARTESIAN_POINT('',(-19.325,0.3,24.5));
#788 = DIRECTION('',(0.,0.,1.));
#789 = DIRECTION('',(1.,0.,0.));
#790 = DEFINITIONAL_REPRESENTATION('',(#791),#795);
#791 = LINE('',#792,#793);
#792 = CARTESIAN_POINT('',(1.,3.));
#793 = VECTOR('',#794,1.);
#794 = DIRECTION('',(0.,1.));
#795 = ( GEOMETRIC_REPRESENTATION_CONTEXT(2) 
PARAMETRIC_REPRESENTATION_CONTEXT() REPRESENTATION_CONTEXT('2D SPACE',''
  ) );
#796 = ADVANCED_FACE('',(#797),#69,.F.);
#797 = FACE_BOUND('',#798,.F.);
#798 = EDGE_LOOP('',(#799,#800,#801,#824));
#799 = ORIENTED_EDGE('',*,*,#54,.F.);
#800 = ORIENTED_EDGE('',*,*,#223,.F.);
#801 = ORIENTED_EDGE('',*,*,#802,.T.);
#802 = EDGE_CURVE('',#195,#803,#805,.T.);
#803 = VERTEX_POINT('',#804);
#804 = CARTESIAN_POINT('',(-21.525,13.5,23.5));
#805 = SURFACE_CURVE('',#806,(#810,#817),.PCURVE_S1.);
#806 = LINE('',#807,#808);
#807 = CARTESIAN_POINT('',(-21.525,13.5,0.));
#808 = VECTOR('',#809,1.);
#809 = DIRECTION('',(0.,0.,1.));
#810 = PCURVE('',#69,#811);
#811 = DEFINITIONAL_REPRESENTATION('',(#812),#816);
#812 = LINE('',#813,#814);
#813 = CARTESIAN_POINT('',(0.,2.));
#814 = VECTOR('',#815,1.);
#815 = DIRECTION('',(1.,0.));
#816 = ( GEOMETRIC_REPRESENTATION_CONTEXT(2) 
PARAMETRIC_REPRESENTATION_CONTEXT() REPRESENTATION_CONTEXT('2D SPACE',''
  ) );
#817 = PCURVE('',#211,#818);
#818 = DEFINITIONAL_REPRESENTATION('',(#819),#823);
#819 = LINE('',#820,#821);
#820 = CARTESIAN_POINT('',(1.570796326795,0.));
#821 = VECTOR('',#822,1.);
#822 = DIRECTION('',(0.,1.));
#823 = ( GEOMETRIC_REPRESENTATION_CONTEXT(2) 
PARAMETRIC_REPRESENTATION_CONTEXT() REPRESENTATION_CONTEXT('2D SPACE',''
  ) );
#824 = ORIENTED_EDGE('',*,*,#825,.F.);
#825 = EDGE_CURVE('',#55,#803,#826,.T.);
#826 = SURFACE_CURVE('',#827,(#831,#838),.PCURVE_S1.);
#827 = LINE('',#828,#829);
#828 = CARTESIAN_POINT('',(-19.325,13.5,23.5));
#829 = VECTOR('',#830,1.);
#830 = DIRECTION('',(-1.,-0.,-0.));
#831 = PCURVE('',#69,#832);
#832 = DEFINITIONAL_REPRESENTATION('',(#833),#837);
#833 = LINE('',#834,#835);
#834 = CARTESIAN_POINT('',(23.5,4.2));
#835 = VECTOR('',#836,1.);
#836 = DIRECTION('',(-0.,-1.));
#837 = ( GEOMETRIC_REPRESENTATION_CONTEXT(2) 
PARAMETRIC_REPRESENTATION_CONTEXT() REPRESENTATION_CONTEXT('2D SPACE',''
  ) );
#838 = PCURVE('',#759,#839);
#839 = DEFINITIONAL_REPRESENTATION('',(#840),#844);
#840 = LINE('',#841,#842);
#841 = CARTESIAN_POINT('',(-0.,0.707106781187));
#842 = VECTOR('',#843,1.);
#843 = DIRECTION('',(-1.,0.));
#844 = ( GEOMETRIC_REPRESENTATION_CONTEXT(2) 
PARAMETRIC_REPRESENTATION_CONTEXT() REPRESENTATION_CONTEXT('2D SPACE',''
  ) );
#845 = ADVANCED_FACE('',(#846),#156,.T.);
#846 = FACE_BOUND('',#847,.F.);
#847 = EDGE_LOOP('',(#848,#871,#872,#895));
#848 = ORIENTED_EDGE('',*,*,#849,.F.);
#849 = EDGE_CURVE('',#140,#850,#852,.T.);
#850 = VERTEX_POINT('',#851);
#851 = CARTESIAN_POINT('',(-23.525,27.7,23.5));
#852 = SURFACE_CURVE('',#853,(#857,#864),.PCURVE_S1.);
#853 = LINE('',#854,#855);
#854 = CARTESIAN_POINT('',(-23.525,27.7,0.));
#855 = VECTOR('',#856,1.);
#856 = DIRECTION('',(0.,0.,1.));
#857 = PCURVE('',#156,#858);
#858 = DEFINITIONAL_REPRESENTATION('',(#859),#863);
#859 = LINE('',#860,#861);
#860 = CARTESIAN_POINT('',(-0.,0.));
#861 = VECTOR('',#862,1.);
#862 = DIRECTION('',(-0.,1.));
#863 = ( GEOMETRIC_REPRESENTATION_CONTEXT(2) 
PARAMETRIC_REPRESENTATION_CONTEXT() REPRESENTATION_CONTEXT('2D SPACE',''
  ) );
#864 = PCURVE('',#183,#865);
#865 = DEFINITIONAL_REPRESENTATION('',(#866),#870);
#866 = LINE('',#867,#868);
#867 = CARTESIAN_POINT('',(0.,-14.2));
#868 = VECTOR('',#869,1.);
#869 = DIRECTION('',(1.,0.));
#870 = ( GEOMETRIC_REPRESENTATION_CONTEXT(2) 
PARAMETRIC_REPRESENTATION_CONTEXT() REPRESENTATION_CONTEXT('2D SPACE',''
  ) );
#871 = ORIENTED_EDGE('',*,*,#137,.F.);
#872 = ORIENTED_EDGE('',*,*,#873,.T.);
#873 = EDGE_CURVE('',#138,#874,#876,.T.);
#874 = VERTEX_POINT('',#875);
#875 = CARTESIAN_POINT('',(-21.525,29.7,23.5));
#876 = SURFACE_CURVE('',#877,(#881,#888),.PCURVE_S1.);
#877 = LINE('',#878,#879);
#878 = CARTESIAN_POINT('',(-21.525,29.7,0.));
#879 = VECTOR('',#880,1.);
#880 = DIRECTION('',(0.,0.,1.));
#881 = PCURVE('',#156,#882);
#882 = DEFINITIONAL_REPRESENTATION('',(#883),#887);
#883 = LINE('',#884,#885);
#884 = CARTESIAN_POINT('',(-1.570796326795,0.));
#885 = VECTOR('',#886,1.);
#886 = DIRECTION('',(-0.,1.));
#887 = ( GEOMETRIC_REPRESENTATION_CONTEXT(2) 
PARAMETRIC_REPRESENTATION_CONTEXT() REPRESENTATION_CONTEXT('2D SPACE',''
  ) );
#888 = PCURVE('',#527,#889);
#889 = DEFINITIONAL_REPRESENTATION('',(#890),#894);
#890 = LINE('',#891,#892);
#891 = CARTESIAN_POINT('',(0.,2.));
#892 = VECTOR('',#893,1.);
#893 = DIRECTION('',(1.,0.));
#894 = ( GEOMETRIC_REPRESENTATION_CONTEXT(2) 
PARAMETRIC_REPRESENTATION_CONTEXT() REPRESENTATION_CONTEXT('2D SPACE',''
  ) );
#895 = ORIENTED_EDGE('',*,*,#896,.F.);
#896 = EDGE_CURVE('',#850,#874,#897,.T.);
#897 = SURFACE_CURVE('',#898,(#903,#910),.PCURVE_S1.);
#898 = CIRCLE('',#899,2.);
#899 = AXIS2_PLACEMENT_3D('',#900,#901,#902);
#900 = CARTESIAN_POINT('',(-21.525,27.7,23.5));
#901 = DIRECTION('',(-0.,0.,-1.));
#902 = DIRECTION('',(-1.,0.,0.));
#903 = PCURVE('',#156,#904);
#904 = DEFINITIONAL_REPRESENTATION('',(#905),#909);
#905 = LINE('',#906,#907);
#906 = CARTESIAN_POINT('',(-0.,23.5));
#907 = VECTOR('',#908,1.);
#908 = DIRECTION('',(-1.,0.));
#909 = ( GEOMETRIC_REPRESENTATION_CONTEXT(2) 
PARAMETRIC_REPRESENTATION_CONTEXT() REPRESENTATION_CONTEXT('2D SPACE',''
  ) );
#910 = PCURVE('',#911,#916);
#911 = CONICAL_SURFACE('',#912,2.,0.785398163397);
#912 = AXIS2_PLACEMENT_3D('',#913,#914,#915);
#913 = CARTESIAN_POINT('',(-21.525,27.7,23.5));
#914 = DIRECTION('',(-0.,-0.,-1.));
#915 = DIRECTION('',(-1.,0.,0.));
#916 = DEFINITIONAL_REPRESENTATION('',(#917),#921);
#917 = LINE('',#918,#919);
#918 = CARTESIAN_POINT('',(0.,0.));
#919 = VECTOR('',#920,1.);
#920 = DIRECTION('',(1.,0.));
#921 = ( GEOMETRIC_REPRESENTATION_CONTEXT(2) 
PARAMETRIC_REPRESENTATION_CONTEXT() REPRESENTATION_CONTEXT('2D SPACE',''
  ) );
#922 = ADVANCED_FACE('',(#923),#527,.T.);
#923 = FACE_BOUND('',#924,.T.);
#924 = EDGE_LOOP('',(#925,#946,#947,#948));
#925 = ORIENTED_EDGE('',*,*,#926,.F.);
#926 = EDGE_CURVE('',#489,#927,#929,.T.);
#927 = VERTEX_POINT('',#928);
#928 = CARTESIAN_POINT('',(-19.325,29.7,23.5));
#929 = SURFACE_CURVE('',#930,(#934,#940),.PCURVE_S1.);
#930 = LINE('',#931,#932);
#931 = CARTESIAN_POINT('',(-19.325,29.7,0.));
#932 = VECTOR('',#933,1.);
#933 = DIRECTION('',(0.,0.,1.));
#934 = PCURVE('',#527,#935);
#935 = DEFINITIONAL_REPRESENTATION('',(#936),#939);
#936 = B_SPLINE_CURVE_WITH_KNOTS('',1,(#937,#938),.UNSPECIFIED.,.F.,.F.,
  (2,2),(0.,24.5),.PIECEWISE_BEZIER_KNOTS.);
#937 = CARTESIAN_POINT('',(0.,4.2));
#938 = CARTESIAN_POINT('',(24.5,4.2));
#939 = ( GEOMETRIC_REPRESENTATION_CONTEXT(2) 
PARAMETRIC_REPRESENTATION_CONTEXT() REPRESENTATION_CONTEXT('2D SPACE',''
  ) );
#940 = PCURVE('',#503,#941);
#941 = DEFINITIONAL_REPRESENTATION('',(#942),#945);
#942 = B_SPLINE_CURVE_WITH_KNOTS('',1,(#943,#944),.UNSPECIFIED.,.F.,.F.,
  (2,2),(0.,24.5),.PIECEWISE_BEZIER_KNOTS.);
#943 = CARTESIAN_POINT('',(0.,-29.4));
#944 = CARTESIAN_POINT('',(24.5,-29.4));
#945 = ( GEOMETRIC_REPRESENTATION_CONTEXT(2) 
PARAMETRIC_REPRESENTATION_CONTEXT() REPRESENTATION_CONTEXT('2D SPACE',''
  ) );
#946 = ORIENTED_EDGE('',*,*,#514,.F.);
#947 = ORIENTED_EDGE('',*,*,#873,.T.);
#948 = ORIENTED_EDGE('',*,*,#949,.T.);
#949 = EDGE_CURVE('',#874,#927,#950,.T.);
#950 = SURFACE_CURVE('',#951,(#955,#962),.PCURVE_S1.);
#951 = LINE('',#952,#953);
#952 = CARTESIAN_POINT('',(-21.525,29.7,23.5));
#953 = VECTOR('',#954,1.);
#954 = DIRECTION('',(1.,0.,0.));
#955 = PCURVE('',#527,#956);
#956 = DEFINITIONAL_REPRESENTATION('',(#957),#961);
#957 = LINE('',#958,#959);
#958 = CARTESIAN_POINT('',(23.5,2.));
#959 = VECTOR('',#960,1.);
#960 = DIRECTION('',(0.,1.));
#961 = ( GEOMETRIC_REPRESENTATION_CONTEXT(2) 
PARAMETRIC_REPRESENTATION_CONTEXT() REPRESENTATION_CONTEXT('2D SPACE',''
  ) );
#962 = PCURVE('',#963,#968);
#963 = PLANE('',#964);
#964 = AXIS2_PLACEMENT_3D('',#965,#966,#967);
#965 = CARTESIAN_POINT('',(-21.525,29.2,24.));
#966 = DIRECTION('',(5.911709633991E-18,0.707106781187,0.707106781187));
#967 = DIRECTION('',(1.,-4.180209970601E-18,-4.180209970601E-18));
#968 = DEFINITIONAL_REPRESENTATION('',(#969),#973);
#969 = LINE('',#970,#971);
#970 = CARTESIAN_POINT('',(0.,0.707106781187));
#971 = VECTOR('',#972,1.);
#972 = DIRECTION('',(1.,0.));
#973 = ( GEOMETRIC_REPRESENTATION_CONTEXT(2) 
PARAMETRIC_REPRESENTATION_CONTEXT() REPRESENTATION_CONTEXT('2D SPACE',''
  ) );
#974 = ADVANCED_FACE('',(#975),#503,.F.);
#975 = FACE_BOUND('',#976,.F.);
#976 = EDGE_LOOP('',(#977,#978,#1001,#1027));
#977 = ORIENTED_EDGE('',*,*,#488,.F.);
#978 = ORIENTED_EDGE('',*,*,#979,.T.);
#979 = EDGE_CURVE('',#460,#980,#982,.T.);
#980 = VERTEX_POINT('',#981);
#981 = CARTESIAN_POINT('',(-19.325,41.79,23.5));
#982 = SURFACE_CURVE('',#983,(#987,#994),.PCURVE_S1.);
#983 = LINE('',#984,#985);
#984 = CARTESIAN_POINT('',(-19.325,41.79,0.));
#985 = VECTOR('',#986,1.);
#986 = DIRECTION('',(0.,0.,1.));
#987 = PCURVE('',#503,#988);
#988 = DEFINITIONAL_REPRESENTATION('',(#989),#993);
#989 = LINE('',#990,#991);
#990 = CARTESIAN_POINT('',(0.,-41.49));
#991 = VECTOR('',#992,1.);
#992 = DIRECTION('',(1.,0.));
#993 = ( GEOMETRIC_REPRESENTATION_CONTEXT(2) 
PARAMETRIC_REPRESENTATION_CONTEXT() REPRESENTATION_CONTEXT('2D SPACE',''
  ) );
#994 = PCURVE('',#476,#995);
#995 = DEFINITIONAL_REPRESENTATION('',(#996),#1000);
#996 = LINE('',#997,#998);
#997 = CARTESIAN_POINT('',(-0.,0.));
#998 = VECTOR('',#999,1.);
#999 = DIRECTION('',(-0.,1.));
#1000 = ( GEOMETRIC_REPRESENTATION_CONTEXT(2) 
PARAMETRIC_REPRESENTATION_CONTEXT() REPRESENTATION_CONTEXT('2D SPACE',''
  ) );
#1001 = ORIENTED_EDGE('',*,*,#1002,.T.);
#1002 = EDGE_CURVE('',#980,#927,#1003,.T.);
#1003 = SURFACE_CURVE('',#1004,(#1008,#1015),.PCURVE_S1.);
#1004 = LINE('',#1005,#1006);
#1005 = CARTESIAN_POINT('',(-19.325,41.79,23.5));
#1006 = VECTOR('',#1007,1.);
#1007 = DIRECTION('',(-0.,-1.,-0.));
#1008 = PCURVE('',#503,#1009);
#1009 = DEFINITIONAL_REPRESENTATION('',(#1010),#1014);
#1010 = LINE('',#1011,#1012);
#1011 = CARTESIAN_POINT('',(23.5,-41.49));
#1012 = VECTOR('',#1013,1.);
#1013 = DIRECTION('',(-0.,1.));
#1014 = ( GEOMETRIC_REPRESENTATION_CONTEXT(2) 
PARAMETRIC_REPRESENTATION_CONTEXT() REPRESENTATION_CONTEXT('2D SPACE',''
  ) );
#1015 = PCURVE('',#1016,#1021);
#1016 = PLANE('',#1017);
#1017 = AXIS2_PLACEMENT_3D('',#1018,#1019,#1020);
#1018 = CARTESIAN_POINT('',(-18.825,41.79,24.));
#1019 = DIRECTION('',(0.707106781187,-5.911709633991E-18,-0.707106781187
    ));
#1020 = DIRECTION('',(-4.180209970601E-18,-1.,4.180209970601E-18));
#1021 = DEFINITIONAL_REPRESENTATION('',(#1022),#1026);
#1022 = LINE('',#1023,#1024);
#1023 = CARTESIAN_POINT('',(0.,0.707106781187));
#1024 = VECTOR('',#1025,1.);
#1025 = DIRECTION('',(1.,0.));
#1026 = ( GEOMETRIC_REPRESENTATION_CONTEXT(2) 
PARAMETRIC_REPRESENTATION_CONTEXT() REPRESENTATION_CONTEXT('2D SPACE',''
  ) );
#1027 = ORIENTED_EDGE('',*,*,#926,.F.);
#1028 = ADVANCED_FACE('',(#1029),#476,.T.);
#1029 = FACE_BOUND('',#1030,.F.);
#1030 = EDGE_LOOP('',(#1031,#1032,#1033,#1056));
#1031 = ORIENTED_EDGE('',*,*,#979,.F.);
#1032 = ORIENTED_EDGE('',*,*,#459,.F.);
#1033 = ORIENTED_EDGE('',*,*,#1034,.T.);
#1034 = EDGE_CURVE('',#434,#1035,#1037,.T.);
#1035 = VERTEX_POINT('',#1036);
#1036 = CARTESIAN_POINT('',(-16.325,44.79,23.5));
#1037 = SURFACE_CURVE('',#1038,(#1042,#1049),.PCURVE_S1.);
#1038 = LINE('',#1039,#1040);
#1039 = CARTESIAN_POINT('',(-16.325,44.79,0.));
#1040 = VECTOR('',#1041,1.);
#1041 = DIRECTION('',(0.,0.,1.));
#1042 = PCURVE('',#476,#1043);
#1043 = DEFINITIONAL_REPRESENTATION('',(#1044),#1048);
#1044 = LINE('',#1045,#1046);
#1045 = CARTESIAN_POINT('',(-1.570796326795,0.));
#1046 = VECTOR('',#1047,1.);
#1047 = DIRECTION('',(-0.,1.));
#1048 = ( GEOMETRIC_REPRESENTATION_CONTEXT(2) 
PARAMETRIC_REPRESENTATION_CONTEXT() REPRESENTATION_CONTEXT('2D SPACE',''
  ) );
#1049 = PCURVE('',#448,#1050);
#1050 = DEFINITIONAL_REPRESENTATION('',(#1051),#1055);
#1051 = LINE('',#1052,#1053);
#1052 = CARTESIAN_POINT('',(0.,3.));
#1053 = VECTOR('',#1054,1.);
#1054 = DIRECTION('',(1.,0.));
#1055 = ( GEOMETRIC_REPRESENTATION_CONTEXT(2) 
PARAMETRIC_REPRESENTATION_CONTEXT() REPRESENTATION_CONTEXT('2D SPACE',''
  ) );
#1056 = ORIENTED_EDGE('',*,*,#1057,.T.);
#1057 = EDGE_CURVE('',#1035,#980,#1058,.T.);
#1058 = SURFACE_CURVE('',#1059,(#1064,#1071),.PCURVE_S1.);
#1059 = CIRCLE('',#1060,3.);
#1060 = AXIS2_PLACEMENT_3D('',#1061,#1062,#1063);
#1061 = CARTESIAN_POINT('',(-16.325,41.79,23.5));
#1062 = DIRECTION('',(0.,0.,1.));
#1063 = DIRECTION('',(0.,1.,-0.));
#1064 = PCURVE('',#476,#1065);
#1065 = DEFINITIONAL_REPRESENTATION('',(#1066),#1070);
#1066 = LINE('',#1067,#1068);
#1067 = CARTESIAN_POINT('',(-1.570796326795,23.5));
#1068 = VECTOR('',#1069,1.);
#1069 = DIRECTION('',(1.,-0.));
#1070 = ( GEOMETRIC_REPRESENTATION_CONTEXT(2) 
PARAMETRIC_REPRESENTATION_CONTEXT() REPRESENTATION_CONTEXT('2D SPACE',''
  ) );
#1071 = PCURVE('',#1072,#1077);
#1072 = CONICAL_SURFACE('',#1073,3.,0.785398163397);
#1073 = AXIS2_PLACEMENT_3D('',#1074,#1075,#1076);
#1074 = CARTESIAN_POINT('',(-16.325,41.79,23.5));
#1075 = DIRECTION('',(-0.,-0.,-1.));
#1076 = DIRECTION('',(0.,1.,-0.));
#1077 = DEFINITIONAL_REPRESENTATION('',(#1078),#1082);
#1078 = LINE('',#1079,#1080);
#1079 = CARTESIAN_POINT('',(-0.,0.));
#1080 = VECTOR('',#1081,1.);
#1081 = DIRECTION('',(-1.,0.));
#1082 = ( GEOMETRIC_REPRESENTATION_CONTEXT(2) 
PARAMETRIC_REPRESENTATION_CONTEXT() REPRESENTATION_CONTEXT('2D SPACE',''
  ) );
#1083 = ADVANCED_FACE('',(#1084),#448,.T.);
#1084 = FACE_BOUND('',#1085,.T.);
#1085 = EDGE_LOOP('',(#1086,#1087,#1088,#1116,#1144,#1170,#1196,#1222));
#1086 = ORIENTED_EDGE('',*,*,#433,.F.);
#1087 = ORIENTED_EDGE('',*,*,#1034,.T.);
#1088 = ORIENTED_EDGE('',*,*,#1089,.F.);
#1089 = EDGE_CURVE('',#1090,#1035,#1092,.T.);
#1090 = VERTEX_POINT('',#1091);
#1091 = CARTESIAN_POINT('',(16.325,44.79,23.5));
#1092 = SURFACE_CURVE('',#1093,(#1097,#1104),.PCURVE_S1.);
#1093 = LINE('',#1094,#1095);
#1094 = CARTESIAN_POINT('',(16.325,44.79,23.5));
#1095 = VECTOR('',#1096,1.);
#1096 = DIRECTION('',(-1.,-0.,-0.));
#1097 = PCURVE('',#448,#1098);
#1098 = DEFINITIONAL_REPRESENTATION('',(#1099),#1103);
#1099 = LINE('',#1100,#1101);
#1100 = CARTESIAN_POINT('',(23.5,35.65));
#1101 = VECTOR('',#1102,1.);
#1102 = DIRECTION('',(-0.,-1.));
#1103 = ( GEOMETRIC_REPRESENTATION_CONTEXT(2) 
PARAMETRIC_REPRESENTATION_CONTEXT() REPRESENTATION_CONTEXT('2D SPACE',''
  ) );
#1104 = PCURVE('',#1105,#1110);
#1105 = PLANE('',#1106);
#1106 = AXIS2_PLACEMENT_3D('',#1107,#1108,#1109);
#1107 = CARTESIAN_POINT('',(16.325,44.29,24.));
#1108 = DIRECTION('',(5.911709633991E-18,0.707106781187,0.707106781187)
  );
#1109 = DIRECTION('',(1.,-4.180209970601E-18,-4.180209970601E-18));
#1110 = DEFINITIONAL_REPRESENTATION('',(#1111),#1115);
#1111 = LINE('',#1112,#1113);
#1112 = CARTESIAN_POINT('',(-0.,0.707106781187));
#1113 = VECTOR('',#1114,1.);
#1114 = DIRECTION('',(-1.,0.));
#1115 = ( GEOMETRIC_REPRESENTATION_CONTEXT(2) 
PARAMETRIC_REPRESENTATION_CONTEXT() REPRESENTATION_CONTEXT('2D SPACE',''
  ) );
#1116 = ORIENTED_EDGE('',*,*,#1117,.F.);
#1117 = EDGE_CURVE('',#1118,#1090,#1120,.T.);
#1118 = VERTEX_POINT('',#1119);
#1119 = CARTESIAN_POINT('',(16.325,44.79,7.1));
#1120 = SURFACE_CURVE('',#1121,(#1125,#1132),.PCURVE_S1.);
#1121 = LINE('',#1122,#1123);
#1122 = CARTESIAN_POINT('',(16.325,44.79,0.));
#1123 = VECTOR('',#1124,1.);
#1124 = DIRECTION('',(0.,0.,1.));
#1125 = PCURVE('',#448,#1126);
#1126 = DEFINITIONAL_REPRESENTATION('',(#1127),#1131);
#1127 = LINE('',#1128,#1129);
#1128 = CARTESIAN_POINT('',(0.,35.65));
#1129 = VECTOR('',#1130,1.);
#1130 = DIRECTION('',(1.,0.));
#1131 = ( GEOMETRIC_REPRESENTATION_CONTEXT(2) 
PARAMETRIC_REPRESENTATION_CONTEXT() REPRESENTATION_CONTEXT('2D SPACE',''
  ) );
#1132 = PCURVE('',#1133,#1138);
#1133 = CYLINDRICAL_SURFACE('',#1134,3.);
#1134 = AXIS2_PLACEMENT_3D('',#1135,#1136,#1137);
#1135 = CARTESIAN_POINT('',(16.325,41.79,0.));
#1136 = DIRECTION('',(0.,0.,1.));
#1137 = DIRECTION('',(1.,0.,-0.));
#1138 = DEFINITIONAL_REPRESENTATION('',(#1139),#1143);
#1139 = LINE('',#1140,#1141);
#1140 = CARTESIAN_POINT('',(1.570796326795,0.));
#1141 = VECTOR('',#1142,1.);
#1142 = DIRECTION('',(0.,1.));
#1143 = ( GEOMETRIC_REPRESENTATION_CONTEXT(2) 
PARAMETRIC_REPRESENTATION_CONTEXT() REPRESENTATION_CONTEXT('2D SPACE',''
  ) );
#1144 = ORIENTED_EDGE('',*,*,#1145,.F.);
#1145 = EDGE_CURVE('',#1146,#1118,#1148,.T.);
#1146 = VERTEX_POINT('',#1147);
#1147 = CARTESIAN_POINT('',(12.7,44.79,7.1));
#1148 = SURFACE_CURVE('',#1149,(#1153,#1159),.PCURVE_S1.);
#1149 = LINE('',#1150,#1151);
#1150 = CARTESIAN_POINT('',(-209.6625,44.79,7.1));
#1151 = VECTOR('',#1152,1.);
#1152 = DIRECTION('',(1.,0.,0.));
#1153 = PCURVE('',#448,#1154);
#1154 = DEFINITIONAL_REPRESENTATION('',(#1155),#1158);
#1155 = B_SPLINE_CURVE_WITH_KNOTS('',1,(#1156,#1157),.UNSPECIFIED.,.F.,
  .F.,(2,2),(193.3375,225.9875),.PIECEWISE_BEZIER_KNOTS.);
#1156 = CARTESIAN_POINT('',(7.1,3.));
#1157 = CARTESIAN_POINT('',(7.1,35.65));
#1158 = ( GEOMETRIC_REPRESENTATION_CONTEXT(2) 
PARAMETRIC_REPRESENTATION_CONTEXT() REPRESENTATION_CONTEXT('2D SPACE',''
  ) );
#1159 = PCURVE('',#1160,#1165);
#1160 = PLANE('',#1161);
#1161 = AXIS2_PLACEMENT_3D('',#1162,#1163,#1164);
#1162 = CARTESIAN_POINT('',(-400.,-400.,7.1));
#1163 = DIRECTION('',(0.,0.,1.));
#1164 = DIRECTION('',(1.,0.,0.));
#1165 = DEFINITIONAL_REPRESENTATION('',(#1166),#1169);
#1166 = B_SPLINE_CURVE_WITH_KNOTS('',1,(#1167,#1168),.UNSPECIFIED.,.F.,
  .F.,(2,2),(193.3375,225.9875),.PIECEWISE_BEZIER_KNOTS.);
#1167 = CARTESIAN_POINT('',(383.675,444.79));
#1168 = CARTESIAN_POINT('',(416.325,444.79));
#1169 = ( GEOMETRIC_REPRESENTATION_CONTEXT(2) 
PARAMETRIC_REPRESENTATION_CONTEXT() REPRESENTATION_CONTEXT('2D SPACE',''
  ) );
#1170 = ORIENTED_EDGE('',*,*,#1171,.F.);
#1171 = EDGE_CURVE('',#1172,#1146,#1174,.T.);
#1172 = VERTEX_POINT('',#1173);
#1173 = CARTESIAN_POINT('',(12.7,44.79,22.35));
#1174 = SURFACE_CURVE('',#1175,(#1179,#1185),.PCURVE_S1.);
#1175 = LINE('',#1176,#1177);
#1176 = CARTESIAN_POINT('',(12.7,44.79,3.55));
#1177 = VECTOR('',#1178,1.);
#1178 = DIRECTION('',(0.,0.,-1.));
#1179 = PCURVE('',#448,#1180);
#1180 = DEFINITIONAL_REPRESENTATION('',(#1181),#1184);
#1181 = B_SPLINE_CURVE_WITH_KNOTS('',1,(#1182,#1183),.UNSPECIFIED.,.F.,
  .F.,(2,2),(-18.8,-3.55),.PIECEWISE_BEZIER_KNOTS.);
#1182 = CARTESIAN_POINT('',(22.35,32.025));
#1183 = CARTESIAN_POINT('',(7.1,32.025));
#1184 = ( GEOMETRIC_REPRESENTATION_CONTEXT(2) 
PARAMETRIC_REPRESENTATION_CONTEXT() REPRESENTATION_CONTEXT('2D SPACE',''
  ) );
#1185 = PCURVE('',#1186,#1191);
#1186 = PLANE('',#1187);
#1187 = AXIS2_PLACEMENT_3D('',#1188,#1189,#1190);
#1188 = CARTESIAN_POINT('',(12.7,43.18,7.1));
#1189 = DIRECTION('',(1.,0.,0.));
#1190 = DIRECTION('',(0.,0.,1.));
#1191 = DEFINITIONAL_REPRESENTATION('',(#1192),#1195);
#1192 = B_SPLINE_CURVE_WITH_KNOTS('',1,(#1193,#1194),.UNSPECIFIED.,.F.,
  .F.,(2,2),(-18.8,-3.55),.PIECEWISE_BEZIER_KNOTS.);
#1193 = CARTESIAN_POINT('',(15.25,-1.61));
#1194 = CARTESIAN_POINT('',(0.,-1.61));
#1195 = ( GEOMETRIC_REPRESENTATION_CONTEXT(2) 
PARAMETRIC_REPRESENTATION_CONTEXT() REPRESENTATION_CONTEXT('2D SPACE',''
  ) );
#1196 = ORIENTED_EDGE('',*,*,#1197,.F.);
#1197 = EDGE_CURVE('',#1198,#1172,#1200,.T.);
#1198 = VERTEX_POINT('',#1199);
#1199 = CARTESIAN_POINT('',(-12.7,44.79,22.35));
#1200 = SURFACE_CURVE('',#1201,(#1205,#1211),.PCURVE_S1.);
#1201 = LINE('',#1202,#1203);
#1202 = CARTESIAN_POINT('',(-16.0125,44.79,22.35));
#1203 = VECTOR('',#1204,1.);
#1204 = DIRECTION('',(1.,0.,0.));
#1205 = PCURVE('',#448,#1206);
#1206 = DEFINITIONAL_REPRESENTATION('',(#1207),#1210);
#1207 = B_SPLINE_CURVE_WITH_KNOTS('',1,(#1208,#1209),.UNSPECIFIED.,.F.,
  .F.,(2,2),(3.3125,28.7125),.PIECEWISE_BEZIER_KNOTS.);
#1208 = CARTESIAN_POINT('',(22.35,6.625));
#1209 = CARTESIAN_POINT('',(22.35,32.025));
#1210 = ( GEOMETRIC_REPRESENTATION_CONTEXT(2) 
PARAMETRIC_REPRESENTATION_CONTEXT() REPRESENTATION_CONTEXT('2D SPACE',''
  ) );
#1211 = PCURVE('',#1212,#1217);
#1212 = PLANE('',#1213);
#1213 = AXIS2_PLACEMENT_3D('',#1214,#1215,#1216);
#1214 = CARTESIAN_POINT('',(-12.7,43.18,22.35));
#1215 = DIRECTION('',(0.,0.,1.));
#1216 = DIRECTION('',(1.,0.,0.));
#1217 = DEFINITIONAL_REPRESENTATION('',(#1218),#1221);
#1218 = B_SPLINE_CURVE_WITH_KNOTS('',1,(#1219,#1220),.UNSPECIFIED.,.F.,
  .F.,(2,2),(3.3125,28.7125),.PIECEWISE_BEZIER_KNOTS.);
#1219 = CARTESIAN_POINT('',(0.,1.61));
#1220 = CARTESIAN_POINT('',(25.4,1.61));
#1221 = ( GEOMETRIC_REPRESENTATION_CONTEXT(2) 
PARAMETRIC_REPRESENTATION_CONTEXT() REPRESENTATION_CONTEXT('2D SPACE',''
  ) );
#1222 = ORIENTED_EDGE('',*,*,#1223,.T.);
#1223 = EDGE_CURVE('',#1198,#406,#1224,.T.);
#1224 = SURFACE_CURVE('',#1225,(#1229,#1235),.PCURVE_S1.);
#1225 = LINE('',#1226,#1227);
#1226 = CARTESIAN_POINT('',(-12.7,44.79,3.55));
#1227 = VECTOR('',#1228,1.);
#1228 = DIRECTION('',(0.,0.,-1.));
#1229 = PCURVE('',#448,#1230);
#1230 = DEFINITIONAL_REPRESENTATION('',(#1231),#1234);
#1231 = B_SPLINE_CURVE_WITH_KNOTS('',1,(#1232,#1233),.UNSPECIFIED.,.F.,
  .F.,(2,2),(-18.8,-3.55),.PIECEWISE_BEZIER_KNOTS.);
#1232 = CARTESIAN_POINT('',(22.35,6.625));
#1233 = CARTESIAN_POINT('',(7.1,6.625));
#1234 = ( GEOMETRIC_REPRESENTATION_CONTEXT(2) 
PARAMETRIC_REPRESENTATION_CONTEXT() REPRESENTATION_CONTEXT('2D SPACE',''
  ) );
#1235 = PCURVE('',#421,#1236);
#1236 = DEFINITIONAL_REPRESENTATION('',(#1237),#1240);
#1237 = B_SPLINE_CURVE_WITH_KNOTS('',1,(#1238,#1239),.UNSPECIFIED.,.F.,
  .F.,(2,2),(-18.8,-3.55),.PIECEWISE_BEZIER_KNOTS.);
#1238 = CARTESIAN_POINT('',(15.25,-1.61));
#1239 = CARTESIAN_POINT('',(0.,-1.61));
#1240 = ( GEOMETRIC_REPRESENTATION_CONTEXT(2) 
PARAMETRIC_REPRESENTATION_CONTEXT() REPRESENTATION_CONTEXT('2D SPACE',''
  ) );
#1241 = ADVANCED_FACE('',(#1242),#421,.T.);
#1242 = FACE_BOUND('',#1243,.T.);
#1243 = EDGE_LOOP('',(#1244,#1267,#1293,#1319,#1338,#1339));
#1244 = ORIENTED_EDGE('',*,*,#1245,.F.);
#1245 = EDGE_CURVE('',#1246,#1198,#1248,.T.);
#1246 = VERTEX_POINT('',#1247);
#1247 = CARTESIAN_POINT('',(-12.7,43.19,22.35));
#1248 = SURFACE_CURVE('',#1249,(#1253,#1260),.PCURVE_S1.);
#1249 = LINE('',#1250,#1251);
#1250 = CARTESIAN_POINT('',(-12.7,43.18,22.35));
#1251 = VECTOR('',#1252,1.);
#1252 = DIRECTION('',(0.,1.,0.));
#1253 = PCURVE('',#421,#1254);
#1254 = DEFINITIONAL_REPRESENTATION('',(#1255),#1259);
#1255 = LINE('',#1256,#1257);
#1256 = CARTESIAN_POINT('',(15.25,0.));
#1257 = VECTOR('',#1258,1.);
#1258 = DIRECTION('',(0.,-1.));
#1259 = ( GEOMETRIC_REPRESENTATION_CONTEXT(2) 
PARAMETRIC_REPRESENTATION_CONTEXT() REPRESENTATION_CONTEXT('2D SPACE',''
  ) );
#1260 = PCURVE('',#1212,#1261);
#1261 = DEFINITIONAL_REPRESENTATION('',(#1262),#1266);
#1262 = LINE('',#1263,#1264);
#1263 = CARTESIAN_POINT('',(0.,0.));
#1264 = VECTOR('',#1265,1.);
#1265 = DIRECTION('',(0.,1.));
#1266 = ( GEOMETRIC_REPRESENTATION_CONTEXT(2) 
PARAMETRIC_REPRESENTATION_CONTEXT() REPRESENTATION_CONTEXT('2D SPACE',''
  ) );
#1267 = ORIENTED_EDGE('',*,*,#1268,.T.);
#1268 = EDGE_CURVE('',#1246,#1269,#1271,.T.);
#1269 = VERTEX_POINT('',#1270);
#1270 = CARTESIAN_POINT('',(-12.7,43.19,9.));
#1271 = SURFACE_CURVE('',#1272,(#1276,#1282),.PCURVE_S1.);
#1272 = LINE('',#1273,#1274);
#1273 = CARTESIAN_POINT('',(-12.7,43.19,4.55));
#1274 = VECTOR('',#1275,1.);
#1275 = DIRECTION('',(0.,0.,-1.));
#1276 = PCURVE('',#421,#1277);
#1277 = DEFINITIONAL_REPRESENTATION('',(#1278),#1281);
#1278 = B_SPLINE_CURVE_WITH_KNOTS('',1,(#1279,#1280),.UNSPECIFIED.,.F.,
  .F.,(2,2),(-17.8,-4.45),.PIECEWISE_BEZIER_KNOTS.);
#1279 = CARTESIAN_POINT('',(15.25,-9.999999999998E-03));
#1280 = CARTESIAN_POINT('',(1.9,-9.999999999998E-03));
#1281 = ( GEOMETRIC_REPRESENTATION_CONTEXT(2) 
PARAMETRIC_REPRESENTATION_CONTEXT() REPRESENTATION_CONTEXT('2D SPACE',''
  ) );
#1282 = PCURVE('',#1283,#1288);
#1283 = PLANE('',#1284);
#1284 = AXIS2_PLACEMENT_3D('',#1285,#1286,#1287);
#1285 = CARTESIAN_POINT('',(-16.925,43.19,2.));
#1286 = DIRECTION('',(0.,1.,0.));
#1287 = DIRECTION('',(0.,0.,1.));
#1288 = DEFINITIONAL_REPRESENTATION('',(#1289),#1292);
#1289 = B_SPLINE_CURVE_WITH_KNOTS('',1,(#1290,#1291),.UNSPECIFIED.,.F.,
  .F.,(2,2),(-17.8,-4.45),.PIECEWISE_BEZIER_KNOTS.);
#1290 = CARTESIAN_POINT('',(20.35,4.225));
#1291 = CARTESIAN_POINT('',(7.,4.225));
#1292 = ( GEOMETRIC_REPRESENTATION_CONTEXT(2) 
PARAMETRIC_REPRESENTATION_CONTEXT() REPRESENTATION_CONTEXT('2D SPACE',''
  ) );
#1293 = ORIENTED_EDGE('',*,*,#1294,.T.);
#1294 = EDGE_CURVE('',#1269,#1295,#1297,.T.);
#1295 = VERTEX_POINT('',#1296);
#1296 = CARTESIAN_POINT('',(-12.7,44.39,9.));
#1297 = SURFACE_CURVE('',#1298,(#1302,#1308),.PCURVE_S1.);
#1298 = LINE('',#1299,#1300);
#1299 = CARTESIAN_POINT('',(-12.7,21.94,9.));
#1300 = VECTOR('',#1301,1.);
#1301 = DIRECTION('',(0.,1.,0.));
#1302 = PCURVE('',#421,#1303);
#1303 = DEFINITIONAL_REPRESENTATION('',(#1304),#1307);
#1304 = B_SPLINE_CURVE_WITH_KNOTS('',1,(#1305,#1306),.UNSPECIFIED.,.F.,
  .F.,(2,2),(21.24,22.45),.PIECEWISE_BEZIER_KNOTS.);
#1305 = CARTESIAN_POINT('',(1.9,0.));
#1306 = CARTESIAN_POINT('',(1.9,-1.21));
#1307 = ( GEOMETRIC_REPRESENTATION_CONTEXT(2) 
PARAMETRIC_REPRESENTATION_CONTEXT() REPRESENTATION_CONTEXT('2D SPACE',''
  ) );
#1308 = PCURVE('',#1309,#1314);
#1309 = PLANE('',#1310);
#1310 = AXIS2_PLACEMENT_3D('',#1311,#1312,#1313);
#1311 = CARTESIAN_POINT('',(-18.125,0.7,9.));
#1312 = DIRECTION('',(0.,0.,1.));
#1313 = DIRECTION('',(1.,0.,0.));
#1314 = DEFINITIONAL_REPRESENTATION('',(#1315),#1318);
#1315 = B_SPLINE_CURVE_WITH_KNOTS('',1,(#1316,#1317),.UNSPECIFIED.,.F.,
  .F.,(2,2),(21.24,22.45),.PIECEWISE_BEZIER_KNOTS.);
#1316 = CARTESIAN_POINT('',(5.425,42.48));
#1317 = CARTESIAN_POINT('',(5.425,43.69));
#1318 = ( GEOMETRIC_REPRESENTATION_CONTEXT(2) 
PARAMETRIC_REPRESENTATION_CONTEXT() REPRESENTATION_CONTEXT('2D SPACE',''
  ) );
#1319 = ORIENTED_EDGE('',*,*,#1320,.T.);
#1320 = EDGE_CURVE('',#1295,#380,#1321,.T.);
#1321 = SURFACE_CURVE('',#1322,(#1326,#1332),.PCURVE_S1.);
#1322 = LINE('',#1323,#1324);
#1323 = CARTESIAN_POINT('',(-12.7,44.39,6.6));
#1324 = VECTOR('',#1325,1.);
#1325 = DIRECTION('',(0.,0.,-1.));
#1326 = PCURVE('',#421,#1327);
#1327 = DEFINITIONAL_REPRESENTATION('',(#1328),#1331);
#1328 = B_SPLINE_CURVE_WITH_KNOTS('',1,(#1329,#1330),.UNSPECIFIED.,.F.,
  .F.,(2,2),(-2.4,-0.5),.PIECEWISE_BEZIER_KNOTS.);
#1329 = CARTESIAN_POINT('',(1.9,-1.21));
#1330 = CARTESIAN_POINT('',(0.,-1.21));
#1331 = ( GEOMETRIC_REPRESENTATION_CONTEXT(2) 
PARAMETRIC_REPRESENTATION_CONTEXT() REPRESENTATION_CONTEXT('2D SPACE',''
  ) );
#1332 = PCURVE('',#394,#1333);
#1333 = DEFINITIONAL_REPRESENTATION('',(#1334),#1337);
#1334 = B_SPLINE_CURVE_WITH_KNOTS('',1,(#1335,#1336),.UNSPECIFIED.,.F.,
  .F.,(2,2),(-2.4,-0.5),.PIECEWISE_BEZIER_KNOTS.);
#1335 = CARTESIAN_POINT('',(2.9,5.425));
#1336 = CARTESIAN_POINT('',(1.,5.425));
#1337 = ( GEOMETRIC_REPRESENTATION_CONTEXT(2) 
PARAMETRIC_REPRESENTATION_CONTEXT() REPRESENTATION_CONTEXT('2D SPACE',''
  ) );
#1338 = ORIENTED_EDGE('',*,*,#405,.T.);
#1339 = ORIENTED_EDGE('',*,*,#1223,.F.);
#1340 = ADVANCED_FACE('',(#1341),#394,.F.);
#1341 = FACE_BOUND('',#1342,.F.);
#1342 = EDGE_LOOP('',(#1343,#1344,#1345,#1368));
#1343 = ORIENTED_EDGE('',*,*,#1320,.T.);
#1344 = ORIENTED_EDGE('',*,*,#379,.T.);
#1345 = ORIENTED_EDGE('',*,*,#1346,.T.);
#1346 = EDGE_CURVE('',#351,#1347,#1349,.T.);
#1347 = VERTEX_POINT('',#1348);
#1348 = CARTESIAN_POINT('',(-16.625,44.39,9.));
#1349 = SURFACE_CURVE('',#1350,(#1354,#1361),.PCURVE_S1.);
#1350 = LINE('',#1351,#1352);
#1351 = CARTESIAN_POINT('',(-16.625,44.39,6.1));
#1352 = VECTOR('',#1353,1.);
#1353 = DIRECTION('',(0.,0.,1.));
#1354 = PCURVE('',#394,#1355);
#1355 = DEFINITIONAL_REPRESENTATION('',(#1356),#1360);
#1356 = LINE('',#1357,#1358);
#1357 = CARTESIAN_POINT('',(0.,1.5));
#1358 = VECTOR('',#1359,1.);
#1359 = DIRECTION('',(1.,0.));
#1360 = ( GEOMETRIC_REPRESENTATION_CONTEXT(2) 
PARAMETRIC_REPRESENTATION_CONTEXT() REPRESENTATION_CONTEXT('2D SPACE',''
  ) );
#1361 = PCURVE('',#367,#1362);
#1362 = DEFINITIONAL_REPRESENTATION('',(#1363),#1367);
#1363 = LINE('',#1364,#1365);
#1364 = CARTESIAN_POINT('',(-1.570796326795,0.));
#1365 = VECTOR('',#1366,1.);
#1366 = DIRECTION('',(-0.,1.));
#1367 = ( GEOMETRIC_REPRESENTATION_CONTEXT(2) 
PARAMETRIC_REPRESENTATION_CONTEXT() REPRESENTATION_CONTEXT('2D SPACE',''
  ) );
#1368 = ORIENTED_EDGE('',*,*,#1369,.T.);
#1369 = EDGE_CURVE('',#1347,#1295,#1370,.T.);
#1370 = SURFACE_CURVE('',#1371,(#1375,#1382),.PCURVE_S1.);
#1371 = LINE('',#1372,#1373);
#1372 = CARTESIAN_POINT('',(-18.125,44.39,9.));
#1373 = VECTOR('',#1374,1.);
#1374 = DIRECTION('',(1.,0.,0.));
#1375 = PCURVE('',#394,#1376);
#1376 = DEFINITIONAL_REPRESENTATION('',(#1377),#1381);
#1377 = LINE('',#1378,#1379);
#1378 = CARTESIAN_POINT('',(2.9,0.));
#1379 = VECTOR('',#1380,1.);
#1380 = DIRECTION('',(0.,1.));
#1381 = ( GEOMETRIC_REPRESENTATION_CONTEXT(2) 
PARAMETRIC_REPRESENTATION_CONTEXT() REPRESENTATION_CONTEXT('2D SPACE',''
  ) );
#1382 = PCURVE('',#1309,#1383);
#1383 = DEFINITIONAL_REPRESENTATION('',(#1384),#1388);
#1384 = LINE('',#1385,#1386);
#1385 = CARTESIAN_POINT('',(0.,43.69));
#1386 = VECTOR('',#1387,1.);
#1387 = DIRECTION('',(1.,0.));
#1388 = ( GEOMETRIC_REPRESENTATION_CONTEXT(2) 
PARAMETRIC_REPRESENTATION_CONTEXT() REPRESENTATION_CONTEXT('2D SPACE',''
  ) );
#1389 = ADVANCED_FACE('',(#1390),#367,.F.);
#1390 = FACE_BOUND('',#1391,.T.);
#1391 = EDGE_LOOP('',(#1392,#1415,#1416,#1417));
#1392 = ORIENTED_EDGE('',*,*,#1393,.F.);
#1393 = EDGE_CURVE('',#325,#1394,#1396,.T.);
#1394 = VERTEX_POINT('',#1395);
#1395 = CARTESIAN_POINT('',(-18.125,42.89,9.));
#1396 = SURFACE_CURVE('',#1397,(#1401,#1408),.PCURVE_S1.);
#1397 = LINE('',#1398,#1399);
#1398 = CARTESIAN_POINT('',(-18.125,42.89,6.1));
#1399 = VECTOR('',#1400,1.);
#1400 = DIRECTION('',(0.,0.,1.));
#1401 = PCURVE('',#367,#1402);
#1402 = DEFINITIONAL_REPRESENTATION('',(#1403),#1407);
#1403 = LINE('',#1404,#1405);
#1404 = CARTESIAN_POINT('',(-0.,0.));
#1405 = VECTOR('',#1406,1.);
#1406 = DIRECTION('',(-0.,1.));
#1407 = ( GEOMETRIC_REPRESENTATION_CONTEXT(2) 
PARAMETRIC_REPRESENTATION_CONTEXT() REPRESENTATION_CONTEXT('2D SPACE',''
  ) );
#1408 = PCURVE('',#339,#1409);
#1409 = DEFINITIONAL_REPRESENTATION('',(#1410),#1414);
#1410 = LINE('',#1411,#1412);
#1411 = CARTESIAN_POINT('',(0.,-42.19));
#1412 = VECTOR('',#1413,1.);
#1413 = DIRECTION('',(1.,0.));
#1414 = ( GEOMETRIC_REPRESENTATION_CONTEXT(2) 
PARAMETRIC_REPRESENTATION_CONTEXT() REPRESENTATION_CONTEXT('2D SPACE',''
  ) );
#1415 = ORIENTED_EDGE('',*,*,#350,.F.);
#1416 = ORIENTED_EDGE('',*,*,#1346,.T.);
#1417 = ORIENTED_EDGE('',*,*,#1418,.F.);
#1418 = EDGE_CURVE('',#1394,#1347,#1419,.T.);
#1419 = SURFACE_CURVE('',#1420,(#1425,#1432),.PCURVE_S1.);
#1420 = CIRCLE('',#1421,1.5);
#1421 = AXIS2_PLACEMENT_3D('',#1422,#1423,#1424);
#1422 = CARTESIAN_POINT('',(-16.625,42.89,9.));
#1423 = DIRECTION('',(-0.,-0.,-1.));
#1424 = DIRECTION('',(0.,-1.,0.));
#1425 = PCURVE('',#367,#1426);
#1426 = DEFINITIONAL_REPRESENTATION('',(#1427),#1431);
#1427 = LINE('',#1428,#1429);
#1428 = CARTESIAN_POINT('',(1.570796326795,2.9));
#1429 = VECTOR('',#1430,1.);
#1430 = DIRECTION('',(-1.,0.));
#1431 = ( GEOMETRIC_REPRESENTATION_CONTEXT(2) 
PARAMETRIC_REPRESENTATION_CONTEXT() REPRESENTATION_CONTEXT('2D SPACE',''
  ) );
#1432 = PCURVE('',#1309,#1433);
#1433 = DEFINITIONAL_REPRESENTATION('',(#1434),#1442);
#1434 = ( BOUNDED_CURVE() B_SPLINE_CURVE(2,(#1435,#1436,#1437,#1438,
#1439,#1440,#1441),.UNSPECIFIED.,.T.,.F.) B_SPLINE_CURVE_WITH_KNOTS((1,2
    ,2,2,2,1),(-2.094395102393,0.,2.094395102393,4.188790204786,
6.28318530718,8.377580409573),.UNSPECIFIED.) CURVE() 
GEOMETRIC_REPRESENTATION_ITEM() RATIONAL_B_SPLINE_CURVE((1.,0.5,1.,0.5,
1.,0.5,1.)) REPRESENTATION_ITEM('') );
#1435 = CARTESIAN_POINT('',(1.5,40.69));
#1436 = CARTESIAN_POINT('',(-1.098076211353,40.69));
#1437 = CARTESIAN_POINT('',(0.200961894323,42.94));
#1438 = CARTESIAN_POINT('',(1.5,45.19));
#1439 = CARTESIAN_POINT('',(2.799038105677,42.94));
#1440 = CARTESIAN_POINT('',(4.098076211353,40.69));
#1441 = CARTESIAN_POINT('',(1.5,40.69));
#1442 = ( GEOMETRIC_REPRESENTATION_CONTEXT(2) 
PARAMETRIC_REPRESENTATION_CONTEXT() REPRESENTATION_CONTEXT('2D SPACE',''
  ) );
#1443 = ADVANCED_FACE('',(#1444),#339,.T.);
#1444 = FACE_BOUND('',#1445,.T.);
#1445 = EDGE_LOOP('',(#1446,#1469,#1490,#1491));
#1446 = ORIENTED_EDGE('',*,*,#1447,.F.);
#1447 = EDGE_CURVE('',#1448,#1394,#1450,.T.);
#1448 = VERTEX_POINT('',#1449);
#1449 = CARTESIAN_POINT('',(-18.125,2.2,9.));
#1450 = SURFACE_CURVE('',#1451,(#1455,#1462),.PCURVE_S1.);
#1451 = LINE('',#1452,#1453);
#1452 = CARTESIAN_POINT('',(-18.125,0.7,9.));
#1453 = VECTOR('',#1454,1.);
#1454 = DIRECTION('',(0.,1.,0.));
#1455 = PCURVE('',#339,#1456);
#1456 = DEFINITIONAL_REPRESENTATION('',(#1457),#1461);
#1457 = LINE('',#1458,#1459);
#1458 = CARTESIAN_POINT('',(2.9,0.));
#1459 = VECTOR('',#1460,1.);
#1460 = DIRECTION('',(0.,-1.));
#1461 = ( GEOMETRIC_REPRESENTATION_CONTEXT(2) 
PARAMETRIC_REPRESENTATION_CONTEXT() REPRESENTATION_CONTEXT('2D SPACE',''
  ) );
#1462 = PCURVE('',#1309,#1463);
#1463 = DEFINITIONAL_REPRESENTATION('',(#1464),#1468);
#1464 = LINE('',#1465,#1466);
#1465 = CARTESIAN_POINT('',(0.,0.));
#1466 = VECTOR('',#1467,1.);
#1467 = DIRECTION('',(0.,1.));
#1468 = ( GEOMETRIC_REPRESENTATION_CONTEXT(2) 
PARAMETRIC_REPRESENTATION_CONTEXT() REPRESENTATION_CONTEXT('2D SPACE',''
  ) );
#1469 = ORIENTED_EDGE('',*,*,#1470,.F.);
#1470 = EDGE_CURVE('',#296,#1448,#1471,.T.);
#1471 = SURFACE_CURVE('',#1472,(#1476,#1483),.PCURVE_S1.);
#1472 = LINE('',#1473,#1474);
#1473 = CARTESIAN_POINT('',(-18.125,2.2,6.1));
#1474 = VECTOR('',#1475,1.);
#1475 = DIRECTION('',(0.,0.,1.));
#1476 = PCURVE('',#339,#1477);
#1477 = DEFINITIONAL_REPRESENTATION('',(#1478),#1482);
#1478 = LINE('',#1479,#1480);
#1479 = CARTESIAN_POINT('',(0.,-1.5));
#1480 = VECTOR('',#1481,1.);
#1481 = DIRECTION('',(1.,0.));
#1482 = ( GEOMETRIC_REPRESENTATION_CONTEXT(2) 
PARAMETRIC_REPRESENTATION_CONTEXT() REPRESENTATION_CONTEXT('2D SPACE',''
  ) );
#1483 = PCURVE('',#312,#1484);
#1484 = DEFINITIONAL_REPRESENTATION('',(#1485),#1489);
#1485 = LINE('',#1486,#1487);
#1486 = CARTESIAN_POINT('',(0.,0.));
#1487 = VECTOR('',#1488,1.);
#1488 = DIRECTION('',(0.,1.));
#1489 = ( GEOMETRIC_REPRESENTATION_CONTEXT(2) 
PARAMETRIC_REPRESENTATION_CONTEXT() REPRESENTATION_CONTEXT('2D SPACE',''
  ) );
#1490 = ORIENTED_EDGE('',*,*,#324,.T.);
#1491 = ORIENTED_EDGE('',*,*,#1393,.T.);
#1492 = ADVANCED_FACE('',(#1493),#312,.F.);
#1493 = FACE_BOUND('',#1494,.F.);
#1494 = EDGE_LOOP('',(#1495,#1496,#1497,#1518));
#1495 = ORIENTED_EDGE('',*,*,#1470,.F.);
#1496 = ORIENTED_EDGE('',*,*,#295,.T.);
#1497 = ORIENTED_EDGE('',*,*,#1498,.T.);
#1498 = EDGE_CURVE('',#268,#1499,#1501,.T.);
#1499 = VERTEX_POINT('',#1500);
#1500 = CARTESIAN_POINT('',(-16.825,0.713393125268,9.));
#1501 = SURFACE_CURVE('',#1502,(#1506,#1512),.PCURVE_S1.);
#1502 = LINE('',#1503,#1504);
#1503 = CARTESIAN_POINT('',(-16.825,0.713393125268,6.1));
#1504 = VECTOR('',#1505,1.);
#1505 = DIRECTION('',(0.,0.,1.));
#1506 = PCURVE('',#312,#1507);
#1507 = DEFINITIONAL_REPRESENTATION('',(#1508),#1511);
#1508 = B_SPLINE_CURVE_WITH_KNOTS('',1,(#1509,#1510),.UNSPECIFIED.,.F.,
  .F.,(2,2),(0.9999994,2.9000006),.PIECEWISE_BEZIER_KNOTS.);
#1509 = CARTESIAN_POINT('',(1.437064737385,0.9999994));
#1510 = CARTESIAN_POINT('',(1.437064737385,2.9000006));
#1511 = ( GEOMETRIC_REPRESENTATION_CONTEXT(2) 
PARAMETRIC_REPRESENTATION_CONTEXT() REPRESENTATION_CONTEXT('2D SPACE',''
  ) );
#1512 = PCURVE('',#283,#1513);
#1513 = DEFINITIONAL_REPRESENTATION('',(#1514),#1517);
#1514 = B_SPLINE_CURVE_WITH_KNOTS('',1,(#1515,#1516),.UNSPECIFIED.,.F.,
  .F.,(2,2),(0.9999994,2.9000006),.PIECEWISE_BEZIER_KNOTS.);
#1515 = CARTESIAN_POINT('',(-5.999999999062E-07,-1.413393125268));
#1516 = CARTESIAN_POINT('',(1.9000006,-1.413393125268));
#1517 = ( GEOMETRIC_REPRESENTATION_CONTEXT(2) 
PARAMETRIC_REPRESENTATION_CONTEXT() REPRESENTATION_CONTEXT('2D SPACE',''
  ) );
#1518 = ORIENTED_EDGE('',*,*,#1519,.F.);
#1519 = EDGE_CURVE('',#1448,#1499,#1520,.T.);
#1520 = SURFACE_CURVE('',#1521,(#1526,#1533),.PCURVE_S1.);
#1521 = CIRCLE('',#1522,1.5);
#1522 = AXIS2_PLACEMENT_3D('',#1523,#1524,#1525);
#1523 = CARTESIAN_POINT('',(-16.625,2.2,9.));
#1524 = DIRECTION('',(0.,0.,1.));
#1525 = DIRECTION('',(0.,-1.,0.));
#1526 = PCURVE('',#312,#1527);
#1527 = DEFINITIONAL_REPRESENTATION('',(#1528),#1532);
#1528 = LINE('',#1529,#1530);
#1529 = CARTESIAN_POINT('',(-4.712388980385,2.9));
#1530 = VECTOR('',#1531,1.);
#1531 = DIRECTION('',(1.,0.));
#1532 = ( GEOMETRIC_REPRESENTATION_CONTEXT(2) 
PARAMETRIC_REPRESENTATION_CONTEXT() REPRESENTATION_CONTEXT('2D SPACE',''
  ) );
#1533 = PCURVE('',#1309,#1534);
#1534 = DEFINITIONAL_REPRESENTATION('',(#1535),#1539);
#1535 = CIRCLE('',#1536,1.5);
#1536 = AXIS2_PLACEMENT_2D('',#1537,#1538);
#1537 = CARTESIAN_POINT('',(1.5,1.5));
#1538 = DIRECTION('',(0.,-1.));
#1539 = ( GEOMETRIC_REPRESENTATION_CONTEXT(2) 
PARAMETRIC_REPRESENTATION_CONTEXT() REPRESENTATION_CONTEXT('2D SPACE',''
  ) );
#1540 = ADVANCED_FACE('',(#1541),#283,.T.);
#1541 = FACE_BOUND('',#1542,.T.);
#1542 = EDGE_LOOP('',(#1543,#1566,#1567,#1568,#1569,#1590));
#1543 = ORIENTED_EDGE('',*,*,#1544,.F.);
#1544 = EDGE_CURVE('',#614,#1545,#1547,.T.);
#1545 = VERTEX_POINT('',#1546);
#1546 = CARTESIAN_POINT('',(-16.825,1.91,19.85));
#1547 = SURFACE_CURVE('',#1548,(#1552,#1559),.PCURVE_S1.);
#1548 = LINE('',#1549,#1550);
#1549 = CARTESIAN_POINT('',(-16.825,-0.7,19.85));
#1550 = VECTOR('',#1551,1.);
#1551 = DIRECTION('',(0.,1.,0.));
#1552 = PCURVE('',#283,#1553);
#1553 = DEFINITIONAL_REPRESENTATION('',(#1554),#1558);
#1554 = LINE('',#1555,#1556);
#1555 = CARTESIAN_POINT('',(12.75,0.));
#1556 = VECTOR('',#1557,1.);
#1557 = DIRECTION('',(0.,-1.));
#1558 = ( GEOMETRIC_REPRESENTATION_CONTEXT(2) 
PARAMETRIC_REPRESENTATION_CONTEXT() REPRESENTATION_CONTEXT('2D SPACE',''
  ) );
#1559 = PCURVE('',#651,#1560);
#1560 = DEFINITIONAL_REPRESENTATION('',(#1561),#1565);
#1561 = LINE('',#1562,#1563);
#1562 = CARTESIAN_POINT('',(0.,0.));
#1563 = VECTOR('',#1564,1.);
#1564 = DIRECTION('',(0.,1.));
#1565 = ( GEOMETRIC_REPRESENTATION_CONTEXT(2) 
PARAMETRIC_REPRESENTATION_CONTEXT() REPRESENTATION_CONTEXT('2D SPACE',''
  ) );
#1566 = ORIENTED_EDGE('',*,*,#613,.F.);
#1567 = ORIENTED_EDGE('',*,*,#267,.T.);
#1568 = ORIENTED_EDGE('',*,*,#1498,.T.);
#1569 = ORIENTED_EDGE('',*,*,#1570,.T.);
#1570 = EDGE_CURVE('',#1499,#1571,#1573,.T.);
#1571 = VERTEX_POINT('',#1572);
#1572 = CARTESIAN_POINT('',(-16.825,1.91,9.));
#1573 = SURFACE_CURVE('',#1574,(#1578,#1584),.PCURVE_S1.);
#1574 = LINE('',#1575,#1576);
#1575 = CARTESIAN_POINT('',(-16.825,1.110223024625E-16,9.));
#1576 = VECTOR('',#1577,1.);
#1577 = DIRECTION('',(0.,1.,0.));
#1578 = PCURVE('',#283,#1579);
#1579 = DEFINITIONAL_REPRESENTATION('',(#1580),#1583);
#1580 = B_SPLINE_CURVE_WITH_KNOTS('',1,(#1581,#1582),.UNSPECIFIED.,.F.,
  .F.,(2,2),(0.7,1.91),.PIECEWISE_BEZIER_KNOTS.);
#1581 = CARTESIAN_POINT('',(1.9,-1.4));
#1582 = CARTESIAN_POINT('',(1.9,-2.61));
#1583 = ( GEOMETRIC_REPRESENTATION_CONTEXT(2) 
PARAMETRIC_REPRESENTATION_CONTEXT() REPRESENTATION_CONTEXT('2D SPACE',''
  ) );
#1584 = PCURVE('',#1309,#1585);
#1585 = DEFINITIONAL_REPRESENTATION('',(#1586),#1589);
#1586 = B_SPLINE_CURVE_WITH_KNOTS('',1,(#1587,#1588),.UNSPECIFIED.,.F.,
  .F.,(2,2),(0.7,1.91),.PIECEWISE_BEZIER_KNOTS.);
#1587 = CARTESIAN_POINT('',(1.3,-4.440892098501E-16));
#1588 = CARTESIAN_POINT('',(1.3,1.21));
#1589 = ( GEOMETRIC_REPRESENTATION_CONTEXT(2) 
PARAMETRIC_REPRESENTATION_CONTEXT() REPRESENTATION_CONTEXT('2D SPACE',''
  ) );
#1590 = ORIENTED_EDGE('',*,*,#1591,.T.);
#1591 = EDGE_CURVE('',#1571,#1545,#1592,.T.);
#1592 = SURFACE_CURVE('',#1593,(#1597,#1604),.PCURVE_S1.);
#1593 = LINE('',#1594,#1595);
#1594 = CARTESIAN_POINT('',(-16.825,1.91,7.1));
#1595 = VECTOR('',#1596,1.);
#1596 = DIRECTION('',(0.,0.,1.));
#1597 = PCURVE('',#283,#1598);
#1598 = DEFINITIONAL_REPRESENTATION('',(#1599),#1603);
#1599 = LINE('',#1600,#1601);
#1600 = CARTESIAN_POINT('',(0.,-2.61));
#1601 = VECTOR('',#1602,1.);
#1602 = DIRECTION('',(1.,0.));
#1603 = ( GEOMETRIC_REPRESENTATION_CONTEXT(2) 
PARAMETRIC_REPRESENTATION_CONTEXT() REPRESENTATION_CONTEXT('2D SPACE',''
  ) );
#1604 = PCURVE('',#1605,#1610);
#1605 = PLANE('',#1606);
#1606 = AXIS2_PLACEMENT_3D('',#1607,#1608,#1609);
#1607 = CARTESIAN_POINT('',(-16.825,1.91,7.1));
#1608 = DIRECTION('',(0.,1.,0.));
#1609 = DIRECTION('',(0.,0.,1.));
#1610 = DEFINITIONAL_REPRESENTATION('',(#1611),#1615);
#1611 = LINE('',#1612,#1613);
#1612 = CARTESIAN_POINT('',(0.,0.));
#1613 = VECTOR('',#1614,1.);
#1614 = DIRECTION('',(1.,0.));
#1615 = ( GEOMETRIC_REPRESENTATION_CONTEXT(2) 
PARAMETRIC_REPRESENTATION_CONTEXT() REPRESENTATION_CONTEXT('2D SPACE',''
  ) );
#1616 = ADVANCED_FACE('',(#1617),#211,.T.);
#1617 = FACE_BOUND('',#1618,.T.);
#1618 = EDGE_LOOP('',(#1619,#1642,#1643,#1644));
#1619 = ORIENTED_EDGE('',*,*,#1620,.F.);
#1620 = EDGE_CURVE('',#169,#1621,#1623,.T.);
#1621 = VERTEX_POINT('',#1622);
#1622 = CARTESIAN_POINT('',(-23.525,15.5,23.5));
#1623 = SURFACE_CURVE('',#1624,(#1628,#1635),.PCURVE_S1.);
#1624 = LINE('',#1625,#1626);
#1625 = CARTESIAN_POINT('',(-23.525,15.5,0.));
#1626 = VECTOR('',#1627,1.);
#1627 = DIRECTION('',(0.,0.,1.));
#1628 = PCURVE('',#211,#1629);
#1629 = DEFINITIONAL_REPRESENTATION('',(#1630),#1634);
#1630 = LINE('',#1631,#1632);
#1631 = CARTESIAN_POINT('',(0.,0.));
#1632 = VECTOR('',#1633,1.);
#1633 = DIRECTION('',(0.,1.));
#1634 = ( GEOMETRIC_REPRESENTATION_CONTEXT(2) 
PARAMETRIC_REPRESENTATION_CONTEXT() REPRESENTATION_CONTEXT('2D SPACE',''
  ) );
#1635 = PCURVE('',#183,#1636);
#1636 = DEFINITIONAL_REPRESENTATION('',(#1637),#1641);
#1637 = LINE('',#1638,#1639);
#1638 = CARTESIAN_POINT('',(0.,-2.));
#1639 = VECTOR('',#1640,1.);
#1640 = DIRECTION('',(1.,0.));
#1641 = ( GEOMETRIC_REPRESENTATION_CONTEXT(2) 
PARAMETRIC_REPRESENTATION_CONTEXT() REPRESENTATION_CONTEXT('2D SPACE',''
  ) );
#1642 = ORIENTED_EDGE('',*,*,#194,.T.);
#1643 = ORIENTED_EDGE('',*,*,#802,.T.);
#1644 = ORIENTED_EDGE('',*,*,#1645,.T.);
#1645 = EDGE_CURVE('',#803,#1621,#1646,.T.);
#1646 = SURFACE_CURVE('',#1647,(#1652,#1659),.PCURVE_S1.);
#1647 = CIRCLE('',#1648,2.);
#1648 = AXIS2_PLACEMENT_3D('',#1649,#1650,#1651);
#1649 = CARTESIAN_POINT('',(-21.525,15.5,23.5));
#1650 = DIRECTION('',(-0.,-0.,-1.));
#1651 = DIRECTION('',(0.,-1.,0.));
#1652 = PCURVE('',#211,#1653);
#1653 = DEFINITIONAL_REPRESENTATION('',(#1654),#1658);
#1654 = LINE('',#1655,#1656);
#1655 = CARTESIAN_POINT('',(1.570796326795,23.5));
#1656 = VECTOR('',#1657,1.);
#1657 = DIRECTION('',(-1.,-0.));
#1658 = ( GEOMETRIC_REPRESENTATION_CONTEXT(2) 
PARAMETRIC_REPRESENTATION_CONTEXT() REPRESENTATION_CONTEXT('2D SPACE',''
  ) );
#1659 = PCURVE('',#1660,#1665);
#1660 = CONICAL_SURFACE('',#1661,2.,0.785398163397);
#1661 = AXIS2_PLACEMENT_3D('',#1662,#1663,#1664);
#1662 = CARTESIAN_POINT('',(-21.525,15.5,23.5));
#1663 = DIRECTION('',(-0.,-0.,-1.));
#1664 = DIRECTION('',(0.,-1.,0.));
#1665 = DEFINITIONAL_REPRESENTATION('',(#1666),#1670);
#1666 = LINE('',#1667,#1668);
#1667 = CARTESIAN_POINT('',(0.,0.));
#1668 = VECTOR('',#1669,1.);
#1669 = DIRECTION('',(1.,0.));
#1670 = ( GEOMETRIC_REPRESENTATION_CONTEXT(2) 
PARAMETRIC_REPRESENTATION_CONTEXT() REPRESENTATION_CONTEXT('2D SPACE',''
  ) );
#1671 = ADVANCED_FACE('',(#1672),#183,.F.);
#1672 = FACE_BOUND('',#1673,.F.);
#1673 = EDGE_LOOP('',(#1674,#1675,#1676,#1677));
#1674 = ORIENTED_EDGE('',*,*,#1620,.F.);
#1675 = ORIENTED_EDGE('',*,*,#168,.F.);
#1676 = ORIENTED_EDGE('',*,*,#849,.T.);
#1677 = ORIENTED_EDGE('',*,*,#1678,.F.);
#1678 = EDGE_CURVE('',#1621,#850,#1679,.T.);
#1679 = SURFACE_CURVE('',#1680,(#1684,#1691),.PCURVE_S1.);
#1680 = LINE('',#1681,#1682);
#1681 = CARTESIAN_POINT('',(-23.525,15.5,23.5));
#1682 = VECTOR('',#1683,1.);
#1683 = DIRECTION('',(0.,1.,0.));
#1684 = PCURVE('',#183,#1685);
#1685 = DEFINITIONAL_REPRESENTATION('',(#1686),#1690);
#1686 = LINE('',#1687,#1688);
#1687 = CARTESIAN_POINT('',(23.5,-2.));
#1688 = VECTOR('',#1689,1.);
#1689 = DIRECTION('',(0.,-1.));
#1690 = ( GEOMETRIC_REPRESENTATION_CONTEXT(2) 
PARAMETRIC_REPRESENTATION_CONTEXT() REPRESENTATION_CONTEXT('2D SPACE',''
  ) );
#1691 = PCURVE('',#1692,#1697);
#1692 = PLANE('',#1693);
#1693 = AXIS2_PLACEMENT_3D('',#1694,#1695,#1696);
#1694 = CARTESIAN_POINT('',(-23.025,15.5,24.));
#1695 = DIRECTION('',(0.707106781187,-5.911709633991E-18,-0.707106781187
    ));
#1696 = DIRECTION('',(-4.180209970601E-18,-1.,4.180209970601E-18));
#1697 = DEFINITIONAL_REPRESENTATION('',(#1698),#1702);
#1698 = LINE('',#1699,#1700);
#1699 = CARTESIAN_POINT('',(-0.,0.707106781187));
#1700 = VECTOR('',#1701,1.);
#1701 = DIRECTION('',(-1.,0.));
#1702 = ( GEOMETRIC_REPRESENTATION_CONTEXT(2) 
PARAMETRIC_REPRESENTATION_CONTEXT() REPRESENTATION_CONTEXT('2D SPACE',''
  ) );
#1703 = ADVANCED_FACE('',(#1704),#561,.F.);
#1704 = FACE_BOUND('',#1705,.T.);
#1705 = EDGE_LOOP('',(#1706,#1707,#1730,#1757));
#1706 = ORIENTED_EDGE('',*,*,#540,.T.);
#1707 = ORIENTED_EDGE('',*,*,#1708,.T.);
#1708 = EDGE_CURVE('',#541,#1709,#1711,.T.);
#1709 = VERTEX_POINT('',#1710);
#1710 = CARTESIAN_POINT('',(-18.675,17.1,16.6));
#1711 = SEAM_CURVE('',#1712,(#1716,#1723),.PCURVE_S1.);
#1712 = LINE('',#1713,#1714);
#1713 = CARTESIAN_POINT('',(-18.675,17.1,6.6));
#1714 = VECTOR('',#1715,1.);
#1715 = DIRECTION('',(0.,0.,1.));
#1716 = PCURVE('',#561,#1717);
#1717 = DEFINITIONAL_REPRESENTATION('',(#1718),#1722);
#1718 = LINE('',#1719,#1720);
#1719 = CARTESIAN_POINT('',(-6.28318530718,0.));
#1720 = VECTOR('',#1721,1.);
#1721 = DIRECTION('',(-0.,-1.));
#1722 = ( GEOMETRIC_REPRESENTATION_CONTEXT(2) 
PARAMETRIC_REPRESENTATION_CONTEXT() REPRESENTATION_CONTEXT('2D SPACE',''
  ) );
#1723 = PCURVE('',#561,#1724);
#1724 = DEFINITIONAL_REPRESENTATION('',(#1725),#1729);
#1725 = LINE('',#1726,#1727);
#1726 = CARTESIAN_POINT('',(-0.,0.));
#1727 = VECTOR('',#1728,1.);
#1728 = DIRECTION('',(-0.,-1.));
#1729 = ( GEOMETRIC_REPRESENTATION_CONTEXT(2) 
PARAMETRIC_REPRESENTATION_CONTEXT() REPRESENTATION_CONTEXT('2D SPACE',''
  ) );
#1730 = ORIENTED_EDGE('',*,*,#1731,.T.);
#1731 = EDGE_CURVE('',#1709,#1709,#1732,.T.);
#1732 = SURFACE_CURVE('',#1733,(#1738,#1745),.PCURVE_S1.);
#1733 = CIRCLE('',#1734,1.25);
#1734 = AXIS2_PLACEMENT_3D('',#1735,#1736,#1737);
#1735 = CARTESIAN_POINT('',(-19.925,17.1,16.6));
#1736 = DIRECTION('',(0.,0.,1.));
#1737 = DIRECTION('',(1.,0.,0.));
#1738 = PCURVE('',#561,#1739);
#1739 = DEFINITIONAL_REPRESENTATION('',(#1740),#1744);
#1740 = LINE('',#1741,#1742);
#1741 = CARTESIAN_POINT('',(-0.,-10.));
#1742 = VECTOR('',#1743,1.);
#1743 = DIRECTION('',(-1.,0.));
#1744 = ( GEOMETRIC_REPRESENTATION_CONTEXT(2) 
PARAMETRIC_REPRESENTATION_CONTEXT() REPRESENTATION_CONTEXT('2D SPACE',''
  ) );
#1745 = PCURVE('',#1746,#1751);
#1746 = PLANE('',#1747);
#1747 = AXIS2_PLACEMENT_3D('',#1748,#1749,#1750);
#1748 = CARTESIAN_POINT('',(-19.925,17.1,16.6));
#1749 = DIRECTION('',(0.,0.,1.));
#1750 = DIRECTION('',(1.,0.,-0.));
#1751 = DEFINITIONAL_REPRESENTATION('',(#1752),#1756);
#1752 = CIRCLE('',#1753,1.25);
#1753 = AXIS2_PLACEMENT_2D('',#1754,#1755);
#1754 = CARTESIAN_POINT('',(-3.552713678801E-15,0.));
#1755 = DIRECTION('',(1.,0.));
#1756 = ( GEOMETRIC_REPRESENTATION_CONTEXT(2) 
PARAMETRIC_REPRESENTATION_CONTEXT() REPRESENTATION_CONTEXT('2D SPACE',''
  ) );
#1757 = ORIENTED_EDGE('',*,*,#1708,.F.);
#1758 = ADVANCED_FACE('',(#1759),#596,.F.);
#1759 = FACE_BOUND('',#1760,.T.);
#1760 = EDGE_LOOP('',(#1761,#1762,#1785,#1812));
#1761 = ORIENTED_EDGE('',*,*,#575,.T.);
#1762 = ORIENTED_EDGE('',*,*,#1763,.T.);
#1763 = EDGE_CURVE('',#576,#1764,#1766,.T.);
#1764 = VERTEX_POINT('',#1765);
#1765 = CARTESIAN_POINT('',(-18.675,26.1,16.6));
#1766 = SEAM_CURVE('',#1767,(#1771,#1778),.PCURVE_S1.);
#1767 = LINE('',#1768,#1769);
#1768 = CARTESIAN_POINT('',(-18.675,26.1,6.6));
#1769 = VECTOR('',#1770,1.);
#1770 = DIRECTION('',(0.,0.,1.));
#1771 = PCURVE('',#596,#1772);
#1772 = DEFINITIONAL_REPRESENTATION('',(#1773),#1777);
#1773 = LINE('',#1774,#1775);
#1774 = CARTESIAN_POINT('',(-6.28318530718,0.));
#1775 = VECTOR('',#1776,1.);
#1776 = DIRECTION('',(-0.,-1.));
#1777 = ( GEOMETRIC_REPRESENTATION_CONTEXT(2) 
PARAMETRIC_REPRESENTATION_CONTEXT() REPRESENTATION_CONTEXT('2D SPACE',''
  ) );
#1778 = PCURVE('',#596,#1779);
#1779 = DEFINITIONAL_REPRESENTATION('',(#1780),#1784);
#1780 = LINE('',#1781,#1782);
#1781 = CARTESIAN_POINT('',(-0.,0.));
#1782 = VECTOR('',#1783,1.);
#1783 = DIRECTION('',(-0.,-1.));
#1784 = ( GEOMETRIC_REPRESENTATION_CONTEXT(2) 
PARAMETRIC_REPRESENTATION_CONTEXT() REPRESENTATION_CONTEXT('2D SPACE',''
  ) );
#1785 = ORIENTED_EDGE('',*,*,#1786,.T.);
#1786 = EDGE_CURVE('',#1764,#1764,#1787,.T.);
#1787 = SURFACE_CURVE('',#1788,(#1793,#1800),.PCURVE_S1.);
#1788 = CIRCLE('',#1789,1.25);
#1789 = AXIS2_PLACEMENT_3D('',#1790,#1791,#1792);
#1790 = CARTESIAN_POINT('',(-19.925,26.1,16.6));
#1791 = DIRECTION('',(0.,0.,1.));
#1792 = DIRECTION('',(1.,0.,0.));
#1793 = PCURVE('',#596,#1794);
#1794 = DEFINITIONAL_REPRESENTATION('',(#1795),#1799);
#1795 = LINE('',#1796,#1797);
#1796 = CARTESIAN_POINT('',(-0.,-10.));
#1797 = VECTOR('',#1798,1.);
#1798 = DIRECTION('',(-1.,0.));
#1799 = ( GEOMETRIC_REPRESENTATION_CONTEXT(2) 
PARAMETRIC_REPRESENTATION_CONTEXT() REPRESENTATION_CONTEXT('2D SPACE',''
  ) );
#1800 = PCURVE('',#1801,#1806);
#1801 = PLANE('',#1802);
#1802 = AXIS2_PLACEMENT_3D('',#1803,#1804,#1805);
#1803 = CARTESIAN_POINT('',(-19.925,26.1,16.6));
#1804 = DIRECTION('',(0.,0.,1.));
#1805 = DIRECTION('',(1.,0.,-0.));
#1806 = DEFINITIONAL_REPRESENTATION('',(#1807),#1811);
#1807 = CIRCLE('',#1808,1.25);
#1808 = AXIS2_PLACEMENT_2D('',#1809,#1810);
#1809 = CARTESIAN_POINT('',(-3.552713678801E-15,0.));
#1810 = DIRECTION('',(1.,0.));
#1811 = ( GEOMETRIC_REPRESENTATION_CONTEXT(2) 
PARAMETRIC_REPRESENTATION_CONTEXT() REPRESENTATION_CONTEXT('2D SPACE',''
  ) );
#1812 = ORIENTED_EDGE('',*,*,#1763,.F.);
#1813 = ADVANCED_FACE('',(#1814),#706,.T.);
#1814 = FACE_BOUND('',#1815,.F.);
#1815 = EDGE_LOOP('',(#1816,#1842,#1843,#1844));
#1816 = ORIENTED_EDGE('',*,*,#1817,.F.);
#1817 = EDGE_CURVE('',#664,#1818,#1820,.T.);
#1818 = VERTEX_POINT('',#1819);
#1819 = CARTESIAN_POINT('',(-16.325,1.3,24.5));
#1820 = SURFACE_CURVE('',#1821,(#1825,#1831),.PCURVE_S1.);
#1821 = LINE('',#1822,#1823);
#1822 = CARTESIAN_POINT('',(-16.325,0.8,24.));
#1823 = VECTOR('',#1824,1.);
#1824 = DIRECTION('',(-4.054583578972E-35,0.707106781187,0.707106781187)
  );
#1825 = PCURVE('',#706,#1826);
#1826 = DEFINITIONAL_REPRESENTATION('',(#1827),#1830);
#1827 = B_SPLINE_CURVE_WITH_KNOTS('',1,(#1828,#1829),.UNSPECIFIED.,.F.,
  .F.,(2,2),(-0.707106781187,0.707106781187),.PIECEWISE_BEZIER_KNOTS.);
#1828 = CARTESIAN_POINT('',(0.,0.));
#1829 = CARTESIAN_POINT('',(0.,-1.));
#1830 = ( GEOMETRIC_REPRESENTATION_CONTEXT(2) 
PARAMETRIC_REPRESENTATION_CONTEXT() REPRESENTATION_CONTEXT('2D SPACE',''
  ) );
#1831 = PCURVE('',#1832,#1837);
#1832 = PLANE('',#1833);
#1833 = AXIS2_PLACEMENT_3D('',#1834,#1835,#1836);
#1834 = CARTESIAN_POINT('',(16.325,0.8,24.));
#1835 = DIRECTION('',(-5.911709633991E-18,0.707106781187,-0.707106781187
    ));
#1836 = DIRECTION('',(-1.,-4.180209970601E-18,4.180209970601E-18));
#1837 = DEFINITIONAL_REPRESENTATION('',(#1838),#1841);
#1838 = B_SPLINE_CURVE_WITH_KNOTS('',1,(#1839,#1840),.UNSPECIFIED.,.F.,
  .F.,(2,2),(-0.707106781187,0.707106781187),.PIECEWISE_BEZIER_KNOTS.);
#1839 = CARTESIAN_POINT('',(32.65,-0.707106781187));
#1840 = CARTESIAN_POINT('',(32.65,0.707106781187));
#1841 = ( GEOMETRIC_REPRESENTATION_CONTEXT(2) 
PARAMETRIC_REPRESENTATION_CONTEXT() REPRESENTATION_CONTEXT('2D SPACE',''
  ) );
#1842 = ORIENTED_EDGE('',*,*,#691,.T.);
#1843 = ORIENTED_EDGE('',*,*,#721,.T.);
#1844 = ORIENTED_EDGE('',*,*,#1845,.F.);
#1845 = EDGE_CURVE('',#1818,#722,#1846,.T.);
#1846 = SURFACE_CURVE('',#1847,(#1852,#1859),.PCURVE_S1.);
#1847 = CIRCLE('',#1848,2.);
#1848 = AXIS2_PLACEMENT_3D('',#1849,#1850,#1851);
#1849 = CARTESIAN_POINT('',(-16.325,3.3,24.5));
#1850 = DIRECTION('',(-0.,-0.,-1.));
#1851 = DIRECTION('',(0.,-1.,0.));
#1852 = PCURVE('',#706,#1853);
#1853 = DEFINITIONAL_REPRESENTATION('',(#1854),#1858);
#1854 = LINE('',#1855,#1856);
#1855 = CARTESIAN_POINT('',(0.,-1.));
#1856 = VECTOR('',#1857,1.);
#1857 = DIRECTION('',(1.,-0.));
#1858 = ( GEOMETRIC_REPRESENTATION_CONTEXT(2) 
PARAMETRIC_REPRESENTATION_CONTEXT() REPRESENTATION_CONTEXT('2D SPACE',''
  ) );
#1859 = PCURVE('',#785,#1860);
#1860 = DEFINITIONAL_REPRESENTATION('',(#1861),#1869);
#1861 = ( BOUNDED_CURVE() B_SPLINE_CURVE(2,(#1862,#1863,#1864,#1865,
#1866,#1867,#1868),.UNSPECIFIED.,.T.,.F.) B_SPLINE_CURVE_WITH_KNOTS((1,2
    ,2,2,2,1),(-2.094395102393,0.,2.094395102393,4.188790204786,
6.28318530718,8.377580409573),.UNSPECIFIED.) CURVE() 
GEOMETRIC_REPRESENTATION_ITEM() RATIONAL_B_SPLINE_CURVE((1.,0.5,1.,0.5,
1.,0.5,1.)) REPRESENTATION_ITEM('') );
#1862 = CARTESIAN_POINT('',(3.,1.));
#1863 = CARTESIAN_POINT('',(-0.464101615138,1.));
#1864 = CARTESIAN_POINT('',(1.267949192431,4.));
#1865 = CARTESIAN_POINT('',(3.,7.));
#1866 = CARTESIAN_POINT('',(4.732050807569,4.));
#1867 = CARTESIAN_POINT('',(6.464101615138,1.));
#1868 = CARTESIAN_POINT('',(3.,1.));
#1869 = ( GEOMETRIC_REPRESENTATION_CONTEXT(2) 
PARAMETRIC_REPRESENTATION_CONTEXT() REPRESENTATION_CONTEXT('2D SPACE',''
  ) );
#1870 = ADVANCED_FACE('',(#1871),#679,.F.);
#1871 = FACE_BOUND('',#1872,.F.);
#1872 = EDGE_LOOP('',(#1873,#1894,#1895,#1918));
#1873 = ORIENTED_EDGE('',*,*,#1874,.F.);
#1874 = EDGE_CURVE('',#635,#1875,#1877,.T.);
#1875 = VERTEX_POINT('',#1876);
#1876 = CARTESIAN_POINT('',(16.325,0.3,19.85));
#1877 = SURFACE_CURVE('',#1878,(#1882,#1888),.PCURVE_S1.);
#1878 = LINE('',#1879,#1880);
#1879 = CARTESIAN_POINT('',(-18.075,0.3,19.85));
#1880 = VECTOR('',#1881,1.);
#1881 = DIRECTION('',(1.,0.,0.));
#1882 = PCURVE('',#679,#1883);
#1883 = DEFINITIONAL_REPRESENTATION('',(#1884),#1887);
#1884 = B_SPLINE_CURVE_WITH_KNOTS('',1,(#1885,#1886),.UNSPECIFIED.,.F.,
  .F.,(2,2),(1.75,34.4),.PIECEWISE_BEZIER_KNOTS.);
#1885 = CARTESIAN_POINT('',(19.85,3.));
#1886 = CARTESIAN_POINT('',(19.85,35.65));
#1887 = ( GEOMETRIC_REPRESENTATION_CONTEXT(2) 
PARAMETRIC_REPRESENTATION_CONTEXT() REPRESENTATION_CONTEXT('2D SPACE',''
  ) );
#1888 = PCURVE('',#651,#1889);
#1889 = DEFINITIONAL_REPRESENTATION('',(#1890),#1893);
#1890 = B_SPLINE_CURVE_WITH_KNOTS('',1,(#1891,#1892),.UNSPECIFIED.,.F.,
  .F.,(2,2),(1.75,34.4),.PIECEWISE_BEZIER_KNOTS.);
#1891 = CARTESIAN_POINT('',(0.5,1.));
#1892 = CARTESIAN_POINT('',(33.15,1.));
#1893 = ( GEOMETRIC_REPRESENTATION_CONTEXT(2) 
PARAMETRIC_REPRESENTATION_CONTEXT() REPRESENTATION_CONTEXT('2D SPACE',''
  ) );
#1894 = ORIENTED_EDGE('',*,*,#663,.T.);
#1895 = ORIENTED_EDGE('',*,*,#1896,.F.);
#1896 = EDGE_CURVE('',#1897,#664,#1899,.T.);
#1897 = VERTEX_POINT('',#1898);
#1898 = CARTESIAN_POINT('',(16.325,0.3,23.5));
#1899 = SURFACE_CURVE('',#1900,(#1904,#1911),.PCURVE_S1.);
#1900 = LINE('',#1901,#1902);
#1901 = CARTESIAN_POINT('',(16.325,0.3,23.5));
#1902 = VECTOR('',#1903,1.);
#1903 = DIRECTION('',(-1.,-0.,-0.));
#1904 = PCURVE('',#679,#1905);
#1905 = DEFINITIONAL_REPRESENTATION('',(#1906),#1910);
#1906 = LINE('',#1907,#1908);
#1907 = CARTESIAN_POINT('',(23.5,35.65));
#1908 = VECTOR('',#1909,1.);
#1909 = DIRECTION('',(-0.,-1.));
#1910 = ( GEOMETRIC_REPRESENTATION_CONTEXT(2) 
PARAMETRIC_REPRESENTATION_CONTEXT() REPRESENTATION_CONTEXT('2D SPACE',''
  ) );
#1911 = PCURVE('',#1832,#1912);
#1912 = DEFINITIONAL_REPRESENTATION('',(#1913),#1917);
#1913 = LINE('',#1914,#1915);
#1914 = CARTESIAN_POINT('',(0.,-0.707106781187));
#1915 = VECTOR('',#1916,1.);
#1916 = DIRECTION('',(1.,0.));
#1917 = ( GEOMETRIC_REPRESENTATION_CONTEXT(2) 
PARAMETRIC_REPRESENTATION_CONTEXT() REPRESENTATION_CONTEXT('2D SPACE',''
  ) );
#1918 = ORIENTED_EDGE('',*,*,#1919,.F.);
#1919 = EDGE_CURVE('',#1875,#1897,#1920,.T.);
#1920 = SURFACE_CURVE('',#1921,(#1925,#1932),.PCURVE_S1.);
#1921 = LINE('',#1922,#1923);
#1922 = CARTESIAN_POINT('',(16.325,0.3,0.));
#1923 = VECTOR('',#1924,1.);
#1924 = DIRECTION('',(0.,0.,1.));
#1925 = PCURVE('',#679,#1926);
#1926 = DEFINITIONAL_REPRESENTATION('',(#1927),#1931);
#1927 = LINE('',#1928,#1929);
#1928 = CARTESIAN_POINT('',(0.,35.65));
#1929 = VECTOR('',#1930,1.);
#1930 = DIRECTION('',(1.,0.));
#1931 = ( GEOMETRIC_REPRESENTATION_CONTEXT(2) 
PARAMETRIC_REPRESENTATION_CONTEXT() REPRESENTATION_CONTEXT('2D SPACE',''
  ) );
#1932 = PCURVE('',#1933,#1938);
#1933 = CYLINDRICAL_SURFACE('',#1934,3.);
#1934 = AXIS2_PLACEMENT_3D('',#1935,#1936,#1937);
#1935 = CARTESIAN_POINT('',(16.325,3.3,0.));
#1936 = DIRECTION('',(0.,0.,1.));
#1937 = DIRECTION('',(1.,0.,-0.));
#1938 = DEFINITIONAL_REPRESENTATION('',(#1939),#1943);
#1939 = LINE('',#1940,#1941);
#1940 = CARTESIAN_POINT('',(-1.570796326795,0.));
#1941 = VECTOR('',#1942,1.);
#1942 = DIRECTION('',(-0.,1.));
#1943 = ( GEOMETRIC_REPRESENTATION_CONTEXT(2) 
PARAMETRIC_REPRESENTATION_CONTEXT() REPRESENTATION_CONTEXT('2D SPACE',''
  ) );
#1944 = ADVANCED_FACE('',(#1945),#651,.F.);
#1945 = FACE_BOUND('',#1946,.F.);
#1946 = EDGE_LOOP('',(#1947,#1948,#1949,#1950,#1974,#2002,#2030,#2059,
    #2085,#2114));
#1947 = ORIENTED_EDGE('',*,*,#1544,.F.);
#1948 = ORIENTED_EDGE('',*,*,#634,.T.);
#1949 = ORIENTED_EDGE('',*,*,#1874,.T.);
#1950 = ORIENTED_EDGE('',*,*,#1951,.T.);
#1951 = EDGE_CURVE('',#1875,#1952,#1954,.T.);
#1952 = VERTEX_POINT('',#1953);
#1953 = CARTESIAN_POINT('',(16.825,0.34196010845,19.85));
#1954 = SURFACE_CURVE('',#1955,(#1960,#1967),.PCURVE_S1.);
#1955 = CIRCLE('',#1956,3.);
#1956 = AXIS2_PLACEMENT_3D('',#1957,#1958,#1959);
#1957 = CARTESIAN_POINT('',(16.325,3.3,19.85));
#1958 = DIRECTION('',(0.,0.,1.));
#1959 = DIRECTION('',(1.,0.,-0.));
#1960 = PCURVE('',#651,#1961);
#1961 = DEFINITIONAL_REPRESENTATION('',(#1962),#1966);
#1962 = CIRCLE('',#1963,3.);
#1963 = AXIS2_PLACEMENT_2D('',#1964,#1965);
#1964 = CARTESIAN_POINT('',(33.15,4.));
#1965 = DIRECTION('',(1.,0.));
#1966 = ( GEOMETRIC_REPRESENTATION_CONTEXT(2) 
PARAMETRIC_REPRESENTATION_CONTEXT() REPRESENTATION_CONTEXT('2D SPACE',''
  ) );
#1967 = PCURVE('',#1933,#1968);
#1968 = DEFINITIONAL_REPRESENTATION('',(#1969),#1973);
#1969 = LINE('',#1970,#1971);
#1970 = CARTESIAN_POINT('',(-6.28318530718,19.85));
#1971 = VECTOR('',#1972,1.);
#1972 = DIRECTION('',(1.,-0.));
#1973 = ( GEOMETRIC_REPRESENTATION_CONTEXT(2) 
PARAMETRIC_REPRESENTATION_CONTEXT() REPRESENTATION_CONTEXT('2D SPACE',''
  ) );
#1974 = ORIENTED_EDGE('',*,*,#1975,.T.);
#1975 = EDGE_CURVE('',#1952,#1976,#1978,.T.);
#1976 = VERTEX_POINT('',#1977);
#1977 = CARTESIAN_POINT('',(16.825,1.91,19.85));
#1978 = SURFACE_CURVE('',#1979,(#1983,#1990),.PCURVE_S1.);
#1979 = LINE('',#1980,#1981);
#1980 = CARTESIAN_POINT('',(16.825,-0.7,19.85));
#1981 = VECTOR('',#1982,1.);
#1982 = DIRECTION('',(0.,1.,0.));
#1983 = PCURVE('',#651,#1984);
#1984 = DEFINITIONAL_REPRESENTATION('',(#1985),#1989);
#1985 = LINE('',#1986,#1987);
#1986 = CARTESIAN_POINT('',(33.65,0.));
#1987 = VECTOR('',#1988,1.);
#1988 = DIRECTION('',(0.,1.));
#1989 = ( GEOMETRIC_REPRESENTATION_CONTEXT(2) 
PARAMETRIC_REPRESENTATION_CONTEXT() REPRESENTATION_CONTEXT('2D SPACE',''
  ) );
#1990 = PCURVE('',#1991,#1996);
#1991 = PLANE('',#1992);
#1992 = AXIS2_PLACEMENT_3D('',#1993,#1994,#1995);
#1993 = CARTESIAN_POINT('',(16.825,-0.7,7.1));
#1994 = DIRECTION('',(1.,0.,0.));
#1995 = DIRECTION('',(0.,0.,1.));
#1996 = DEFINITIONAL_REPRESENTATION('',(#1997),#2001);
#1997 = LINE('',#1998,#1999);
#1998 = CARTESIAN_POINT('',(12.75,0.));
#1999 = VECTOR('',#2000,1.);
#2000 = DIRECTION('',(0.,-1.));
#2001 = ( GEOMETRIC_REPRESENTATION_CONTEXT(2) 
PARAMETRIC_REPRESENTATION_CONTEXT() REPRESENTATION_CONTEXT('2D SPACE',''
  ) );
#2002 = ORIENTED_EDGE('',*,*,#2003,.F.);
#2003 = EDGE_CURVE('',#2004,#1976,#2006,.T.);
#2004 = VERTEX_POINT('',#2005);
#2005 = CARTESIAN_POINT('',(16.70181145748,1.91,19.85));
#2006 = SURFACE_CURVE('',#2007,(#2011,#2018),.PCURVE_S1.);
#2007 = LINE('',#2008,#2009);
#2008 = CARTESIAN_POINT('',(-16.825,1.91,19.85));
#2009 = VECTOR('',#2010,1.);
#2010 = DIRECTION('',(1.,0.,0.));
#2011 = PCURVE('',#651,#2012);
#2012 = DEFINITIONAL_REPRESENTATION('',(#2013),#2017);
#2013 = LINE('',#2014,#2015);
#2014 = CARTESIAN_POINT('',(0.,2.61));
#2015 = VECTOR('',#2016,1.);
#2016 = DIRECTION('',(1.,0.));
#2017 = ( GEOMETRIC_REPRESENTATION_CONTEXT(2) 
PARAMETRIC_REPRESENTATION_CONTEXT() REPRESENTATION_CONTEXT('2D SPACE',''
  ) );
#2018 = PCURVE('',#2019,#2024);
#2019 = PLANE('',#2020);
#2020 = AXIS2_PLACEMENT_3D('',#2021,#2022,#2023);
#2021 = CARTESIAN_POINT('',(-16.825,1.91,7.1));
#2022 = DIRECTION('',(0.,1.,0.));
#2023 = DIRECTION('',(0.,0.,1.));
#2024 = DEFINITIONAL_REPRESENTATION('',(#2025),#2029);
#2025 = LINE('',#2026,#2027);
#2026 = CARTESIAN_POINT('',(12.75,0.));
#2027 = VECTOR('',#2028,1.);
#2028 = DIRECTION('',(0.,1.));
#2029 = ( GEOMETRIC_REPRESENTATION_CONTEXT(2) 
PARAMETRIC_REPRESENTATION_CONTEXT() REPRESENTATION_CONTEXT('2D SPACE',''
  ) );
#2030 = ORIENTED_EDGE('',*,*,#2031,.F.);
#2031 = EDGE_CURVE('',#2032,#2004,#2034,.T.);
#2032 = VERTEX_POINT('',#2033);
#2033 = CARTESIAN_POINT('',(16.625,1.9,19.85));
#2034 = SURFACE_CURVE('',#2035,(#2040,#2047),.PCURVE_S1.);
#2035 = CIRCLE('',#2036,0.3);
#2036 = AXIS2_PLACEMENT_3D('',#2037,#2038,#2039);
#2037 = CARTESIAN_POINT('',(16.625,2.2,19.85));
#2038 = DIRECTION('',(0.,0.,1.));
#2039 = DIRECTION('',(1.,0.,-0.));
#2040 = PCURVE('',#651,#2041);
#2041 = DEFINITIONAL_REPRESENTATION('',(#2042),#2046);
#2042 = CIRCLE('',#2043,0.3);
#2043 = AXIS2_PLACEMENT_2D('',#2044,#2045);
#2044 = CARTESIAN_POINT('',(33.45,2.9));
#2045 = DIRECTION('',(1.,0.));
#2046 = ( GEOMETRIC_REPRESENTATION_CONTEXT(2) 
PARAMETRIC_REPRESENTATION_CONTEXT() REPRESENTATION_CONTEXT('2D SPACE',''
  ) );
#2047 = PCURVE('',#2048,#2053);
#2048 = CYLINDRICAL_SURFACE('',#2049,0.3);
#2049 = AXIS2_PLACEMENT_3D('',#2050,#2051,#2052);
#2050 = CARTESIAN_POINT('',(16.625,2.2,2.));
#2051 = DIRECTION('',(0.,0.,1.));
#2052 = DIRECTION('',(1.,0.,-0.));
#2053 = DEFINITIONAL_REPRESENTATION('',(#2054),#2058);
#2054 = LINE('',#2055,#2056);
#2055 = CARTESIAN_POINT('',(-6.28318530718,17.85));
#2056 = VECTOR('',#2057,1.);
#2057 = DIRECTION('',(1.,-0.));
#2058 = ( GEOMETRIC_REPRESENTATION_CONTEXT(2) 
PARAMETRIC_REPRESENTATION_CONTEXT() REPRESENTATION_CONTEXT('2D SPACE',''
  ) );
#2059 = ORIENTED_EDGE('',*,*,#2060,.F.);
#2060 = EDGE_CURVE('',#2061,#2032,#2063,.T.);
#2061 = VERTEX_POINT('',#2062);
#2062 = CARTESIAN_POINT('',(-16.625,1.9,19.85));
#2063 = SURFACE_CURVE('',#2064,(#2068,#2074),.PCURVE_S1.);
#2064 = LINE('',#2065,#2066);
#2065 = CARTESIAN_POINT('',(-16.875,1.9,19.85));
#2066 = VECTOR('',#2067,1.);
#2067 = DIRECTION('',(1.,0.,0.));
#2068 = PCURVE('',#651,#2069);
#2069 = DEFINITIONAL_REPRESENTATION('',(#2070),#2073);
#2070 = B_SPLINE_CURVE_WITH_KNOTS('',1,(#2071,#2072),.UNSPECIFIED.,.F.,
  .F.,(2,2),(0.25,33.5),.PIECEWISE_BEZIER_KNOTS.);
#2071 = CARTESIAN_POINT('',(0.2,2.6));
#2072 = CARTESIAN_POINT('',(33.45,2.6));
#2073 = ( GEOMETRIC_REPRESENTATION_CONTEXT(2) 
PARAMETRIC_REPRESENTATION_CONTEXT() REPRESENTATION_CONTEXT('2D SPACE',''
  ) );
#2074 = PCURVE('',#2075,#2080);
#2075 = PLANE('',#2076);
#2076 = AXIS2_PLACEMENT_3D('',#2077,#2078,#2079);
#2077 = CARTESIAN_POINT('',(-16.925,1.9,2.));
#2078 = DIRECTION('',(0.,1.,0.));
#2079 = DIRECTION('',(0.,0.,1.));
#2080 = DEFINITIONAL_REPRESENTATION('',(#2081),#2084);
#2081 = B_SPLINE_CURVE_WITH_KNOTS('',1,(#2082,#2083),.UNSPECIFIED.,.F.,
  .F.,(2,2),(0.25,33.5),.PIECEWISE_BEZIER_KNOTS.);
#2082 = CARTESIAN_POINT('',(17.85,0.3));
#2083 = CARTESIAN_POINT('',(17.85,33.55));
#2084 = ( GEOMETRIC_REPRESENTATION_CONTEXT(2) 
PARAMETRIC_REPRESENTATION_CONTEXT() REPRESENTATION_CONTEXT('2D SPACE',''
  ) );
#2085 = ORIENTED_EDGE('',*,*,#2086,.F.);
#2086 = EDGE_CURVE('',#2087,#2061,#2089,.T.);
#2087 = VERTEX_POINT('',#2088);
#2088 = CARTESIAN_POINT('',(-16.70181145747,1.91,19.85));
#2089 = SURFACE_CURVE('',#2090,(#2095,#2102),.PCURVE_S1.);
#2090 = CIRCLE('',#2091,0.3);
#2091 = AXIS2_PLACEMENT_3D('',#2092,#2093,#2094);
#2092 = CARTESIAN_POINT('',(-16.625,2.2,19.85));
#2093 = DIRECTION('',(0.,0.,1.));
#2094 = DIRECTION('',(-1.,-0.,0.));
#2095 = PCURVE('',#651,#2096);
#2096 = DEFINITIONAL_REPRESENTATION('',(#2097),#2101);
#2097 = CIRCLE('',#2098,0.3);
#2098 = AXIS2_PLACEMENT_2D('',#2099,#2100);
#2099 = CARTESIAN_POINT('',(0.2,2.9));
#2100 = DIRECTION('',(-1.,0.));
#2101 = ( GEOMETRIC_REPRESENTATION_CONTEXT(2) 
PARAMETRIC_REPRESENTATION_CONTEXT() REPRESENTATION_CONTEXT('2D SPACE',''
  ) );
#2102 = PCURVE('',#2103,#2108);
#2103 = CYLINDRICAL_SURFACE('',#2104,0.3);
#2104 = AXIS2_PLACEMENT_3D('',#2105,#2106,#2107);
#2105 = CARTESIAN_POINT('',(-16.625,2.2,2.));
#2106 = DIRECTION('',(0.,0.,1.));
#2107 = DIRECTION('',(-1.,-0.,0.));
#2108 = DEFINITIONAL_REPRESENTATION('',(#2109),#2113);
#2109 = LINE('',#2110,#2111);
#2110 = CARTESIAN_POINT('',(0.,17.85));
#2111 = VECTOR('',#2112,1.);
#2112 = DIRECTION('',(1.,0.));
#2113 = ( GEOMETRIC_REPRESENTATION_CONTEXT(2) 
PARAMETRIC_REPRESENTATION_CONTEXT() REPRESENTATION_CONTEXT('2D SPACE',''
  ) );
#2114 = ORIENTED_EDGE('',*,*,#2115,.F.);
#2115 = EDGE_CURVE('',#1545,#2087,#2116,.T.);
#2116 = SURFACE_CURVE('',#2117,(#2121,#2128),.PCURVE_S1.);
#2117 = LINE('',#2118,#2119);
#2118 = CARTESIAN_POINT('',(-16.825,1.91,19.85));
#2119 = VECTOR('',#2120,1.);
#2120 = DIRECTION('',(1.,0.,0.));
#2121 = PCURVE('',#651,#2122);
#2122 = DEFINITIONAL_REPRESENTATION('',(#2123),#2127);
#2123 = LINE('',#2124,#2125);
#2124 = CARTESIAN_POINT('',(0.,2.61));
#2125 = VECTOR('',#2126,1.);
#2126 = DIRECTION('',(1.,0.));
#2127 = ( GEOMETRIC_REPRESENTATION_CONTEXT(2) 
PARAMETRIC_REPRESENTATION_CONTEXT() REPRESENTATION_CONTEXT('2D SPACE',''
  ) );
#2128 = PCURVE('',#1605,#2129);
#2129 = DEFINITIONAL_REPRESENTATION('',(#2130),#2134);
#2130 = LINE('',#2131,#2132);
#2131 = CARTESIAN_POINT('',(12.75,0.));
#2132 = VECTOR('',#2133,1.);
#2133 = DIRECTION('',(0.,1.));
#2134 = ( GEOMETRIC_REPRESENTATION_CONTEXT(2) 
PARAMETRIC_REPRESENTATION_CONTEXT() REPRESENTATION_CONTEXT('2D SPACE',''
  ) );
#2135 = ADVANCED_FACE('',(#2136),#785,.T.);
#2136 = FACE_BOUND('',#2137,.T.);
#2137 = EDGE_LOOP('',(#2138,#2168,#2196,#2225,#2253,#2282,#2310,#2338,
    #2367,#2390,#2414,#2437,#2460,#2488,#2511,#2539,#2560,#2561,#2562,
    #2585));
#2138 = ORIENTED_EDGE('',*,*,#2139,.F.);
#2139 = EDGE_CURVE('',#2140,#2142,#2144,.T.);
#2140 = VERTEX_POINT('',#2141);
#2141 = CARTESIAN_POINT('',(18.325,14.5,24.5));
#2142 = VERTEX_POINT('',#2143);
#2143 = CARTESIAN_POINT('',(18.325,3.3,24.5));
#2144 = SURFACE_CURVE('',#2145,(#2149,#2156),.PCURVE_S1.);
#2145 = LINE('',#2146,#2147);
#2146 = CARTESIAN_POINT('',(18.325,13.5,24.5));
#2147 = VECTOR('',#2148,1.);
#2148 = DIRECTION('',(-0.,-1.,-0.));
#2149 = PCURVE('',#785,#2150);
#2150 = DEFINITIONAL_REPRESENTATION('',(#2151),#2155);
#2151 = LINE('',#2152,#2153);
#2152 = CARTESIAN_POINT('',(37.65,13.2));
#2153 = VECTOR('',#2154,1.);
#2154 = DIRECTION('',(-0.,-1.));
#2155 = ( GEOMETRIC_REPRESENTATION_CONTEXT(2) 
PARAMETRIC_REPRESENTATION_CONTEXT() REPRESENTATION_CONTEXT('2D SPACE',''
  ) );
#2156 = PCURVE('',#2157,#2162);
#2157 = PLANE('',#2158);
#2158 = AXIS2_PLACEMENT_3D('',#2159,#2160,#2161);
#2159 = CARTESIAN_POINT('',(18.825,13.5,24.));
#2160 = DIRECTION('',(0.707106781187,5.911709633991E-18,0.707106781187)
  );
#2161 = DIRECTION('',(-4.180209970601E-18,1.,-4.180209970601E-18));
#2162 = DEFINITIONAL_REPRESENTATION('',(#2163),#2167);
#2163 = LINE('',#2164,#2165);
#2164 = CARTESIAN_POINT('',(-0.,0.707106781187));
#2165 = VECTOR('',#2166,1.);
#2166 = DIRECTION('',(-1.,0.));
#2167 = ( GEOMETRIC_REPRESENTATION_CONTEXT(2) 
PARAMETRIC_REPRESENTATION_CONTEXT() REPRESENTATION_CONTEXT('2D SPACE',''
  ) );
#2168 = ORIENTED_EDGE('',*,*,#2169,.T.);
#2169 = EDGE_CURVE('',#2140,#2170,#2172,.T.);
#2170 = VERTEX_POINT('',#2171);
#2171 = CARTESIAN_POINT('',(21.525,14.5,24.5));
#2172 = SURFACE_CURVE('',#2173,(#2177,#2184),.PCURVE_S1.);
#2173 = LINE('',#2174,#2175);
#2174 = CARTESIAN_POINT('',(19.325,14.5,24.5));
#2175 = VECTOR('',#2176,1.);
#2176 = DIRECTION('',(1.,0.,0.));
#2177 = PCURVE('',#785,#2178);
#2178 = DEFINITIONAL_REPRESENTATION('',(#2179),#2183);
#2179 = LINE('',#2180,#2181);
#2180 = CARTESIAN_POINT('',(38.65,14.2));
#2181 = VECTOR('',#2182,1.);
#2182 = DIRECTION('',(1.,0.));
#2183 = ( GEOMETRIC_REPRESENTATION_CONTEXT(2) 
PARAMETRIC_REPRESENTATION_CONTEXT() REPRESENTATION_CONTEXT('2D SPACE',''
  ) );
#2184 = PCURVE('',#2185,#2190);
#2185 = PLANE('',#2186);
#2186 = AXIS2_PLACEMENT_3D('',#2187,#2188,#2189);
#2187 = CARTESIAN_POINT('',(19.325,14.,24.));
#2188 = DIRECTION('',(-5.911709633991E-18,0.707106781187,-0.707106781187
    ));
#2189 = DIRECTION('',(1.,4.180209970601E-18,-4.180209970601E-18));
#2190 = DEFINITIONAL_REPRESENTATION('',(#2191),#2195);
#2191 = LINE('',#2192,#2193);
#2192 = CARTESIAN_POINT('',(0.,-0.707106781187));
#2193 = VECTOR('',#2194,1.);
#2194 = DIRECTION('',(1.,0.));
#2195 = ( GEOMETRIC_REPRESENTATION_CONTEXT(2) 
PARAMETRIC_REPRESENTATION_CONTEXT() REPRESENTATION_CONTEXT('2D SPACE',''
  ) );
#2196 = ORIENTED_EDGE('',*,*,#2197,.T.);
#2197 = EDGE_CURVE('',#2170,#2198,#2200,.T.);
#2198 = VERTEX_POINT('',#2199);
#2199 = CARTESIAN_POINT('',(22.525,15.5,24.5));
#2200 = SURFACE_CURVE('',#2201,(#2206,#2213),.PCURVE_S1.);
#2201 = CIRCLE('',#2202,1.);
#2202 = AXIS2_PLACEMENT_3D('',#2203,#2204,#2205);
#2203 = CARTESIAN_POINT('',(21.525,15.5,24.5));
#2204 = DIRECTION('',(0.,0.,1.));
#2205 = DIRECTION('',(0.,-1.,0.));
#2206 = PCURVE('',#785,#2207);
#2207 = DEFINITIONAL_REPRESENTATION('',(#2208),#2212);
#2208 = CIRCLE('',#2209,1.);
#2209 = AXIS2_PLACEMENT_2D('',#2210,#2211);
#2210 = CARTESIAN_POINT('',(40.85,15.2));
#2211 = DIRECTION('',(0.,-1.));
#2212 = ( GEOMETRIC_REPRESENTATION_CONTEXT(2) 
PARAMETRIC_REPRESENTATION_CONTEXT() REPRESENTATION_CONTEXT('2D SPACE',''
  ) );
#2213 = PCURVE('',#2214,#2219);
#2214 = CONICAL_SURFACE('',#2215,2.,0.785398163397);
#2215 = AXIS2_PLACEMENT_3D('',#2216,#2217,#2218);
#2216 = CARTESIAN_POINT('',(21.525,15.5,23.5));
#2217 = DIRECTION('',(-0.,-0.,-1.));
#2218 = DIRECTION('',(0.,-1.,0.));
#2219 = DEFINITIONAL_REPRESENTATION('',(#2220),#2224);
#2220 = LINE('',#2221,#2222);
#2221 = CARTESIAN_POINT('',(-0.,-1.));
#2222 = VECTOR('',#2223,1.);
#2223 = DIRECTION('',(-1.,0.));
#2224 = ( GEOMETRIC_REPRESENTATION_CONTEXT(2) 
PARAMETRIC_REPRESENTATION_CONTEXT() REPRESENTATION_CONTEXT('2D SPACE',''
  ) );
#2225 = ORIENTED_EDGE('',*,*,#2226,.T.);
#2226 = EDGE_CURVE('',#2198,#2227,#2229,.T.);
#2227 = VERTEX_POINT('',#2228);
#2228 = CARTESIAN_POINT('',(22.525,27.7,24.5));
#2229 = SURFACE_CURVE('',#2230,(#2234,#2241),.PCURVE_S1.);
#2230 = LINE('',#2231,#2232);
#2231 = CARTESIAN_POINT('',(22.525,15.5,24.5));
#2232 = VECTOR('',#2233,1.);
#2233 = DIRECTION('',(0.,1.,0.));
#2234 = PCURVE('',#785,#2235);
#2235 = DEFINITIONAL_REPRESENTATION('',(#2236),#2240);
#2236 = LINE('',#2237,#2238);
#2237 = CARTESIAN_POINT('',(41.85,15.2));
#2238 = VECTOR('',#2239,1.);
#2239 = DIRECTION('',(0.,1.));
#2240 = ( GEOMETRIC_REPRESENTATION_CONTEXT(2) 
PARAMETRIC_REPRESENTATION_CONTEXT() REPRESENTATION_CONTEXT('2D SPACE',''
  ) );
#2241 = PCURVE('',#2242,#2247);
#2242 = PLANE('',#2243);
#2243 = AXIS2_PLACEMENT_3D('',#2244,#2245,#2246);
#2244 = CARTESIAN_POINT('',(23.025,15.5,24.));
#2245 = DIRECTION('',(0.707106781187,5.911709633991E-18,0.707106781187)
  );
#2246 = DIRECTION('',(4.180209970601E-18,-1.,4.180209970601E-18));
#2247 = DEFINITIONAL_REPRESENTATION('',(#2248),#2252);
#2248 = LINE('',#2249,#2250);
#2249 = CARTESIAN_POINT('',(-0.,-0.707106781187));
#2250 = VECTOR('',#2251,1.);
#2251 = DIRECTION('',(-1.,0.));
#2252 = ( GEOMETRIC_REPRESENTATION_CONTEXT(2) 
PARAMETRIC_REPRESENTATION_CONTEXT() REPRESENTATION_CONTEXT('2D SPACE',''
  ) );
#2253 = ORIENTED_EDGE('',*,*,#2254,.T.);
#2254 = EDGE_CURVE('',#2227,#2255,#2257,.T.);
#2255 = VERTEX_POINT('',#2256);
#2256 = CARTESIAN_POINT('',(21.525,28.7,24.5));
#2257 = SURFACE_CURVE('',#2258,(#2263,#2270),.PCURVE_S1.);
#2258 = CIRCLE('',#2259,1.);
#2259 = AXIS2_PLACEMENT_3D('',#2260,#2261,#2262);
#2260 = CARTESIAN_POINT('',(21.525,27.7,24.5));
#2261 = DIRECTION('',(0.,0.,1.));
#2262 = DIRECTION('',(1.,0.,-0.));
#2263 = PCURVE('',#785,#2264);
#2264 = DEFINITIONAL_REPRESENTATION('',(#2265),#2269);
#2265 = CIRCLE('',#2266,1.);
#2266 = AXIS2_PLACEMENT_2D('',#2267,#2268);
#2267 = CARTESIAN_POINT('',(40.85,27.4));
#2268 = DIRECTION('',(1.,0.));
#2269 = ( GEOMETRIC_REPRESENTATION_CONTEXT(2) 
PARAMETRIC_REPRESENTATION_CONTEXT() REPRESENTATION_CONTEXT('2D SPACE',''
  ) );
#2270 = PCURVE('',#2271,#2276);
#2271 = CONICAL_SURFACE('',#2272,2.,0.785398163397);
#2272 = AXIS2_PLACEMENT_3D('',#2273,#2274,#2275);
#2273 = CARTESIAN_POINT('',(21.525,27.7,23.5));
#2274 = DIRECTION('',(-0.,-0.,-1.));
#2275 = DIRECTION('',(1.,0.,0.));
#2276 = DEFINITIONAL_REPRESENTATION('',(#2277),#2281);
#2277 = LINE('',#2278,#2279);
#2278 = CARTESIAN_POINT('',(-0.,-1.));
#2279 = VECTOR('',#2280,1.);
#2280 = DIRECTION('',(-1.,0.));
#2281 = ( GEOMETRIC_REPRESENTATION_CONTEXT(2) 
PARAMETRIC_REPRESENTATION_CONTEXT() REPRESENTATION_CONTEXT('2D SPACE',''
  ) );
#2282 = ORIENTED_EDGE('',*,*,#2283,.T.);
#2283 = EDGE_CURVE('',#2255,#2284,#2286,.T.);
#2284 = VERTEX_POINT('',#2285);
#2285 = CARTESIAN_POINT('',(18.325,28.7,24.5));
#2286 = SURFACE_CURVE('',#2287,(#2291,#2298),.PCURVE_S1.);
#2287 = LINE('',#2288,#2289);
#2288 = CARTESIAN_POINT('',(21.525,28.7,24.5));
#2289 = VECTOR('',#2290,1.);
#2290 = DIRECTION('',(-1.,-0.,-0.));
#2291 = PCURVE('',#785,#2292);
#2292 = DEFINITIONAL_REPRESENTATION('',(#2293),#2297);
#2293 = LINE('',#2294,#2295);
#2294 = CARTESIAN_POINT('',(40.85,28.4));
#2295 = VECTOR('',#2296,1.);
#2296 = DIRECTION('',(-1.,-0.));
#2297 = ( GEOMETRIC_REPRESENTATION_CONTEXT(2) 
PARAMETRIC_REPRESENTATION_CONTEXT() REPRESENTATION_CONTEXT('2D SPACE',''
  ) );
#2298 = PCURVE('',#2299,#2304);
#2299 = PLANE('',#2300);
#2300 = AXIS2_PLACEMENT_3D('',#2301,#2302,#2303);
#2301 = CARTESIAN_POINT('',(21.525,29.2,24.));
#2302 = DIRECTION('',(5.911709633991E-18,0.707106781187,0.707106781187)
  );
#2303 = DIRECTION('',(1.,-4.180209970601E-18,-4.180209970601E-18));
#2304 = DEFINITIONAL_REPRESENTATION('',(#2305),#2309);
#2305 = LINE('',#2306,#2307);
#2306 = CARTESIAN_POINT('',(-0.,-0.707106781187));
#2307 = VECTOR('',#2308,1.);
#2308 = DIRECTION('',(-1.,0.));
#2309 = ( GEOMETRIC_REPRESENTATION_CONTEXT(2) 
PARAMETRIC_REPRESENTATION_CONTEXT() REPRESENTATION_CONTEXT('2D SPACE',''
  ) );
#2310 = ORIENTED_EDGE('',*,*,#2311,.T.);
#2311 = EDGE_CURVE('',#2284,#2312,#2314,.T.);
#2312 = VERTEX_POINT('',#2313);
#2313 = CARTESIAN_POINT('',(18.325,41.79,24.5));
#2314 = SURFACE_CURVE('',#2315,(#2319,#2326),.PCURVE_S1.);
#2315 = LINE('',#2316,#2317);
#2316 = CARTESIAN_POINT('',(18.325,29.7,24.5));
#2317 = VECTOR('',#2318,1.);
#2318 = DIRECTION('',(0.,1.,0.));
#2319 = PCURVE('',#785,#2320);
#2320 = DEFINITIONAL_REPRESENTATION('',(#2321),#2325);
#2321 = LINE('',#2322,#2323);
#2322 = CARTESIAN_POINT('',(37.65,29.4));
#2323 = VECTOR('',#2324,1.);
#2324 = DIRECTION('',(0.,1.));
#2325 = ( GEOMETRIC_REPRESENTATION_CONTEXT(2) 
PARAMETRIC_REPRESENTATION_CONTEXT() REPRESENTATION_CONTEXT('2D SPACE',''
  ) );
#2326 = PCURVE('',#2327,#2332);
#2327 = PLANE('',#2328);
#2328 = AXIS2_PLACEMENT_3D('',#2329,#2330,#2331);
#2329 = CARTESIAN_POINT('',(18.825,29.7,24.));
#2330 = DIRECTION('',(0.707106781187,5.911709633991E-18,0.707106781187)
  );
#2331 = DIRECTION('',(4.180209970601E-18,-1.,4.180209970601E-18));
#2332 = DEFINITIONAL_REPRESENTATION('',(#2333),#2337);
#2333 = LINE('',#2334,#2335);
#2334 = CARTESIAN_POINT('',(-0.,-0.707106781187));
#2335 = VECTOR('',#2336,1.);
#2336 = DIRECTION('',(-1.,0.));
#2337 = ( GEOMETRIC_REPRESENTATION_CONTEXT(2) 
PARAMETRIC_REPRESENTATION_CONTEXT() REPRESENTATION_CONTEXT('2D SPACE',''
  ) );
#2338 = ORIENTED_EDGE('',*,*,#2339,.T.);
#2339 = EDGE_CURVE('',#2312,#2340,#2342,.T.);
#2340 = VERTEX_POINT('',#2341);
#2341 = CARTESIAN_POINT('',(16.325,43.79,24.5));
#2342 = SURFACE_CURVE('',#2343,(#2348,#2355),.PCURVE_S1.);
#2343 = CIRCLE('',#2344,2.);
#2344 = AXIS2_PLACEMENT_3D('',#2345,#2346,#2347);
#2345 = CARTESIAN_POINT('',(16.325,41.79,24.5));
#2346 = DIRECTION('',(0.,0.,1.));
#2347 = DIRECTION('',(1.,0.,-0.));
#2348 = PCURVE('',#785,#2349);
#2349 = DEFINITIONAL_REPRESENTATION('',(#2350),#2354);
#2350 = CIRCLE('',#2351,2.);
#2351 = AXIS2_PLACEMENT_2D('',#2352,#2353);
#2352 = CARTESIAN_POINT('',(35.65,41.49));
#2353 = DIRECTION('',(1.,0.));
#2354 = ( GEOMETRIC_REPRESENTATION_CONTEXT(2) 
PARAMETRIC_REPRESENTATION_CONTEXT() REPRESENTATION_CONTEXT('2D SPACE',''
  ) );
#2355 = PCURVE('',#2356,#2361);
#2356 = CONICAL_SURFACE('',#2357,3.,0.785398163397);
#2357 = AXIS2_PLACEMENT_3D('',#2358,#2359,#2360);
#2358 = CARTESIAN_POINT('',(16.325,41.79,23.5));
#2359 = DIRECTION('',(-0.,-0.,-1.));
#2360 = DIRECTION('',(1.,0.,0.));
#2361 = DEFINITIONAL_REPRESENTATION('',(#2362),#2366);
#2362 = LINE('',#2363,#2364);
#2363 = CARTESIAN_POINT('',(-0.,-1.));
#2364 = VECTOR('',#2365,1.);
#2365 = DIRECTION('',(-1.,0.));
#2366 = ( GEOMETRIC_REPRESENTATION_CONTEXT(2) 
PARAMETRIC_REPRESENTATION_CONTEXT() REPRESENTATION_CONTEXT('2D SPACE',''
  ) );
#2367 = ORIENTED_EDGE('',*,*,#2368,.T.);
#2368 = EDGE_CURVE('',#2340,#2369,#2371,.T.);
#2369 = VERTEX_POINT('',#2370);
#2370 = CARTESIAN_POINT('',(-16.325,43.79,24.5));
#2371 = SURFACE_CURVE('',#2372,(#2376,#2383),.PCURVE_S1.);
#2372 = LINE('',#2373,#2374);
#2373 = CARTESIAN_POINT('',(16.325,43.79,24.5));
#2374 = VECTOR('',#2375,1.);
#2375 = DIRECTION('',(-1.,-0.,-0.));
#2376 = PCURVE('',#785,#2377);
#2377 = DEFINITIONAL_REPRESENTATION('',(#2378),#2382);
#2378 = LINE('',#2379,#2380);
#2379 = CARTESIAN_POINT('',(35.65,43.49));
#2380 = VECTOR('',#2381,1.);
#2381 = DIRECTION('',(-1.,-0.));
#2382 = ( GEOMETRIC_REPRESENTATION_CONTEXT(2) 
PARAMETRIC_REPRESENTATION_CONTEXT() REPRESENTATION_CONTEXT('2D SPACE',''
  ) );
#2383 = PCURVE('',#1105,#2384);
#2384 = DEFINITIONAL_REPRESENTATION('',(#2385),#2389);
#2385 = LINE('',#2386,#2387);
#2386 = CARTESIAN_POINT('',(-0.,-0.707106781187));
#2387 = VECTOR('',#2388,1.);
#2388 = DIRECTION('',(-1.,0.));
#2389 = ( GEOMETRIC_REPRESENTATION_CONTEXT(2) 
PARAMETRIC_REPRESENTATION_CONTEXT() REPRESENTATION_CONTEXT('2D SPACE',''
  ) );
#2390 = ORIENTED_EDGE('',*,*,#2391,.T.);
#2391 = EDGE_CURVE('',#2369,#2392,#2394,.T.);
#2392 = VERTEX_POINT('',#2393);
#2393 = CARTESIAN_POINT('',(-18.325,41.79,24.5));
#2394 = SURFACE_CURVE('',#2395,(#2400,#2407),.PCURVE_S1.);
#2395 = CIRCLE('',#2396,2.);
#2396 = AXIS2_PLACEMENT_3D('',#2397,#2398,#2399);
#2397 = CARTESIAN_POINT('',(-16.325,41.79,24.5));
#2398 = DIRECTION('',(0.,0.,1.));
#2399 = DIRECTION('',(0.,1.,-0.));
#2400 = PCURVE('',#785,#2401);
#2401 = DEFINITIONAL_REPRESENTATION('',(#2402),#2406);
#2402 = CIRCLE('',#2403,2.);
#2403 = AXIS2_PLACEMENT_2D('',#2404,#2405);
#2404 = CARTESIAN_POINT('',(3.,41.49));
#2405 = DIRECTION('',(0.,1.));
#2406 = ( GEOMETRIC_REPRESENTATION_CONTEXT(2) 
PARAMETRIC_REPRESENTATION_CONTEXT() REPRESENTATION_CONTEXT('2D SPACE',''
  ) );
#2407 = PCURVE('',#1072,#2408);
#2408 = DEFINITIONAL_REPRESENTATION('',(#2409),#2413);
#2409 = LINE('',#2410,#2411);
#2410 = CARTESIAN_POINT('',(-0.,-1.));
#2411 = VECTOR('',#2412,1.);
#2412 = DIRECTION('',(-1.,0.));
#2413 = ( GEOMETRIC_REPRESENTATION_CONTEXT(2) 
PARAMETRIC_REPRESENTATION_CONTEXT() REPRESENTATION_CONTEXT('2D SPACE',''
  ) );
#2414 = ORIENTED_EDGE('',*,*,#2415,.T.);
#2415 = EDGE_CURVE('',#2392,#2416,#2418,.T.);
#2416 = VERTEX_POINT('',#2417);
#2417 = CARTESIAN_POINT('',(-18.325,28.7,24.5));
#2418 = SURFACE_CURVE('',#2419,(#2423,#2430),.PCURVE_S1.);
#2419 = LINE('',#2420,#2421);
#2420 = CARTESIAN_POINT('',(-18.325,41.79,24.5));
#2421 = VECTOR('',#2422,1.);
#2422 = DIRECTION('',(-0.,-1.,-0.));
#2423 = PCURVE('',#785,#2424);
#2424 = DEFINITIONAL_REPRESENTATION('',(#2425),#2429);
#2425 = LINE('',#2426,#2427);
#2426 = CARTESIAN_POINT('',(1.,41.49));
#2427 = VECTOR('',#2428,1.);
#2428 = DIRECTION('',(-0.,-1.));
#2429 = ( GEOMETRIC_REPRESENTATION_CONTEXT(2) 
PARAMETRIC_REPRESENTATION_CONTEXT() REPRESENTATION_CONTEXT('2D SPACE',''
  ) );
#2430 = PCURVE('',#1016,#2431);
#2431 = DEFINITIONAL_REPRESENTATION('',(#2432),#2436);
#2432 = LINE('',#2433,#2434);
#2433 = CARTESIAN_POINT('',(0.,-0.707106781187));
#2434 = VECTOR('',#2435,1.);
#2435 = DIRECTION('',(1.,0.));
#2436 = ( GEOMETRIC_REPRESENTATION_CONTEXT(2) 
PARAMETRIC_REPRESENTATION_CONTEXT() REPRESENTATION_CONTEXT('2D SPACE',''
  ) );
#2437 = ORIENTED_EDGE('',*,*,#2438,.F.);
#2438 = EDGE_CURVE('',#2439,#2416,#2441,.T.);
#2439 = VERTEX_POINT('',#2440);
#2440 = CARTESIAN_POINT('',(-21.525,28.7,24.5));
#2441 = SURFACE_CURVE('',#2442,(#2446,#2453),.PCURVE_S1.);
#2442 = LINE('',#2443,#2444);
#2443 = CARTESIAN_POINT('',(-21.525,28.7,24.5));
#2444 = VECTOR('',#2445,1.);
#2445 = DIRECTION('',(1.,0.,0.));
#2446 = PCURVE('',#785,#2447);
#2447 = DEFINITIONAL_REPRESENTATION('',(#2448),#2452);
#2448 = LINE('',#2449,#2450);
#2449 = CARTESIAN_POINT('',(-2.2,28.4));
#2450 = VECTOR('',#2451,1.);
#2451 = DIRECTION('',(1.,0.));
#2452 = ( GEOMETRIC_REPRESENTATION_CONTEXT(2) 
PARAMETRIC_REPRESENTATION_CONTEXT() REPRESENTATION_CONTEXT('2D SPACE',''
  ) );
#2453 = PCURVE('',#963,#2454);
#2454 = DEFINITIONAL_REPRESENTATION('',(#2455),#2459);
#2455 = LINE('',#2456,#2457);
#2456 = CARTESIAN_POINT('',(0.,-0.707106781187));
#2457 = VECTOR('',#2458,1.);
#2458 = DIRECTION('',(1.,0.));
#2459 = ( GEOMETRIC_REPRESENTATION_CONTEXT(2) 
PARAMETRIC_REPRESENTATION_CONTEXT() REPRESENTATION_CONTEXT('2D SPACE',''
  ) );
#2460 = ORIENTED_EDGE('',*,*,#2461,.F.);
#2461 = EDGE_CURVE('',#2462,#2439,#2464,.T.);
#2462 = VERTEX_POINT('',#2463);
#2463 = CARTESIAN_POINT('',(-22.525,27.7,24.5));
#2464 = SURFACE_CURVE('',#2465,(#2470,#2481),.PCURVE_S1.);
#2465 = CIRCLE('',#2466,1.);
#2466 = AXIS2_PLACEMENT_3D('',#2467,#2468,#2469);
#2467 = CARTESIAN_POINT('',(-21.525,27.7,24.5));
#2468 = DIRECTION('',(-0.,0.,-1.));
#2469 = DIRECTION('',(-1.,0.,0.));
#2470 = PCURVE('',#785,#2471);
#2471 = DEFINITIONAL_REPRESENTATION('',(#2472),#2480);
#2472 = ( BOUNDED_CURVE() B_SPLINE_CURVE(2,(#2473,#2474,#2475,#2476,
#2477,#2478,#2479),.UNSPECIFIED.,.T.,.F.) B_SPLINE_CURVE_WITH_KNOTS((1,2
    ,2,2,2,1),(-2.094395102393,0.,2.094395102393,4.188790204786,
6.28318530718,8.377580409573),.UNSPECIFIED.) CURVE() 
GEOMETRIC_REPRESENTATION_ITEM() RATIONAL_B_SPLINE_CURVE((1.,0.5,1.,0.5,
1.,0.5,1.)) REPRESENTATION_ITEM('') );
#2473 = CARTESIAN_POINT('',(-3.2,27.4));
#2474 = CARTESIAN_POINT('',(-3.2,29.132050807569));
#2475 = CARTESIAN_POINT('',(-1.7,28.266025403784));
#2476 = CARTESIAN_POINT('',(-0.2,27.4));
#2477 = CARTESIAN_POINT('',(-1.7,26.533974596216));
#2478 = CARTESIAN_POINT('',(-3.2,25.667949192431));
#2479 = CARTESIAN_POINT('',(-3.2,27.4));
#2480 = ( GEOMETRIC_REPRESENTATION_CONTEXT(2) 
PARAMETRIC_REPRESENTATION_CONTEXT() REPRESENTATION_CONTEXT('2D SPACE',''
  ) );
#2481 = PCURVE('',#911,#2482);
#2482 = DEFINITIONAL_REPRESENTATION('',(#2483),#2487);
#2483 = LINE('',#2484,#2485);
#2484 = CARTESIAN_POINT('',(0.,-1.));
#2485 = VECTOR('',#2486,1.);
#2486 = DIRECTION('',(1.,0.));
#2487 = ( GEOMETRIC_REPRESENTATION_CONTEXT(2) 
PARAMETRIC_REPRESENTATION_CONTEXT() REPRESENTATION_CONTEXT('2D SPACE',''
  ) );
#2488 = ORIENTED_EDGE('',*,*,#2489,.F.);
#2489 = EDGE_CURVE('',#2490,#2462,#2492,.T.);
#2490 = VERTEX_POINT('',#2491);
#2491 = CARTESIAN_POINT('',(-22.525,15.5,24.5));
#2492 = SURFACE_CURVE('',#2493,(#2497,#2504),.PCURVE_S1.);
#2493 = LINE('',#2494,#2495);
#2494 = CARTESIAN_POINT('',(-22.525,15.5,24.5));
#2495 = VECTOR('',#2496,1.);
#2496 = DIRECTION('',(0.,1.,0.));
#2497 = PCURVE('',#785,#2498);
#2498 = DEFINITIONAL_REPRESENTATION('',(#2499),#2503);
#2499 = LINE('',#2500,#2501);
#2500 = CARTESIAN_POINT('',(-3.2,15.2));
#2501 = VECTOR('',#2502,1.);
#2502 = DIRECTION('',(0.,1.));
#2503 = ( GEOMETRIC_REPRESENTATION_CONTEXT(2) 
PARAMETRIC_REPRESENTATION_CONTEXT() REPRESENTATION_CONTEXT('2D SPACE',''
  ) );
#2504 = PCURVE('',#1692,#2505);
#2505 = DEFINITIONAL_REPRESENTATION('',(#2506),#2510);
#2506 = LINE('',#2507,#2508);
#2507 = CARTESIAN_POINT('',(-0.,-0.707106781187));
#2508 = VECTOR('',#2509,1.);
#2509 = DIRECTION('',(-1.,0.));
#2510 = ( GEOMETRIC_REPRESENTATION_CONTEXT(2) 
PARAMETRIC_REPRESENTATION_CONTEXT() REPRESENTATION_CONTEXT('2D SPACE',''
  ) );
#2511 = ORIENTED_EDGE('',*,*,#2512,.F.);
#2512 = EDGE_CURVE('',#2513,#2490,#2515,.T.);
#2513 = VERTEX_POINT('',#2514);
#2514 = CARTESIAN_POINT('',(-21.525,14.5,24.5));
#2515 = SURFACE_CURVE('',#2516,(#2521,#2532),.PCURVE_S1.);
#2516 = CIRCLE('',#2517,1.);
#2517 = AXIS2_PLACEMENT_3D('',#2518,#2519,#2520);
#2518 = CARTESIAN_POINT('',(-21.525,15.5,24.5));
#2519 = DIRECTION('',(-0.,-0.,-1.));
#2520 = DIRECTION('',(0.,-1.,0.));
#2521 = PCURVE('',#785,#2522);
#2522 = DEFINITIONAL_REPRESENTATION('',(#2523),#2531);
#2523 = ( BOUNDED_CURVE() B_SPLINE_CURVE(2,(#2524,#2525,#2526,#2527,
#2528,#2529,#2530),.UNSPECIFIED.,.T.,.F.) B_SPLINE_CURVE_WITH_KNOTS((1,2
    ,2,2,2,1),(-2.094395102393,0.,2.094395102393,4.188790204786,
6.28318530718,8.377580409573),.UNSPECIFIED.) CURVE() 
GEOMETRIC_REPRESENTATION_ITEM() RATIONAL_B_SPLINE_CURVE((1.,0.5,1.,0.5,
1.,0.5,1.)) REPRESENTATION_ITEM('') );
#2524 = CARTESIAN_POINT('',(-2.2,14.2));
#2525 = CARTESIAN_POINT('',(-3.932050807569,14.2));
#2526 = CARTESIAN_POINT('',(-3.066025403784,15.7));
#2527 = CARTESIAN_POINT('',(-2.2,17.2));
#2528 = CARTESIAN_POINT('',(-1.333974596216,15.7));
#2529 = CARTESIAN_POINT('',(-0.467949192431,14.2));
#2530 = CARTESIAN_POINT('',(-2.2,14.2));
#2531 = ( GEOMETRIC_REPRESENTATION_CONTEXT(2) 
PARAMETRIC_REPRESENTATION_CONTEXT() REPRESENTATION_CONTEXT('2D SPACE',''
  ) );
#2532 = PCURVE('',#1660,#2533);
#2533 = DEFINITIONAL_REPRESENTATION('',(#2534),#2538);
#2534 = LINE('',#2535,#2536);
#2535 = CARTESIAN_POINT('',(0.,-1.));
#2536 = VECTOR('',#2537,1.);
#2537 = DIRECTION('',(1.,0.));
#2538 = ( GEOMETRIC_REPRESENTATION_CONTEXT(2) 
PARAMETRIC_REPRESENTATION_CONTEXT() REPRESENTATION_CONTEXT('2D SPACE',''
  ) );
#2539 = ORIENTED_EDGE('',*,*,#2540,.F.);
#2540 = EDGE_CURVE('',#744,#2513,#2541,.T.);
#2541 = SURFACE_CURVE('',#2542,(#2546,#2553),.PCURVE_S1.);
#2542 = LINE('',#2543,#2544);
#2543 = CARTESIAN_POINT('',(-19.325,14.5,24.5));
#2544 = VECTOR('',#2545,1.);
#2545 = DIRECTION('',(-1.,-0.,-0.));
#2546 = PCURVE('',#785,#2547);
#2547 = DEFINITIONAL_REPRESENTATION('',(#2548),#2552);
#2548 = LINE('',#2549,#2550);
#2549 = CARTESIAN_POINT('',(0.,14.2));
#2550 = VECTOR('',#2551,1.);
#2551 = DIRECTION('',(-1.,-0.));
#2552 = ( GEOMETRIC_REPRESENTATION_CONTEXT(2) 
PARAMETRIC_REPRESENTATION_CONTEXT() REPRESENTATION_CONTEXT('2D SPACE',''
  ) );
#2553 = PCURVE('',#759,#2554);
#2554 = DEFINITIONAL_REPRESENTATION('',(#2555),#2559);
#2555 = LINE('',#2556,#2557);
#2556 = CARTESIAN_POINT('',(-0.,-0.707106781187));
#2557 = VECTOR('',#2558,1.);
#2558 = DIRECTION('',(-1.,0.));
#2559 = ( GEOMETRIC_REPRESENTATION_CONTEXT(2) 
PARAMETRIC_REPRESENTATION_CONTEXT() REPRESENTATION_CONTEXT('2D SPACE',''
  ) );
#2560 = ORIENTED_EDGE('',*,*,#771,.F.);
#2561 = ORIENTED_EDGE('',*,*,#1845,.F.);
#2562 = ORIENTED_EDGE('',*,*,#2563,.F.);
#2563 = EDGE_CURVE('',#2564,#1818,#2566,.T.);
#2564 = VERTEX_POINT('',#2565);
#2565 = CARTESIAN_POINT('',(16.325,1.3,24.5));
#2566 = SURFACE_CURVE('',#2567,(#2571,#2578),.PCURVE_S1.);
#2567 = LINE('',#2568,#2569);
#2568 = CARTESIAN_POINT('',(16.325,1.3,24.5));
#2569 = VECTOR('',#2570,1.);
#2570 = DIRECTION('',(-1.,-0.,-0.));
#2571 = PCURVE('',#785,#2572);
#2572 = DEFINITIONAL_REPRESENTATION('',(#2573),#2577);
#2573 = LINE('',#2574,#2575);
#2574 = CARTESIAN_POINT('',(35.65,1.));
#2575 = VECTOR('',#2576,1.);
#2576 = DIRECTION('',(-1.,-0.));
#2577 = ( GEOMETRIC_REPRESENTATION_CONTEXT(2) 
PARAMETRIC_REPRESENTATION_CONTEXT() REPRESENTATION_CONTEXT('2D SPACE',''
  ) );
#2578 = PCURVE('',#1832,#2579);
#2579 = DEFINITIONAL_REPRESENTATION('',(#2580),#2584);
#2580 = LINE('',#2581,#2582);
#2581 = CARTESIAN_POINT('',(0.,0.707106781187));
#2582 = VECTOR('',#2583,1.);
#2583 = DIRECTION('',(1.,0.));
#2584 = ( GEOMETRIC_REPRESENTATION_CONTEXT(2) 
PARAMETRIC_REPRESENTATION_CONTEXT() REPRESENTATION_CONTEXT('2D SPACE',''
  ) );
#2585 = ORIENTED_EDGE('',*,*,#2586,.F.);
#2586 = EDGE_CURVE('',#2142,#2564,#2587,.T.);
#2587 = SURFACE_CURVE('',#2588,(#2593,#2604),.PCURVE_S1.);
#2588 = CIRCLE('',#2589,2.);
#2589 = AXIS2_PLACEMENT_3D('',#2590,#2591,#2592);
#2590 = CARTESIAN_POINT('',(16.325,3.3,24.5));
#2591 = DIRECTION('',(0.,-0.,-1.));
#2592 = DIRECTION('',(1.,1.480297366167E-16,-0.));
#2593 = PCURVE('',#785,#2594);
#2594 = DEFINITIONAL_REPRESENTATION('',(#2595),#2603);
#2595 = ( BOUNDED_CURVE() B_SPLINE_CURVE(2,(#2596,#2597,#2598,#2599,
#2600,#2601,#2602),.UNSPECIFIED.,.T.,.F.) B_SPLINE_CURVE_WITH_KNOTS((1,2
    ,2,2,2,1),(-2.094395102393,0.,2.094395102393,4.188790204786,
6.28318530718,8.377580409573),.UNSPECIFIED.) CURVE() 
GEOMETRIC_REPRESENTATION_ITEM() RATIONAL_B_SPLINE_CURVE((1.,0.5,1.,0.5,
1.,0.5,1.)) REPRESENTATION_ITEM('') );
#2596 = CARTESIAN_POINT('',(37.65,3.));
#2597 = CARTESIAN_POINT('',(37.65,-0.464101615138));
#2598 = CARTESIAN_POINT('',(34.65,1.267949192431));
#2599 = CARTESIAN_POINT('',(31.65,3.));
#2600 = CARTESIAN_POINT('',(34.65,4.732050807569));
#2601 = CARTESIAN_POINT('',(37.65,6.464101615138));
#2602 = CARTESIAN_POINT('',(37.65,3.));
#2603 = ( GEOMETRIC_REPRESENTATION_CONTEXT(2) 
PARAMETRIC_REPRESENTATION_CONTEXT() REPRESENTATION_CONTEXT('2D SPACE',''
  ) );
#2604 = PCURVE('',#2605,#2610);
#2605 = CONICAL_SURFACE('',#2606,3.,0.785398163397);
#2606 = AXIS2_PLACEMENT_3D('',#2607,#2608,#2609);
#2607 = CARTESIAN_POINT('',(16.325,3.3,23.5));
#2608 = DIRECTION('',(-0.,-0.,-1.));
#2609 = DIRECTION('',(1.,1.480297366167E-16,-0.));
#2610 = DEFINITIONAL_REPRESENTATION('',(#2611),#2615);
#2611 = LINE('',#2612,#2613);
#2612 = CARTESIAN_POINT('',(0.,-1.));
#2613 = VECTOR('',#2614,1.);
#2614 = DIRECTION('',(1.,-0.));
#2615 = ( GEOMETRIC_REPRESENTATION_CONTEXT(2) 
PARAMETRIC_REPRESENTATION_CONTEXT() REPRESENTATION_CONTEXT('2D SPACE',''
  ) );
#2616 = ADVANCED_FACE('',(#2617),#759,.F.);
#2617 = FACE_BOUND('',#2618,.T.);
#2618 = EDGE_LOOP('',(#2619,#2620,#2621,#2640));
#2619 = ORIENTED_EDGE('',*,*,#743,.T.);
#2620 = ORIENTED_EDGE('',*,*,#2540,.T.);
#2621 = ORIENTED_EDGE('',*,*,#2622,.T.);
#2622 = EDGE_CURVE('',#2513,#803,#2623,.T.);
#2623 = SURFACE_CURVE('',#2624,(#2628,#2634),.PCURVE_S1.);
#2624 = LINE('',#2625,#2626);
#2625 = CARTESIAN_POINT('',(-21.525,14.,24.));
#2626 = VECTOR('',#2627,1.);
#2627 = DIRECTION('',(4.054583578972E-35,-0.707106781187,-0.707106781187
    ));
#2628 = PCURVE('',#759,#2629);
#2629 = DEFINITIONAL_REPRESENTATION('',(#2630),#2633);
#2630 = B_SPLINE_CURVE_WITH_KNOTS('',1,(#2631,#2632),.UNSPECIFIED.,.F.,
  .F.,(2,2),(-0.707106781187,0.707106781187),.PIECEWISE_BEZIER_KNOTS.);
#2631 = CARTESIAN_POINT('',(-2.2,-0.707106781187));
#2632 = CARTESIAN_POINT('',(-2.2,0.707106781187));
#2633 = ( GEOMETRIC_REPRESENTATION_CONTEXT(2) 
PARAMETRIC_REPRESENTATION_CONTEXT() REPRESENTATION_CONTEXT('2D SPACE',''
  ) );
#2634 = PCURVE('',#1660,#2635);
#2635 = DEFINITIONAL_REPRESENTATION('',(#2636),#2639);
#2636 = B_SPLINE_CURVE_WITH_KNOTS('',1,(#2637,#2638),.UNSPECIFIED.,.F.,
  .F.,(2,2),(-0.707106781187,0.707106781187),.PIECEWISE_BEZIER_KNOTS.);
#2637 = CARTESIAN_POINT('',(0.,-1.));
#2638 = CARTESIAN_POINT('',(0.,-2.041120196289E-15));
#2639 = ( GEOMETRIC_REPRESENTATION_CONTEXT(2) 
PARAMETRIC_REPRESENTATION_CONTEXT() REPRESENTATION_CONTEXT('2D SPACE',''
  ) );
#2640 = ORIENTED_EDGE('',*,*,#825,.F.);
#2641 = ADVANCED_FACE('',(#2642),#911,.T.);
#2642 = FACE_BOUND('',#2643,.T.);
#2643 = EDGE_LOOP('',(#2644,#2663,#2664,#2683));
#2644 = ORIENTED_EDGE('',*,*,#2645,.F.);
#2645 = EDGE_CURVE('',#2462,#850,#2646,.T.);
#2646 = SURFACE_CURVE('',#2647,(#2651,#2657),.PCURVE_S1.);
#2647 = LINE('',#2648,#2649);
#2648 = CARTESIAN_POINT('',(-23.025,27.7,24.));
#2649 = VECTOR('',#2650,1.);
#2650 = DIRECTION('',(-0.707106781187,-4.054583578972E-35,
    -0.707106781187));
#2651 = PCURVE('',#911,#2652);
#2652 = DEFINITIONAL_REPRESENTATION('',(#2653),#2656);
#2653 = B_SPLINE_CURVE_WITH_KNOTS('',1,(#2654,#2655),.UNSPECIFIED.,.F.,
  .F.,(2,2),(-0.707106781187,0.707106781187),.PIECEWISE_BEZIER_KNOTS.);
#2654 = CARTESIAN_POINT('',(0.,-1.));
#2655 = CARTESIAN_POINT('',(0.,1.570092458684E-16));
#2656 = ( GEOMETRIC_REPRESENTATION_CONTEXT(2) 
PARAMETRIC_REPRESENTATION_CONTEXT() REPRESENTATION_CONTEXT('2D SPACE',''
  ) );
#2657 = PCURVE('',#1692,#2658);
#2658 = DEFINITIONAL_REPRESENTATION('',(#2659),#2662);
#2659 = B_SPLINE_CURVE_WITH_KNOTS('',1,(#2660,#2661),.UNSPECIFIED.,.F.,
  .F.,(2,2),(-0.707106781187,0.707106781187),.PIECEWISE_BEZIER_KNOTS.);
#2660 = CARTESIAN_POINT('',(-12.2,-0.707106781187));
#2661 = CARTESIAN_POINT('',(-12.2,0.707106781187));
#2662 = ( GEOMETRIC_REPRESENTATION_CONTEXT(2) 
PARAMETRIC_REPRESENTATION_CONTEXT() REPRESENTATION_CONTEXT('2D SPACE',''
  ) );
#2663 = ORIENTED_EDGE('',*,*,#2461,.T.);
#2664 = ORIENTED_EDGE('',*,*,#2665,.T.);
#2665 = EDGE_CURVE('',#2439,#874,#2666,.T.);
#2666 = SURFACE_CURVE('',#2667,(#2671,#2677),.PCURVE_S1.);
#2667 = LINE('',#2668,#2669);
#2668 = CARTESIAN_POINT('',(-21.525,29.7,23.5));
#2669 = VECTOR('',#2670,1.);
#2670 = DIRECTION('',(-4.329780281177E-17,0.707106781187,-0.707106781187
    ));
#2671 = PCURVE('',#911,#2672);
#2672 = DEFINITIONAL_REPRESENTATION('',(#2673),#2676);
#2673 = B_SPLINE_CURVE_WITH_KNOTS('',1,(#2674,#2675),.UNSPECIFIED.,.F.,
  .F.,(2,2),(-1.414213562373,0.),.PIECEWISE_BEZIER_KNOTS.);
#2674 = CARTESIAN_POINT('',(1.570796326795,-1.));
#2675 = CARTESIAN_POINT('',(1.570796326795,0.));
#2676 = ( GEOMETRIC_REPRESENTATION_CONTEXT(2) 
PARAMETRIC_REPRESENTATION_CONTEXT() REPRESENTATION_CONTEXT('2D SPACE',''
  ) );
#2677 = PCURVE('',#963,#2678);
#2678 = DEFINITIONAL_REPRESENTATION('',(#2679),#2682);
#2679 = B_SPLINE_CURVE_WITH_KNOTS('',1,(#2680,#2681),.UNSPECIFIED.,.F.,
  .F.,(2,2),(-1.414213562373,0.),.PIECEWISE_BEZIER_KNOTS.);
#2680 = CARTESIAN_POINT('',(0.,-0.707106781187));
#2681 = CARTESIAN_POINT('',(0.,0.707106781187));
#2682 = ( GEOMETRIC_REPRESENTATION_CONTEXT(2) 
PARAMETRIC_REPRESENTATION_CONTEXT() REPRESENTATION_CONTEXT('2D SPACE',''
  ) );
#2683 = ORIENTED_EDGE('',*,*,#896,.F.);
#2684 = ADVANCED_FACE('',(#2685),#963,.T.);
#2685 = FACE_BOUND('',#2686,.T.);
#2686 = EDGE_LOOP('',(#2687,#2688,#2689,#2710));
#2687 = ORIENTED_EDGE('',*,*,#2665,.F.);
#2688 = ORIENTED_EDGE('',*,*,#2438,.T.);
#2689 = ORIENTED_EDGE('',*,*,#2690,.T.);
#2690 = EDGE_CURVE('',#2416,#927,#2691,.T.);
#2691 = SURFACE_CURVE('',#2692,(#2696,#2703),.PCURVE_S1.);
#2692 = LINE('',#2693,#2694);
#2693 = CARTESIAN_POINT('',(-21.37333333333,31.748333333333,
    21.451666666667));
#2694 = VECTOR('',#2695,1.);
#2695 = DIRECTION('',(-0.57735026919,0.57735026919,-0.57735026919));
#2696 = PCURVE('',#963,#2697);
#2697 = DEFINITIONAL_REPRESENTATION('',(#2698),#2702);
#2698 = LINE('',#2699,#2700);
#2699 = CARTESIAN_POINT('',(0.151666666667,3.603887561447));
#2700 = VECTOR('',#2701,1.);
#2701 = DIRECTION('',(-0.57735026919,0.816496580928));
#2702 = ( GEOMETRIC_REPRESENTATION_CONTEXT(2) 
PARAMETRIC_REPRESENTATION_CONTEXT() REPRESENTATION_CONTEXT('2D SPACE',''
  ) );
#2703 = PCURVE('',#1016,#2704);
#2704 = DEFINITIONAL_REPRESENTATION('',(#2705),#2709);
#2705 = LINE('',#2706,#2707);
#2706 = CARTESIAN_POINT('',(10.041666666667,3.603887561447));
#2707 = VECTOR('',#2708,1.);
#2708 = DIRECTION('',(-0.57735026919,0.816496580928));
#2709 = ( GEOMETRIC_REPRESENTATION_CONTEXT(2) 
PARAMETRIC_REPRESENTATION_CONTEXT() REPRESENTATION_CONTEXT('2D SPACE',''
  ) );
#2710 = ORIENTED_EDGE('',*,*,#949,.F.);
#2711 = ADVANCED_FACE('',(#2712),#1016,.F.);
#2712 = FACE_BOUND('',#2713,.F.);
#2713 = EDGE_LOOP('',(#2714,#2733,#2734,#2735));
#2714 = ORIENTED_EDGE('',*,*,#2715,.F.);
#2715 = EDGE_CURVE('',#2392,#980,#2716,.T.);
#2716 = SURFACE_CURVE('',#2717,(#2721,#2727),.PCURVE_S1.);
#2717 = LINE('',#2718,#2719);
#2718 = CARTESIAN_POINT('',(-19.325,41.79,23.5));
#2719 = VECTOR('',#2720,1.);
#2720 = DIRECTION('',(-0.707106781187,4.329780281177E-17,-0.707106781187
    ));
#2721 = PCURVE('',#1016,#2722);
#2722 = DEFINITIONAL_REPRESENTATION('',(#2723),#2726);
#2723 = B_SPLINE_CURVE_WITH_KNOTS('',1,(#2724,#2725),.UNSPECIFIED.,.F.,
  .F.,(2,2),(-1.414213562373,0.),.PIECEWISE_BEZIER_KNOTS.);
#2724 = CARTESIAN_POINT('',(0.,-0.707106781187));
#2725 = CARTESIAN_POINT('',(0.,0.707106781187));
#2726 = ( GEOMETRIC_REPRESENTATION_CONTEXT(2) 
PARAMETRIC_REPRESENTATION_CONTEXT() REPRESENTATION_CONTEXT('2D SPACE',''
  ) );
#2727 = PCURVE('',#1072,#2728);
#2728 = DEFINITIONAL_REPRESENTATION('',(#2729),#2732);
#2729 = B_SPLINE_CURVE_WITH_KNOTS('',1,(#2730,#2731),.UNSPECIFIED.,.F.,
  .F.,(2,2),(-1.414213562373,0.),.PIECEWISE_BEZIER_KNOTS.);
#2730 = CARTESIAN_POINT('',(-1.570796326795,-1.));
#2731 = CARTESIAN_POINT('',(-1.570796326795,0.));
#2732 = ( GEOMETRIC_REPRESENTATION_CONTEXT(2) 
PARAMETRIC_REPRESENTATION_CONTEXT() REPRESENTATION_CONTEXT('2D SPACE',''
  ) );
#2733 = ORIENTED_EDGE('',*,*,#2415,.T.);
#2734 = ORIENTED_EDGE('',*,*,#2690,.T.);
#2735 = ORIENTED_EDGE('',*,*,#1002,.F.);
#2736 = ADVANCED_FACE('',(#2737),#1072,.T.);
#2737 = FACE_BOUND('',#2738,.F.);
#2738 = EDGE_LOOP('',(#2739,#2758,#2759,#2760));
#2739 = ORIENTED_EDGE('',*,*,#2740,.F.);
#2740 = EDGE_CURVE('',#2369,#1035,#2741,.T.);
#2741 = SURFACE_CURVE('',#2742,(#2746,#2752),.PCURVE_S1.);
#2742 = LINE('',#2743,#2744);
#2743 = CARTESIAN_POINT('',(-16.325,44.29,24.));
#2744 = VECTOR('',#2745,1.);
#2745 = DIRECTION('',(4.054583578972E-35,0.707106781187,-0.707106781187)
  );
#2746 = PCURVE('',#1072,#2747);
#2747 = DEFINITIONAL_REPRESENTATION('',(#2748),#2751);
#2748 = B_SPLINE_CURVE_WITH_KNOTS('',1,(#2749,#2750),.UNSPECIFIED.,.F.,
  .F.,(2,2),(-0.707106781187,0.707106781187),.PIECEWISE_BEZIER_KNOTS.);
#2749 = CARTESIAN_POINT('',(0.,-1.));
#2750 = CARTESIAN_POINT('',(0.,1.727101704552E-15));
#2751 = ( GEOMETRIC_REPRESENTATION_CONTEXT(2) 
PARAMETRIC_REPRESENTATION_CONTEXT() REPRESENTATION_CONTEXT('2D SPACE',''
  ) );
#2752 = PCURVE('',#1105,#2753);
#2753 = DEFINITIONAL_REPRESENTATION('',(#2754),#2757);
#2754 = B_SPLINE_CURVE_WITH_KNOTS('',1,(#2755,#2756),.UNSPECIFIED.,.F.,
  .F.,(2,2),(-0.707106781187,0.707106781187),.PIECEWISE_BEZIER_KNOTS.);
#2755 = CARTESIAN_POINT('',(-32.65,-0.707106781187));
#2756 = CARTESIAN_POINT('',(-32.65,0.707106781187));
#2757 = ( GEOMETRIC_REPRESENTATION_CONTEXT(2) 
PARAMETRIC_REPRESENTATION_CONTEXT() REPRESENTATION_CONTEXT('2D SPACE',''
  ) );
#2758 = ORIENTED_EDGE('',*,*,#2391,.T.);
#2759 = ORIENTED_EDGE('',*,*,#2715,.T.);
#2760 = ORIENTED_EDGE('',*,*,#1057,.F.);
#2761 = ADVANCED_FACE('',(#2762),#1212,.F.);
#2762 = FACE_BOUND('',#2763,.F.);
#2763 = EDGE_LOOP('',(#2764,#2765,#2786,#2807));
#2764 = ORIENTED_EDGE('',*,*,#1245,.F.);
#2765 = ORIENTED_EDGE('',*,*,#2766,.T.);
#2766 = EDGE_CURVE('',#1246,#2767,#2769,.T.);
#2767 = VERTEX_POINT('',#2768);
#2768 = CARTESIAN_POINT('',(12.7,43.19,22.35));
#2769 = SURFACE_CURVE('',#2770,(#2774,#2780),.PCURVE_S1.);
#2770 = LINE('',#2771,#2772);
#2771 = CARTESIAN_POINT('',(-14.8125,43.19,22.35));
#2772 = VECTOR('',#2773,1.);
#2773 = DIRECTION('',(1.,0.,0.));
#2774 = PCURVE('',#1212,#2775);
#2775 = DEFINITIONAL_REPRESENTATION('',(#2776),#2779);
#2776 = B_SPLINE_CURVE_WITH_KNOTS('',1,(#2777,#2778),.UNSPECIFIED.,.F.,
  .F.,(2,2),(2.1125,27.5125),.PIECEWISE_BEZIER_KNOTS.);
#2777 = CARTESIAN_POINT('',(0.,9.999999999998E-03));
#2778 = CARTESIAN_POINT('',(25.4,9.999999999998E-03));
#2779 = ( GEOMETRIC_REPRESENTATION_CONTEXT(2) 
PARAMETRIC_REPRESENTATION_CONTEXT() REPRESENTATION_CONTEXT('2D SPACE',''
  ) );
#2780 = PCURVE('',#1283,#2781);
#2781 = DEFINITIONAL_REPRESENTATION('',(#2782),#2785);
#2782 = B_SPLINE_CURVE_WITH_KNOTS('',1,(#2783,#2784),.UNSPECIFIED.,.F.,
  .F.,(2,2),(2.1125,27.5125),.PIECEWISE_BEZIER_KNOTS.);
#2783 = CARTESIAN_POINT('',(20.35,4.225));
#2784 = CARTESIAN_POINT('',(20.35,29.625));
#2785 = ( GEOMETRIC_REPRESENTATION_CONTEXT(2) 
PARAMETRIC_REPRESENTATION_CONTEXT() REPRESENTATION_CONTEXT('2D SPACE',''
  ) );
#2786 = ORIENTED_EDGE('',*,*,#2787,.T.);
#2787 = EDGE_CURVE('',#2767,#1172,#2788,.T.);
#2788 = SURFACE_CURVE('',#2789,(#2793,#2800),.PCURVE_S1.);
#2789 = LINE('',#2790,#2791);
#2790 = CARTESIAN_POINT('',(12.7,43.18,22.35));
#2791 = VECTOR('',#2792,1.);
#2792 = DIRECTION('',(0.,1.,0.));
#2793 = PCURVE('',#1212,#2794);
#2794 = DEFINITIONAL_REPRESENTATION('',(#2795),#2799);
#2795 = LINE('',#2796,#2797);
#2796 = CARTESIAN_POINT('',(25.4,0.));
#2797 = VECTOR('',#2798,1.);
#2798 = DIRECTION('',(0.,1.));
#2799 = ( GEOMETRIC_REPRESENTATION_CONTEXT(2) 
PARAMETRIC_REPRESENTATION_CONTEXT() REPRESENTATION_CONTEXT('2D SPACE',''
  ) );
#2800 = PCURVE('',#1186,#2801);
#2801 = DEFINITIONAL_REPRESENTATION('',(#2802),#2806);
#2802 = LINE('',#2803,#2804);
#2803 = CARTESIAN_POINT('',(15.25,0.));
#2804 = VECTOR('',#2805,1.);
#2805 = DIRECTION('',(0.,-1.));
#2806 = ( GEOMETRIC_REPRESENTATION_CONTEXT(2) 
PARAMETRIC_REPRESENTATION_CONTEXT() REPRESENTATION_CONTEXT('2D SPACE',''
  ) );
#2807 = ORIENTED_EDGE('',*,*,#1197,.F.);
#2808 = ADVANCED_FACE('',(#2809),#1186,.F.);
#2809 = FACE_BOUND('',#2810,.F.);
#2810 = EDGE_LOOP('',(#2811,#2812,#2833,#2859,#2885,#2906));
#2811 = ORIENTED_EDGE('',*,*,#2787,.F.);
#2812 = ORIENTED_EDGE('',*,*,#2813,.T.);
#2813 = EDGE_CURVE('',#2767,#2814,#2816,.T.);
#2814 = VERTEX_POINT('',#2815);
#2815 = CARTESIAN_POINT('',(12.7,43.19,9.));
#2816 = SURFACE_CURVE('',#2817,(#2821,#2827),.PCURVE_S1.);
#2817 = LINE('',#2818,#2819);
#2818 = CARTESIAN_POINT('',(12.7,43.19,4.55));
#2819 = VECTOR('',#2820,1.);
#2820 = DIRECTION('',(0.,0.,-1.));
#2821 = PCURVE('',#1186,#2822);
#2822 = DEFINITIONAL_REPRESENTATION('',(#2823),#2826);
#2823 = B_SPLINE_CURVE_WITH_KNOTS('',1,(#2824,#2825),.UNSPECIFIED.,.F.,
  .F.,(2,2),(-17.8,-4.45),.PIECEWISE_BEZIER_KNOTS.);
#2824 = CARTESIAN_POINT('',(15.25,-9.999999999998E-03));
#2825 = CARTESIAN_POINT('',(1.9,-9.999999999998E-03));
#2826 = ( GEOMETRIC_REPRESENTATION_CONTEXT(2) 
PARAMETRIC_REPRESENTATION_CONTEXT() REPRESENTATION_CONTEXT('2D SPACE',''
  ) );
#2827 = PCURVE('',#1283,#2828);
#2828 = DEFINITIONAL_REPRESENTATION('',(#2829),#2832);
#2829 = B_SPLINE_CURVE_WITH_KNOTS('',1,(#2830,#2831),.UNSPECIFIED.,.F.,
  .F.,(2,2),(-17.8,-4.45),.PIECEWISE_BEZIER_KNOTS.);
#2830 = CARTESIAN_POINT('',(20.35,29.625));
#2831 = CARTESIAN_POINT('',(7.,29.625));
#2832 = ( GEOMETRIC_REPRESENTATION_CONTEXT(2) 
PARAMETRIC_REPRESENTATION_CONTEXT() REPRESENTATION_CONTEXT('2D SPACE',''
  ) );
#2833 = ORIENTED_EDGE('',*,*,#2834,.T.);
#2834 = EDGE_CURVE('',#2814,#2835,#2837,.T.);
#2835 = VERTEX_POINT('',#2836);
#2836 = CARTESIAN_POINT('',(12.7,44.39,9.));
#2837 = SURFACE_CURVE('',#2838,(#2842,#2848),.PCURVE_S1.);
#2838 = LINE('',#2839,#2840);
#2839 = CARTESIAN_POINT('',(12.7,21.94,9.));
#2840 = VECTOR('',#2841,1.);
#2841 = DIRECTION('',(0.,1.,0.));
#2842 = PCURVE('',#1186,#2843);
#2843 = DEFINITIONAL_REPRESENTATION('',(#2844),#2847);
#2844 = B_SPLINE_CURVE_WITH_KNOTS('',1,(#2845,#2846),.UNSPECIFIED.,.F.,
  .F.,(2,2),(21.24,22.45),.PIECEWISE_BEZIER_KNOTS.);
#2845 = CARTESIAN_POINT('',(1.9,0.));
#2846 = CARTESIAN_POINT('',(1.9,-1.21));
#2847 = ( GEOMETRIC_REPRESENTATION_CONTEXT(2) 
PARAMETRIC_REPRESENTATION_CONTEXT() REPRESENTATION_CONTEXT('2D SPACE',''
  ) );
#2848 = PCURVE('',#2849,#2854);
#2849 = PLANE('',#2850);
#2850 = AXIS2_PLACEMENT_3D('',#2851,#2852,#2853);
#2851 = CARTESIAN_POINT('',(-18.125,0.7,9.));
#2852 = DIRECTION('',(0.,0.,1.));
#2853 = DIRECTION('',(1.,0.,0.));
#2854 = DEFINITIONAL_REPRESENTATION('',(#2855),#2858);
#2855 = B_SPLINE_CURVE_WITH_KNOTS('',1,(#2856,#2857),.UNSPECIFIED.,.F.,
  .F.,(2,2),(21.24,22.45),.PIECEWISE_BEZIER_KNOTS.);
#2856 = CARTESIAN_POINT('',(30.825,42.48));
#2857 = CARTESIAN_POINT('',(30.825,43.69));
#2858 = ( GEOMETRIC_REPRESENTATION_CONTEXT(2) 
PARAMETRIC_REPRESENTATION_CONTEXT() REPRESENTATION_CONTEXT('2D SPACE',''
  ) );
#2859 = ORIENTED_EDGE('',*,*,#2860,.T.);
#2860 = EDGE_CURVE('',#2835,#2861,#2863,.T.);
#2861 = VERTEX_POINT('',#2862);
#2862 = CARTESIAN_POINT('',(12.7,44.39,7.1));
#2863 = SURFACE_CURVE('',#2864,(#2868,#2874),.PCURVE_S1.);
#2864 = LINE('',#2865,#2866);
#2865 = CARTESIAN_POINT('',(12.7,44.39,6.6));
#2866 = VECTOR('',#2867,1.);
#2867 = DIRECTION('',(0.,0.,-1.));
#2868 = PCURVE('',#1186,#2869);
#2869 = DEFINITIONAL_REPRESENTATION('',(#2870),#2873);
#2870 = B_SPLINE_CURVE_WITH_KNOTS('',1,(#2871,#2872),.UNSPECIFIED.,.F.,
  .F.,(2,2),(-2.4,-0.5),.PIECEWISE_BEZIER_KNOTS.);
#2871 = CARTESIAN_POINT('',(1.9,-1.21));
#2872 = CARTESIAN_POINT('',(0.,-1.21));
#2873 = ( GEOMETRIC_REPRESENTATION_CONTEXT(2) 
PARAMETRIC_REPRESENTATION_CONTEXT() REPRESENTATION_CONTEXT('2D SPACE',''
  ) );
#2874 = PCURVE('',#2875,#2880);
#2875 = PLANE('',#2876);
#2876 = AXIS2_PLACEMENT_3D('',#2877,#2878,#2879);
#2877 = CARTESIAN_POINT('',(-18.125,44.39,6.1));
#2878 = DIRECTION('',(0.,1.,0.));
#2879 = DIRECTION('',(0.,0.,1.));
#2880 = DEFINITIONAL_REPRESENTATION('',(#2881),#2884);
#2881 = B_SPLINE_CURVE_WITH_KNOTS('',1,(#2882,#2883),.UNSPECIFIED.,.F.,
  .F.,(2,2),(-2.4,-0.5),.PIECEWISE_BEZIER_KNOTS.);
#2882 = CARTESIAN_POINT('',(2.9,30.825));
#2883 = CARTESIAN_POINT('',(1.,30.825));
#2884 = ( GEOMETRIC_REPRESENTATION_CONTEXT(2) 
PARAMETRIC_REPRESENTATION_CONTEXT() REPRESENTATION_CONTEXT('2D SPACE',''
  ) );
#2885 = ORIENTED_EDGE('',*,*,#2886,.T.);
#2886 = EDGE_CURVE('',#2861,#1146,#2887,.T.);
#2887 = SURFACE_CURVE('',#2888,(#2892,#2899),.PCURVE_S1.);
#2888 = LINE('',#2889,#2890);
#2889 = CARTESIAN_POINT('',(12.7,43.18,7.1));
#2890 = VECTOR('',#2891,1.);
#2891 = DIRECTION('',(0.,1.,0.));
#2892 = PCURVE('',#1186,#2893);
#2893 = DEFINITIONAL_REPRESENTATION('',(#2894),#2898);
#2894 = LINE('',#2895,#2896);
#2895 = CARTESIAN_POINT('',(0.,0.));
#2896 = VECTOR('',#2897,1.);
#2897 = DIRECTION('',(0.,-1.));
#2898 = ( GEOMETRIC_REPRESENTATION_CONTEXT(2) 
PARAMETRIC_REPRESENTATION_CONTEXT() REPRESENTATION_CONTEXT('2D SPACE',''
  ) );
#2899 = PCURVE('',#1160,#2900);
#2900 = DEFINITIONAL_REPRESENTATION('',(#2901),#2905);
#2901 = LINE('',#2902,#2903);
#2902 = CARTESIAN_POINT('',(412.7,443.18));
#2903 = VECTOR('',#2904,1.);
#2904 = DIRECTION('',(0.,1.));
#2905 = ( GEOMETRIC_REPRESENTATION_CONTEXT(2) 
PARAMETRIC_REPRESENTATION_CONTEXT() REPRESENTATION_CONTEXT('2D SPACE',''
  ) );
#2906 = ORIENTED_EDGE('',*,*,#1171,.F.);
#2907 = ADVANCED_FACE('',(#2908,#3274,#3309),#1160,.F.);
#2908 = FACE_BOUND('',#2909,.F.);
#2909 = EDGE_LOOP('',(#2910,#2911,#2912,#2933,#2962,#2988,#3017,#3040,
    #3064,#3090,#3116,#3145,#3171,#3200,#3226,#3252));
#2910 = ORIENTED_EDGE('',*,*,#1145,.F.);
#2911 = ORIENTED_EDGE('',*,*,#2886,.F.);
#2912 = ORIENTED_EDGE('',*,*,#2913,.F.);
#2913 = EDGE_CURVE('',#2914,#2861,#2916,.T.);
#2914 = VERTEX_POINT('',#2915);
#2915 = CARTESIAN_POINT('',(16.625,44.39,7.1));
#2916 = SURFACE_CURVE('',#2917,(#2921,#2927),.PCURVE_S1.);
#2917 = LINE('',#2918,#2919);
#2918 = CARTESIAN_POINT('',(-209.0625,44.39,7.1));
#2919 = VECTOR('',#2920,1.);
#2920 = DIRECTION('',(-1.,0.,0.));
#2921 = PCURVE('',#1160,#2922);
#2922 = DEFINITIONAL_REPRESENTATION('',(#2923),#2926);
#2923 = B_SPLINE_CURVE_WITH_KNOTS('',1,(#2924,#2925),.UNSPECIFIED.,.F.,
  .F.,(2,2),(-225.6875,-192.4375),.PIECEWISE_BEZIER_KNOTS.);
#2924 = CARTESIAN_POINT('',(416.625,444.39));
#2925 = CARTESIAN_POINT('',(383.375,444.39));
#2926 = ( GEOMETRIC_REPRESENTATION_CONTEXT(2) 
PARAMETRIC_REPRESENTATION_CONTEXT() REPRESENTATION_CONTEXT('2D SPACE',''
  ) );
#2927 = PCURVE('',#2875,#2928);
#2928 = DEFINITIONAL_REPRESENTATION('',(#2929),#2932);
#2929 = B_SPLINE_CURVE_WITH_KNOTS('',1,(#2930,#2931),.UNSPECIFIED.,.F.,
  .F.,(2,2),(-225.6875,-192.4375),.PIECEWISE_BEZIER_KNOTS.);
#2930 = CARTESIAN_POINT('',(1.,34.75));
#2931 = CARTESIAN_POINT('',(1.,1.5));
#2932 = ( GEOMETRIC_REPRESENTATION_CONTEXT(2) 
PARAMETRIC_REPRESENTATION_CONTEXT() REPRESENTATION_CONTEXT('2D SPACE',''
  ) );
#2933 = ORIENTED_EDGE('',*,*,#2934,.F.);
#2934 = EDGE_CURVE('',#2935,#2914,#2937,.T.);
#2935 = VERTEX_POINT('',#2936);
#2936 = CARTESIAN_POINT('',(18.125,42.89,7.1));
#2937 = SURFACE_CURVE('',#2938,(#2943,#2950),.PCURVE_S1.);
#2938 = CIRCLE('',#2939,1.5);
#2939 = AXIS2_PLACEMENT_3D('',#2940,#2941,#2942);
#2940 = CARTESIAN_POINT('',(16.625,42.89,7.1));
#2941 = DIRECTION('',(0.,0.,1.));
#2942 = DIRECTION('',(1.,0.,-0.));
#2943 = PCURVE('',#1160,#2944);
#2944 = DEFINITIONAL_REPRESENTATION('',(#2945),#2949);
#2945 = CIRCLE('',#2946,1.5);
#2946 = AXIS2_PLACEMENT_2D('',#2947,#2948);
#2947 = CARTESIAN_POINT('',(416.625,442.89));
#2948 = DIRECTION('',(1.,0.));
#2949 = ( GEOMETRIC_REPRESENTATION_CONTEXT(2) 
PARAMETRIC_REPRESENTATION_CONTEXT() REPRESENTATION_CONTEXT('2D SPACE',''
  ) );
#2950 = PCURVE('',#2951,#2956);
#2951 = CYLINDRICAL_SURFACE('',#2952,1.5);
#2952 = AXIS2_PLACEMENT_3D('',#2953,#2954,#2955);
#2953 = CARTESIAN_POINT('',(16.625,42.89,6.1));
#2954 = DIRECTION('',(0.,0.,1.));
#2955 = DIRECTION('',(1.,0.,-0.));
#2956 = DEFINITIONAL_REPRESENTATION('',(#2957),#2961);
#2957 = LINE('',#2958,#2959);
#2958 = CARTESIAN_POINT('',(0.,1.));
#2959 = VECTOR('',#2960,1.);
#2960 = DIRECTION('',(1.,0.));
#2961 = ( GEOMETRIC_REPRESENTATION_CONTEXT(2) 
PARAMETRIC_REPRESENTATION_CONTEXT() REPRESENTATION_CONTEXT('2D SPACE',''
  ) );
#2962 = ORIENTED_EDGE('',*,*,#2963,.F.);
#2963 = EDGE_CURVE('',#2964,#2935,#2966,.T.);
#2964 = VERTEX_POINT('',#2965);
#2965 = CARTESIAN_POINT('',(18.125,2.2,7.1));
#2966 = SURFACE_CURVE('',#2967,(#2971,#2977),.PCURVE_S1.);
#2967 = LINE('',#2968,#2969);
#2968 = CARTESIAN_POINT('',(18.125,-199.65,7.1));
#2969 = VECTOR('',#2970,1.);
#2970 = DIRECTION('',(0.,1.,0.));
#2971 = PCURVE('',#1160,#2972);
#2972 = DEFINITIONAL_REPRESENTATION('',(#2973),#2976);
#2973 = B_SPLINE_CURVE_WITH_KNOTS('',1,(#2974,#2975),.UNSPECIFIED.,.F.,
  .F.,(2,2),(201.85,242.54),.PIECEWISE_BEZIER_KNOTS.);
#2974 = CARTESIAN_POINT('',(418.125,402.2));
#2975 = CARTESIAN_POINT('',(418.125,442.89));
#2976 = ( GEOMETRIC_REPRESENTATION_CONTEXT(2) 
PARAMETRIC_REPRESENTATION_CONTEXT() REPRESENTATION_CONTEXT('2D SPACE',''
  ) );
#2977 = PCURVE('',#2978,#2983);
#2978 = PLANE('',#2979);
#2979 = AXIS2_PLACEMENT_3D('',#2980,#2981,#2982);
#2980 = CARTESIAN_POINT('',(18.125,0.7,6.1));
#2981 = DIRECTION('',(1.,0.,0.));
#2982 = DIRECTION('',(0.,0.,1.));
#2983 = DEFINITIONAL_REPRESENTATION('',(#2984),#2987);
#2984 = B_SPLINE_CURVE_WITH_KNOTS('',1,(#2985,#2986),.UNSPECIFIED.,.F.,
  .F.,(2,2),(201.85,242.54),.PIECEWISE_BEZIER_KNOTS.);
#2985 = CARTESIAN_POINT('',(1.,-1.5));
#2986 = CARTESIAN_POINT('',(1.,-42.19));
#2987 = ( GEOMETRIC_REPRESENTATION_CONTEXT(2) 
PARAMETRIC_REPRESENTATION_CONTEXT() REPRESENTATION_CONTEXT('2D SPACE',''
  ) );
#2988 = ORIENTED_EDGE('',*,*,#2989,.F.);
#2989 = EDGE_CURVE('',#2990,#2964,#2992,.T.);
#2990 = VERTEX_POINT('',#2991);
#2991 = CARTESIAN_POINT('',(16.825,0.713393125268,7.1));
#2992 = SURFACE_CURVE('',#2993,(#2998,#3005),.PCURVE_S1.);
#2993 = CIRCLE('',#2994,1.5);
#2994 = AXIS2_PLACEMENT_3D('',#2995,#2996,#2997);
#2995 = CARTESIAN_POINT('',(16.625,2.2,7.1));
#2996 = DIRECTION('',(0.,0.,1.));
#2997 = DIRECTION('',(1.,0.,-0.));
#2998 = PCURVE('',#1160,#2999);
#2999 = DEFINITIONAL_REPRESENTATION('',(#3000),#3004);
#3000 = CIRCLE('',#3001,1.5);
#3001 = AXIS2_PLACEMENT_2D('',#3002,#3003);
#3002 = CARTESIAN_POINT('',(416.625,402.2));
#3003 = DIRECTION('',(1.,0.));
#3004 = ( GEOMETRIC_REPRESENTATION_CONTEXT(2) 
PARAMETRIC_REPRESENTATION_CONTEXT() REPRESENTATION_CONTEXT('2D SPACE',''
  ) );
#3005 = PCURVE('',#3006,#3011);
#3006 = CYLINDRICAL_SURFACE('',#3007,1.5);
#3007 = AXIS2_PLACEMENT_3D('',#3008,#3009,#3010);
#3008 = CARTESIAN_POINT('',(16.625,2.2,6.1));
#3009 = DIRECTION('',(0.,0.,1.));
#3010 = DIRECTION('',(1.,0.,-0.));
#3011 = DEFINITIONAL_REPRESENTATION('',(#3012),#3016);
#3012 = LINE('',#3013,#3014);
#3013 = CARTESIAN_POINT('',(-6.28318530718,1.));
#3014 = VECTOR('',#3015,1.);
#3015 = DIRECTION('',(1.,-0.));
#3016 = ( GEOMETRIC_REPRESENTATION_CONTEXT(2) 
PARAMETRIC_REPRESENTATION_CONTEXT() REPRESENTATION_CONTEXT('2D SPACE',''
  ) );
#3017 = ORIENTED_EDGE('',*,*,#3018,.F.);
#3018 = EDGE_CURVE('',#3019,#2990,#3021,.T.);
#3019 = VERTEX_POINT('',#3020);
#3020 = CARTESIAN_POINT('',(16.825,0.34196010845,7.1));
#3021 = SURFACE_CURVE('',#3022,(#3026,#3033),.PCURVE_S1.);
#3022 = LINE('',#3023,#3024);
#3023 = CARTESIAN_POINT('',(16.825,-0.7,7.1));
#3024 = VECTOR('',#3025,1.);
#3025 = DIRECTION('',(0.,1.,0.));
#3026 = PCURVE('',#1160,#3027);
#3027 = DEFINITIONAL_REPRESENTATION('',(#3028),#3032);
#3028 = LINE('',#3029,#3030);
#3029 = CARTESIAN_POINT('',(416.825,399.3));
#3030 = VECTOR('',#3031,1.);
#3031 = DIRECTION('',(0.,1.));
#3032 = ( GEOMETRIC_REPRESENTATION_CONTEXT(2) 
PARAMETRIC_REPRESENTATION_CONTEXT() REPRESENTATION_CONTEXT('2D SPACE',''
  ) );
#3033 = PCURVE('',#1991,#3034);
#3034 = DEFINITIONAL_REPRESENTATION('',(#3035),#3039);
#3035 = LINE('',#3036,#3037);
#3036 = CARTESIAN_POINT('',(0.,0.));
#3037 = VECTOR('',#3038,1.);
#3038 = DIRECTION('',(0.,-1.));
#3039 = ( GEOMETRIC_REPRESENTATION_CONTEXT(2) 
PARAMETRIC_REPRESENTATION_CONTEXT() REPRESENTATION_CONTEXT('2D SPACE',''
  ) );
#3040 = ORIENTED_EDGE('',*,*,#3041,.T.);
#3041 = EDGE_CURVE('',#3019,#3042,#3044,.T.);
#3042 = VERTEX_POINT('',#3043);
#3043 = CARTESIAN_POINT('',(19.325,3.3,7.1));
#3044 = SURFACE_CURVE('',#3045,(#3050,#3057),.PCURVE_S1.);
#3045 = CIRCLE('',#3046,3.);
#3046 = AXIS2_PLACEMENT_3D('',#3047,#3048,#3049);
#3047 = CARTESIAN_POINT('',(16.325,3.3,7.1));
#3048 = DIRECTION('',(0.,0.,1.));
#3049 = DIRECTION('',(1.,0.,-0.));
#3050 = PCURVE('',#1160,#3051);
#3051 = DEFINITIONAL_REPRESENTATION('',(#3052),#3056);
#3052 = CIRCLE('',#3053,3.);
#3053 = AXIS2_PLACEMENT_2D('',#3054,#3055);
#3054 = CARTESIAN_POINT('',(416.325,403.3));
#3055 = DIRECTION('',(1.,0.));
#3056 = ( GEOMETRIC_REPRESENTATION_CONTEXT(2) 
PARAMETRIC_REPRESENTATION_CONTEXT() REPRESENTATION_CONTEXT('2D SPACE',''
  ) );
#3057 = PCURVE('',#1933,#3058);
#3058 = DEFINITIONAL_REPRESENTATION('',(#3059),#3063);
#3059 = LINE('',#3060,#3061);
#3060 = CARTESIAN_POINT('',(-6.28318530718,7.1));
#3061 = VECTOR('',#3062,1.);
#3062 = DIRECTION('',(1.,-0.));
#3063 = ( GEOMETRIC_REPRESENTATION_CONTEXT(2) 
PARAMETRIC_REPRESENTATION_CONTEXT() REPRESENTATION_CONTEXT('2D SPACE',''
  ) );
#3064 = ORIENTED_EDGE('',*,*,#3065,.F.);
#3065 = EDGE_CURVE('',#3066,#3042,#3068,.T.);
#3066 = VERTEX_POINT('',#3067);
#3067 = CARTESIAN_POINT('',(19.325,13.5,7.1));
#3068 = SURFACE_CURVE('',#3069,(#3073,#3079),.PCURVE_S1.);
#3069 = LINE('',#3070,#3071);
#3070 = CARTESIAN_POINT('',(19.325,-199.85,7.1));
#3071 = VECTOR('',#3072,1.);
#3072 = DIRECTION('',(0.,-1.,0.));
#3073 = PCURVE('',#1160,#3074);
#3074 = DEFINITIONAL_REPRESENTATION('',(#3075),#3078);
#3075 = B_SPLINE_CURVE_WITH_KNOTS('',1,(#3076,#3077),.UNSPECIFIED.,.F.,
  .F.,(2,2),(-213.35,-203.15),.PIECEWISE_BEZIER_KNOTS.);
#3076 = CARTESIAN_POINT('',(419.325,413.5));
#3077 = CARTESIAN_POINT('',(419.325,403.3));
#3078 = ( GEOMETRIC_REPRESENTATION_CONTEXT(2) 
PARAMETRIC_REPRESENTATION_CONTEXT() REPRESENTATION_CONTEXT('2D SPACE',''
  ) );
#3079 = PCURVE('',#3080,#3085);
#3080 = PLANE('',#3081);
#3081 = AXIS2_PLACEMENT_3D('',#3082,#3083,#3084);
#3082 = CARTESIAN_POINT('',(19.325,0.3,0.));
#3083 = DIRECTION('',(1.,0.,0.));
#3084 = DIRECTION('',(0.,0.,1.));
#3085 = DEFINITIONAL_REPRESENTATION('',(#3086),#3089);
#3086 = B_SPLINE_CURVE_WITH_KNOTS('',1,(#3087,#3088),.UNSPECIFIED.,.F.,
  .F.,(2,2),(-213.35,-203.15),.PIECEWISE_BEZIER_KNOTS.);
#3087 = CARTESIAN_POINT('',(7.1,-13.2));
#3088 = CARTESIAN_POINT('',(7.1,-3.));
#3089 = ( GEOMETRIC_REPRESENTATION_CONTEXT(2) 
PARAMETRIC_REPRESENTATION_CONTEXT() REPRESENTATION_CONTEXT('2D SPACE',''
  ) );
#3090 = ORIENTED_EDGE('',*,*,#3091,.T.);
#3091 = EDGE_CURVE('',#3066,#3092,#3094,.T.);
#3092 = VERTEX_POINT('',#3093);
#3093 = CARTESIAN_POINT('',(21.525,13.5,7.1));
#3094 = SURFACE_CURVE('',#3095,(#3099,#3105),.PCURVE_S1.);
#3095 = LINE('',#3096,#3097);
#3096 = CARTESIAN_POINT('',(-191.8375,13.5,7.1));
#3097 = VECTOR('',#3098,1.);
#3098 = DIRECTION('',(1.,0.,0.));
#3099 = PCURVE('',#1160,#3100);
#3100 = DEFINITIONAL_REPRESENTATION('',(#3101),#3104);
#3101 = B_SPLINE_CURVE_WITH_KNOTS('',1,(#3102,#3103),.UNSPECIFIED.,.F.,
  .F.,(2,2),(211.1625,213.3625),.PIECEWISE_BEZIER_KNOTS.);
#3102 = CARTESIAN_POINT('',(419.325,413.5));
#3103 = CARTESIAN_POINT('',(421.525,413.5));
#3104 = ( GEOMETRIC_REPRESENTATION_CONTEXT(2) 
PARAMETRIC_REPRESENTATION_CONTEXT() REPRESENTATION_CONTEXT('2D SPACE',''
  ) );
#3105 = PCURVE('',#3106,#3111);
#3106 = PLANE('',#3107);
#3107 = AXIS2_PLACEMENT_3D('',#3108,#3109,#3110);
#3108 = CARTESIAN_POINT('',(16.325,13.5,0.));
#3109 = DIRECTION('',(0.,1.,0.));
#3110 = DIRECTION('',(0.,0.,1.));
#3111 = DEFINITIONAL_REPRESENTATION('',(#3112),#3115);
#3112 = B_SPLINE_CURVE_WITH_KNOTS('',1,(#3113,#3114),.UNSPECIFIED.,.F.,
  .F.,(2,2),(211.1625,213.3625),.PIECEWISE_BEZIER_KNOTS.);
#3113 = CARTESIAN_POINT('',(7.1,3.));
#3114 = CARTESIAN_POINT('',(7.1,5.2));
#3115 = ( GEOMETRIC_REPRESENTATION_CONTEXT(2) 
PARAMETRIC_REPRESENTATION_CONTEXT() REPRESENTATION_CONTEXT('2D SPACE',''
  ) );
#3116 = ORIENTED_EDGE('',*,*,#3117,.T.);
#3117 = EDGE_CURVE('',#3092,#3118,#3120,.T.);
#3118 = VERTEX_POINT('',#3119);
#3119 = CARTESIAN_POINT('',(23.525,15.5,7.1));
#3120 = SURFACE_CURVE('',#3121,(#3126,#3133),.PCURVE_S1.);
#3121 = CIRCLE('',#3122,2.);
#3122 = AXIS2_PLACEMENT_3D('',#3123,#3124,#3125);
#3123 = CARTESIAN_POINT('',(21.525,15.5,7.1));
#3124 = DIRECTION('',(0.,0.,1.));
#3125 = DIRECTION('',(1.,0.,-0.));
#3126 = PCURVE('',#1160,#3127);
#3127 = DEFINITIONAL_REPRESENTATION('',(#3128),#3132);
#3128 = CIRCLE('',#3129,2.);
#3129 = AXIS2_PLACEMENT_2D('',#3130,#3131);
#3130 = CARTESIAN_POINT('',(421.525,415.5));
#3131 = DIRECTION('',(1.,0.));
#3132 = ( GEOMETRIC_REPRESENTATION_CONTEXT(2) 
PARAMETRIC_REPRESENTATION_CONTEXT() REPRESENTATION_CONTEXT('2D SPACE',''
  ) );
#3133 = PCURVE('',#3134,#3139);
#3134 = CYLINDRICAL_SURFACE('',#3135,2.);
#3135 = AXIS2_PLACEMENT_3D('',#3136,#3137,#3138);
#3136 = CARTESIAN_POINT('',(21.525,15.5,0.));
#3137 = DIRECTION('',(0.,0.,1.));
#3138 = DIRECTION('',(1.,0.,-0.));
#3139 = DEFINITIONAL_REPRESENTATION('',(#3140),#3144);
#3140 = LINE('',#3141,#3142);
#3141 = CARTESIAN_POINT('',(-6.28318530718,7.1));
#3142 = VECTOR('',#3143,1.);
#3143 = DIRECTION('',(1.,-0.));
#3144 = ( GEOMETRIC_REPRESENTATION_CONTEXT(2) 
PARAMETRIC_REPRESENTATION_CONTEXT() REPRESENTATION_CONTEXT('2D SPACE',''
  ) );
#3145 = ORIENTED_EDGE('',*,*,#3146,.F.);
#3146 = EDGE_CURVE('',#3147,#3118,#3149,.T.);
#3147 = VERTEX_POINT('',#3148);
#3148 = CARTESIAN_POINT('',(23.525,27.7,7.1));
#3149 = SURFACE_CURVE('',#3150,(#3154,#3160),.PCURVE_S1.);
#3150 = LINE('',#3151,#3152);
#3151 = CARTESIAN_POINT('',(23.525,-193.25,7.1));
#3152 = VECTOR('',#3153,1.);
#3153 = DIRECTION('',(0.,-1.,0.));
#3154 = PCURVE('',#1160,#3155);
#3155 = DEFINITIONAL_REPRESENTATION('',(#3156),#3159);
#3156 = B_SPLINE_CURVE_WITH_KNOTS('',1,(#3157,#3158),.UNSPECIFIED.,.F.,
  .F.,(2,2),(-220.95,-208.75),.PIECEWISE_BEZIER_KNOTS.);
#3157 = CARTESIAN_POINT('',(423.525,427.7));
#3158 = CARTESIAN_POINT('',(423.525,415.5));
#3159 = ( GEOMETRIC_REPRESENTATION_CONTEXT(2) 
PARAMETRIC_REPRESENTATION_CONTEXT() REPRESENTATION_CONTEXT('2D SPACE',''
  ) );
#3160 = PCURVE('',#3161,#3166);
#3161 = PLANE('',#3162);
#3162 = AXIS2_PLACEMENT_3D('',#3163,#3164,#3165);
#3163 = CARTESIAN_POINT('',(23.525,13.5,0.));
#3164 = DIRECTION('',(1.,0.,0.));
#3165 = DIRECTION('',(0.,0.,1.));
#3166 = DEFINITIONAL_REPRESENTATION('',(#3167),#3170);
#3167 = B_SPLINE_CURVE_WITH_KNOTS('',1,(#3168,#3169),.UNSPECIFIED.,.F.,
  .F.,(2,2),(-220.95,-208.75),.PIECEWISE_BEZIER_KNOTS.);
#3168 = CARTESIAN_POINT('',(7.1,-14.2));
#3169 = CARTESIAN_POINT('',(7.1,-2.));
#3170 = ( GEOMETRIC_REPRESENTATION_CONTEXT(2) 
PARAMETRIC_REPRESENTATION_CONTEXT() REPRESENTATION_CONTEXT('2D SPACE',''
  ) );
#3171 = ORIENTED_EDGE('',*,*,#3172,.T.);
#3172 = EDGE_CURVE('',#3147,#3173,#3175,.T.);
#3173 = VERTEX_POINT('',#3174);
#3174 = CARTESIAN_POINT('',(21.525,29.7,7.1));
#3175 = SURFACE_CURVE('',#3176,(#3181,#3188),.PCURVE_S1.);
#3176 = CIRCLE('',#3177,2.);
#3177 = AXIS2_PLACEMENT_3D('',#3178,#3179,#3180);
#3178 = CARTESIAN_POINT('',(21.525,27.7,7.1));
#3179 = DIRECTION('',(0.,0.,1.));
#3180 = DIRECTION('',(1.,0.,-0.));
#3181 = PCURVE('',#1160,#3182);
#3182 = DEFINITIONAL_REPRESENTATION('',(#3183),#3187);
#3183 = CIRCLE('',#3184,2.);
#3184 = AXIS2_PLACEMENT_2D('',#3185,#3186);
#3185 = CARTESIAN_POINT('',(421.525,427.7));
#3186 = DIRECTION('',(1.,0.));
#3187 = ( GEOMETRIC_REPRESENTATION_CONTEXT(2) 
PARAMETRIC_REPRESENTATION_CONTEXT() REPRESENTATION_CONTEXT('2D SPACE',''
  ) );
#3188 = PCURVE('',#3189,#3194);
#3189 = CYLINDRICAL_SURFACE('',#3190,2.);
#3190 = AXIS2_PLACEMENT_3D('',#3191,#3192,#3193);
#3191 = CARTESIAN_POINT('',(21.525,27.7,0.));
#3192 = DIRECTION('',(0.,0.,1.));
#3193 = DIRECTION('',(1.,0.,-0.));
#3194 = DEFINITIONAL_REPRESENTATION('',(#3195),#3199);
#3195 = LINE('',#3196,#3197);
#3196 = CARTESIAN_POINT('',(0.,7.1));
#3197 = VECTOR('',#3198,1.);
#3198 = DIRECTION('',(1.,0.));
#3199 = ( GEOMETRIC_REPRESENTATION_CONTEXT(2) 
PARAMETRIC_REPRESENTATION_CONTEXT() REPRESENTATION_CONTEXT('2D SPACE',''
  ) );
#3200 = ORIENTED_EDGE('',*,*,#3201,.F.);
#3201 = EDGE_CURVE('',#3202,#3173,#3204,.T.);
#3202 = VERTEX_POINT('',#3203);
#3203 = CARTESIAN_POINT('',(19.325,29.7,7.1));
#3204 = SURFACE_CURVE('',#3205,(#3209,#3215),.PCURVE_S1.);
#3205 = LINE('',#3206,#3207);
#3206 = CARTESIAN_POINT('',(-191.8375,29.7,7.1));
#3207 = VECTOR('',#3208,1.);
#3208 = DIRECTION('',(1.,0.,0.));
#3209 = PCURVE('',#1160,#3210);
#3210 = DEFINITIONAL_REPRESENTATION('',(#3211),#3214);
#3211 = B_SPLINE_CURVE_WITH_KNOTS('',1,(#3212,#3213),.UNSPECIFIED.,.F.,
  .F.,(2,2),(211.1625,213.3625),.PIECEWISE_BEZIER_KNOTS.);
#3212 = CARTESIAN_POINT('',(419.325,429.7));
#3213 = CARTESIAN_POINT('',(421.525,429.7));
#3214 = ( GEOMETRIC_REPRESENTATION_CONTEXT(2) 
PARAMETRIC_REPRESENTATION_CONTEXT() REPRESENTATION_CONTEXT('2D SPACE',''
  ) );
#3215 = PCURVE('',#3216,#3221);
#3216 = PLANE('',#3217);
#3217 = AXIS2_PLACEMENT_3D('',#3218,#3219,#3220);
#3218 = CARTESIAN_POINT('',(16.325,29.7,0.));
#3219 = DIRECTION('',(0.,1.,0.));
#3220 = DIRECTION('',(0.,0.,1.));
#3221 = DEFINITIONAL_REPRESENTATION('',(#3222),#3225);
#3222 = B_SPLINE_CURVE_WITH_KNOTS('',1,(#3223,#3224),.UNSPECIFIED.,.F.,
  .F.,(2,2),(211.1625,213.3625),.PIECEWISE_BEZIER_KNOTS.);
#3223 = CARTESIAN_POINT('',(7.1,3.));
#3224 = CARTESIAN_POINT('',(7.1,5.2));
#3225 = ( GEOMETRIC_REPRESENTATION_CONTEXT(2) 
PARAMETRIC_REPRESENTATION_CONTEXT() REPRESENTATION_CONTEXT('2D SPACE',''
  ) );
#3226 = ORIENTED_EDGE('',*,*,#3227,.F.);
#3227 = EDGE_CURVE('',#3228,#3202,#3230,.T.);
#3228 = VERTEX_POINT('',#3229);
#3229 = CARTESIAN_POINT('',(19.325,41.79,7.1));
#3230 = SURFACE_CURVE('',#3231,(#3235,#3241),.PCURVE_S1.);
#3231 = LINE('',#3232,#3233);
#3232 = CARTESIAN_POINT('',(19.325,-199.85,7.1));
#3233 = VECTOR('',#3234,1.);
#3234 = DIRECTION('',(0.,-1.,0.));
#3235 = PCURVE('',#1160,#3236);
#3236 = DEFINITIONAL_REPRESENTATION('',(#3237),#3240);
#3237 = B_SPLINE_CURVE_WITH_KNOTS('',1,(#3238,#3239),.UNSPECIFIED.,.F.,
  .F.,(2,2),(-241.64,-229.55),.PIECEWISE_BEZIER_KNOTS.);
#3238 = CARTESIAN_POINT('',(419.325,441.79));
#3239 = CARTESIAN_POINT('',(419.325,429.7));
#3240 = ( GEOMETRIC_REPRESENTATION_CONTEXT(2) 
PARAMETRIC_REPRESENTATION_CONTEXT() REPRESENTATION_CONTEXT('2D SPACE',''
  ) );
#3241 = PCURVE('',#3242,#3247);
#3242 = PLANE('',#3243);
#3243 = AXIS2_PLACEMENT_3D('',#3244,#3245,#3246);
#3244 = CARTESIAN_POINT('',(19.325,0.3,0.));
#3245 = DIRECTION('',(1.,0.,0.));
#3246 = DIRECTION('',(0.,0.,1.));
#3247 = DEFINITIONAL_REPRESENTATION('',(#3248),#3251);
#3248 = B_SPLINE_CURVE_WITH_KNOTS('',1,(#3249,#3250),.UNSPECIFIED.,.F.,
  .F.,(2,2),(-241.64,-229.55),.PIECEWISE_BEZIER_KNOTS.);
#3249 = CARTESIAN_POINT('',(7.1,-41.49));
#3250 = CARTESIAN_POINT('',(7.1,-29.4));
#3251 = ( GEOMETRIC_REPRESENTATION_CONTEXT(2) 
PARAMETRIC_REPRESENTATION_CONTEXT() REPRESENTATION_CONTEXT('2D SPACE',''
  ) );
#3252 = ORIENTED_EDGE('',*,*,#3253,.T.);
#3253 = EDGE_CURVE('',#3228,#1118,#3254,.T.);
#3254 = SURFACE_CURVE('',#3255,(#3260,#3267),.PCURVE_S1.);
#3255 = CIRCLE('',#3256,3.);
#3256 = AXIS2_PLACEMENT_3D('',#3257,#3258,#3259);
#3257 = CARTESIAN_POINT('',(16.325,41.79,7.1));
#3258 = DIRECTION('',(0.,0.,1.));
#3259 = DIRECTION('',(1.,0.,-0.));
#3260 = PCURVE('',#1160,#3261);
#3261 = DEFINITIONAL_REPRESENTATION('',(#3262),#3266);
#3262 = CIRCLE('',#3263,3.);
#3263 = AXIS2_PLACEMENT_2D('',#3264,#3265);
#3264 = CARTESIAN_POINT('',(416.325,441.79));
#3265 = DIRECTION('',(1.,0.));
#3266 = ( GEOMETRIC_REPRESENTATION_CONTEXT(2) 
PARAMETRIC_REPRESENTATION_CONTEXT() REPRESENTATION_CONTEXT('2D SPACE',''
  ) );
#3267 = PCURVE('',#1133,#3268);
#3268 = DEFINITIONAL_REPRESENTATION('',(#3269),#3273);
#3269 = LINE('',#3270,#3271);
#3270 = CARTESIAN_POINT('',(0.,7.1));
#3271 = VECTOR('',#3272,1.);
#3272 = DIRECTION('',(1.,0.));
#3273 = ( GEOMETRIC_REPRESENTATION_CONTEXT(2) 
PARAMETRIC_REPRESENTATION_CONTEXT() REPRESENTATION_CONTEXT('2D SPACE',''
  ) );
#3274 = FACE_BOUND('',#3275,.F.);
#3275 = EDGE_LOOP('',(#3276));
#3276 = ORIENTED_EDGE('',*,*,#3277,.T.);
#3277 = EDGE_CURVE('',#3278,#3278,#3280,.T.);
#3278 = VERTEX_POINT('',#3279);
#3279 = CARTESIAN_POINT('',(21.175,17.1,7.1));
#3280 = SURFACE_CURVE('',#3281,(#3286,#3297),.PCURVE_S1.);
#3281 = CIRCLE('',#3282,1.25);
#3282 = AXIS2_PLACEMENT_3D('',#3283,#3284,#3285);
#3283 = CARTESIAN_POINT('',(19.925,17.1,7.1));
#3284 = DIRECTION('',(0.,0.,-1.));
#3285 = DIRECTION('',(1.,0.,0.));
#3286 = PCURVE('',#1160,#3287);
#3287 = DEFINITIONAL_REPRESENTATION('',(#3288),#3296);
#3288 = ( BOUNDED_CURVE() B_SPLINE_CURVE(2,(#3289,#3290,#3291,#3292,
#3293,#3294,#3295),.UNSPECIFIED.,.T.,.F.) B_SPLINE_CURVE_WITH_KNOTS((1,2
    ,2,2,2,1),(-2.094395102393,0.,2.094395102393,4.188790204786,
6.28318530718,8.377580409573),.UNSPECIFIED.) CURVE() 
GEOMETRIC_REPRESENTATION_ITEM() RATIONAL_B_SPLINE_CURVE((1.,0.5,1.,0.5,
1.,0.5,1.)) REPRESENTATION_ITEM('') );
#3289 = CARTESIAN_POINT('',(421.175,417.1));
#3290 = CARTESIAN_POINT('',(421.175,414.93493649053));
#3291 = CARTESIAN_POINT('',(419.3,416.01746824526));
#3292 = CARTESIAN_POINT('',(417.425,417.1));
#3293 = CARTESIAN_POINT('',(419.3,418.18253175473));
#3294 = CARTESIAN_POINT('',(421.175,419.26506350946));
#3295 = CARTESIAN_POINT('',(421.175,417.1));
#3296 = ( GEOMETRIC_REPRESENTATION_CONTEXT(2) 
PARAMETRIC_REPRESENTATION_CONTEXT() REPRESENTATION_CONTEXT('2D SPACE',''
  ) );
#3297 = PCURVE('',#3298,#3303);
#3298 = CYLINDRICAL_SURFACE('',#3299,1.25);
#3299 = AXIS2_PLACEMENT_3D('',#3300,#3301,#3302);
#3300 = CARTESIAN_POINT('',(19.925,17.1,6.6));
#3301 = DIRECTION('',(-0.,-0.,-1.));
#3302 = DIRECTION('',(1.,0.,0.));
#3303 = DEFINITIONAL_REPRESENTATION('',(#3304),#3308);
#3304 = LINE('',#3305,#3306);
#3305 = CARTESIAN_POINT('',(-6.28318530718,-0.5));
#3306 = VECTOR('',#3307,1.);
#3307 = DIRECTION('',(1.,-0.));
#3308 = ( GEOMETRIC_REPRESENTATION_CONTEXT(2) 
PARAMETRIC_REPRESENTATION_CONTEXT() REPRESENTATION_CONTEXT('2D SPACE',''
  ) );
#3309 = FACE_BOUND('',#3310,.F.);
#3310 = EDGE_LOOP('',(#3311));
#3311 = ORIENTED_EDGE('',*,*,#3312,.T.);
#3312 = EDGE_CURVE('',#3313,#3313,#3315,.T.);
#3313 = VERTEX_POINT('',#3314);
#3314 = CARTESIAN_POINT('',(21.175,26.1,7.1));
#3315 = SURFACE_CURVE('',#3316,(#3321,#3332),.PCURVE_S1.);
#3316 = CIRCLE('',#3317,1.25);
#3317 = AXIS2_PLACEMENT_3D('',#3318,#3319,#3320);
#3318 = CARTESIAN_POINT('',(19.925,26.1,7.1));
#3319 = DIRECTION('',(0.,0.,-1.));
#3320 = DIRECTION('',(1.,0.,0.));
#3321 = PCURVE('',#1160,#3322);
#3322 = DEFINITIONAL_REPRESENTATION('',(#3323),#3331);
#3323 = ( BOUNDED_CURVE() B_SPLINE_CURVE(2,(#3324,#3325,#3326,#3327,
#3328,#3329,#3330),.UNSPECIFIED.,.T.,.F.) B_SPLINE_CURVE_WITH_KNOTS((1,2
    ,2,2,2,1),(-2.094395102393,0.,2.094395102393,4.188790204786,
6.28318530718,8.377580409573),.UNSPECIFIED.) CURVE() 
GEOMETRIC_REPRESENTATION_ITEM() RATIONAL_B_SPLINE_CURVE((1.,0.5,1.,0.5,
1.,0.5,1.)) REPRESENTATION_ITEM('') );
#3324 = CARTESIAN_POINT('',(421.175,426.1));
#3325 = CARTESIAN_POINT('',(421.175,423.93493649053));
#3326 = CARTESIAN_POINT('',(419.3,425.01746824526));
#3327 = CARTESIAN_POINT('',(417.425,426.1));
#3328 = CARTESIAN_POINT('',(419.3,427.18253175473));
#3329 = CARTESIAN_POINT('',(421.175,428.26506350946));
#3330 = CARTESIAN_POINT('',(421.175,426.1));
#3331 = ( GEOMETRIC_REPRESENTATION_CONTEXT(2) 
PARAMETRIC_REPRESENTATION_CONTEXT() REPRESENTATION_CONTEXT('2D SPACE',''
  ) );
#3332 = PCURVE('',#3333,#3338);
#3333 = CYLINDRICAL_SURFACE('',#3334,1.25);
#3334 = AXIS2_PLACEMENT_3D('',#3335,#3336,#3337);
#3335 = CARTESIAN_POINT('',(19.925,26.1,6.6));
#3336 = DIRECTION('',(-0.,-0.,-1.));
#3337 = DIRECTION('',(1.,0.,0.));
#3338 = DEFINITIONAL_REPRESENTATION('',(#3339),#3343);
#3339 = LINE('',#3340,#3341);
#3340 = CARTESIAN_POINT('',(-6.28318530718,-0.5));
#3341 = VECTOR('',#3342,1.);
#3342 = DIRECTION('',(1.,-0.));
#3343 = ( GEOMETRIC_REPRESENTATION_CONTEXT(2) 
PARAMETRIC_REPRESENTATION_CONTEXT() REPRESENTATION_CONTEXT('2D SPACE',''
  ) );
#3344 = ADVANCED_FACE('',(#3345),#1133,.T.);
#3345 = FACE_BOUND('',#3346,.T.);
#3346 = EDGE_LOOP('',(#3347,#3370,#3371,#3372));
#3347 = ORIENTED_EDGE('',*,*,#3348,.F.);
#3348 = EDGE_CURVE('',#3228,#3349,#3351,.T.);
#3349 = VERTEX_POINT('',#3350);
#3350 = CARTESIAN_POINT('',(19.325,41.79,23.5));
#3351 = SURFACE_CURVE('',#3352,(#3356,#3363),.PCURVE_S1.);
#3352 = LINE('',#3353,#3354);
#3353 = CARTESIAN_POINT('',(19.325,41.79,0.));
#3354 = VECTOR('',#3355,1.);
#3355 = DIRECTION('',(0.,0.,1.));
#3356 = PCURVE('',#1133,#3357);
#3357 = DEFINITIONAL_REPRESENTATION('',(#3358),#3362);
#3358 = LINE('',#3359,#3360);
#3359 = CARTESIAN_POINT('',(0.,0.));
#3360 = VECTOR('',#3361,1.);
#3361 = DIRECTION('',(0.,1.));
#3362 = ( GEOMETRIC_REPRESENTATION_CONTEXT(2) 
PARAMETRIC_REPRESENTATION_CONTEXT() REPRESENTATION_CONTEXT('2D SPACE',''
  ) );
#3363 = PCURVE('',#3242,#3364);
#3364 = DEFINITIONAL_REPRESENTATION('',(#3365),#3369);
#3365 = LINE('',#3366,#3367);
#3366 = CARTESIAN_POINT('',(0.,-41.49));
#3367 = VECTOR('',#3368,1.);
#3368 = DIRECTION('',(1.,0.));
#3369 = ( GEOMETRIC_REPRESENTATION_CONTEXT(2) 
PARAMETRIC_REPRESENTATION_CONTEXT() REPRESENTATION_CONTEXT('2D SPACE',''
  ) );
#3370 = ORIENTED_EDGE('',*,*,#3253,.T.);
#3371 = ORIENTED_EDGE('',*,*,#1117,.T.);
#3372 = ORIENTED_EDGE('',*,*,#3373,.F.);
#3373 = EDGE_CURVE('',#3349,#1090,#3374,.T.);
#3374 = SURFACE_CURVE('',#3375,(#3380,#3387),.PCURVE_S1.);
#3375 = CIRCLE('',#3376,3.);
#3376 = AXIS2_PLACEMENT_3D('',#3377,#3378,#3379);
#3377 = CARTESIAN_POINT('',(16.325,41.79,23.5));
#3378 = DIRECTION('',(0.,0.,1.));
#3379 = DIRECTION('',(1.,0.,-0.));
#3380 = PCURVE('',#1133,#3381);
#3381 = DEFINITIONAL_REPRESENTATION('',(#3382),#3386);
#3382 = LINE('',#3383,#3384);
#3383 = CARTESIAN_POINT('',(0.,23.5));
#3384 = VECTOR('',#3385,1.);
#3385 = DIRECTION('',(1.,0.));
#3386 = ( GEOMETRIC_REPRESENTATION_CONTEXT(2) 
PARAMETRIC_REPRESENTATION_CONTEXT() REPRESENTATION_CONTEXT('2D SPACE',''
  ) );
#3387 = PCURVE('',#2356,#3388);
#3388 = DEFINITIONAL_REPRESENTATION('',(#3389),#3393);
#3389 = LINE('',#3390,#3391);
#3390 = CARTESIAN_POINT('',(-0.,0.));
#3391 = VECTOR('',#3392,1.);
#3392 = DIRECTION('',(-1.,0.));
#3393 = ( GEOMETRIC_REPRESENTATION_CONTEXT(2) 
PARAMETRIC_REPRESENTATION_CONTEXT() REPRESENTATION_CONTEXT('2D SPACE',''
  ) );
#3394 = ADVANCED_FACE('',(#3395),#1105,.T.);
#3395 = FACE_BOUND('',#3396,.F.);
#3396 = EDGE_LOOP('',(#3397,#3416,#3417,#3418));
#3397 = ORIENTED_EDGE('',*,*,#3398,.F.);
#3398 = EDGE_CURVE('',#2340,#1090,#3399,.T.);
#3399 = SURFACE_CURVE('',#3400,(#3404,#3410),.PCURVE_S1.);
#3400 = LINE('',#3401,#3402);
#3401 = CARTESIAN_POINT('',(16.325,44.79,23.5));
#3402 = VECTOR('',#3403,1.);
#3403 = DIRECTION('',(4.329780281177E-17,0.707106781187,-0.707106781187)
  );
#3404 = PCURVE('',#1105,#3405);
#3405 = DEFINITIONAL_REPRESENTATION('',(#3406),#3409);
#3406 = B_SPLINE_CURVE_WITH_KNOTS('',1,(#3407,#3408),.UNSPECIFIED.,.F.,
  .F.,(2,2),(-1.414213562373,0.),.PIECEWISE_BEZIER_KNOTS.);
#3407 = CARTESIAN_POINT('',(0.,-0.707106781187));
#3408 = CARTESIAN_POINT('',(0.,0.707106781187));
#3409 = ( GEOMETRIC_REPRESENTATION_CONTEXT(2) 
PARAMETRIC_REPRESENTATION_CONTEXT() REPRESENTATION_CONTEXT('2D SPACE',''
  ) );
#3410 = PCURVE('',#2356,#3411);
#3411 = DEFINITIONAL_REPRESENTATION('',(#3412),#3415);
#3412 = B_SPLINE_CURVE_WITH_KNOTS('',1,(#3413,#3414),.UNSPECIFIED.,.F.,
  .F.,(2,2),(-1.414213562373,0.),.PIECEWISE_BEZIER_KNOTS.);
#3413 = CARTESIAN_POINT('',(-1.570796326795,-1.));
#3414 = CARTESIAN_POINT('',(-1.570796326795,0.));
#3415 = ( GEOMETRIC_REPRESENTATION_CONTEXT(2) 
PARAMETRIC_REPRESENTATION_CONTEXT() REPRESENTATION_CONTEXT('2D SPACE',''
  ) );
#3416 = ORIENTED_EDGE('',*,*,#2368,.T.);
#3417 = ORIENTED_EDGE('',*,*,#2740,.T.);
#3418 = ORIENTED_EDGE('',*,*,#1089,.F.);
#3419 = ADVANCED_FACE('',(#3420),#1309,.F.);
#3420 = FACE_BOUND('',#3421,.F.);
#3421 = EDGE_LOOP('',(#3422,#3423,#3424,#3425,#3446,#3470,#3497,#3524,
    #3551,#3580,#3600,#3601,#3602));
#3422 = ORIENTED_EDGE('',*,*,#1447,.F.);
#3423 = ORIENTED_EDGE('',*,*,#1519,.T.);
#3424 = ORIENTED_EDGE('',*,*,#1570,.T.);
#3425 = ORIENTED_EDGE('',*,*,#3426,.F.);
#3426 = EDGE_CURVE('',#3427,#1571,#3429,.T.);
#3427 = VERTEX_POINT('',#3428);
#3428 = CARTESIAN_POINT('',(-16.70181145747,1.91,9.));
#3429 = SURFACE_CURVE('',#3430,(#3434,#3440),.PCURVE_S1.);
#3430 = LINE('',#3431,#3432);
#3431 = CARTESIAN_POINT('',(-17.475,1.91,9.));
#3432 = VECTOR('',#3433,1.);
#3433 = DIRECTION('',(-1.,0.,0.));
#3434 = PCURVE('',#1309,#3435);
#3435 = DEFINITIONAL_REPRESENTATION('',(#3436),#3439);
#3436 = B_SPLINE_CURVE_WITH_KNOTS('',1,(#3437,#3438),.UNSPECIFIED.,.F.,
  .F.,(2,2),(-34.3,-0.65),.PIECEWISE_BEZIER_KNOTS.);
#3437 = CARTESIAN_POINT('',(34.95,1.21));
#3438 = CARTESIAN_POINT('',(1.3,1.21));
#3439 = ( GEOMETRIC_REPRESENTATION_CONTEXT(2) 
PARAMETRIC_REPRESENTATION_CONTEXT() REPRESENTATION_CONTEXT('2D SPACE',''
  ) );
#3440 = PCURVE('',#1605,#3441);
#3441 = DEFINITIONAL_REPRESENTATION('',(#3442),#3445);
#3442 = B_SPLINE_CURVE_WITH_KNOTS('',1,(#3443,#3444),.UNSPECIFIED.,.F.,
  .F.,(2,2),(-34.3,-0.65),.PIECEWISE_BEZIER_KNOTS.);
#3443 = CARTESIAN_POINT('',(1.9,33.65));
#3444 = CARTESIAN_POINT('',(1.9,0.));
#3445 = ( GEOMETRIC_REPRESENTATION_CONTEXT(2) 
PARAMETRIC_REPRESENTATION_CONTEXT() REPRESENTATION_CONTEXT('2D SPACE',''
  ) );
#3446 = ORIENTED_EDGE('',*,*,#3447,.F.);
#3447 = EDGE_CURVE('',#3448,#3427,#3450,.T.);
#3448 = VERTEX_POINT('',#3449);
#3449 = CARTESIAN_POINT('',(-16.925,2.2,9.));
#3450 = SURFACE_CURVE('',#3451,(#3456,#3463),.PCURVE_S1.);
#3451 = CIRCLE('',#3452,0.3);
#3452 = AXIS2_PLACEMENT_3D('',#3453,#3454,#3455);
#3453 = CARTESIAN_POINT('',(-16.625,2.2,9.));
#3454 = DIRECTION('',(0.,0.,1.));
#3455 = DIRECTION('',(-1.,-0.,0.));
#3456 = PCURVE('',#1309,#3457);
#3457 = DEFINITIONAL_REPRESENTATION('',(#3458),#3462);
#3458 = CIRCLE('',#3459,0.3);
#3459 = AXIS2_PLACEMENT_2D('',#3460,#3461);
#3460 = CARTESIAN_POINT('',(1.5,1.5));
#3461 = DIRECTION('',(-1.,0.));
#3462 = ( GEOMETRIC_REPRESENTATION_CONTEXT(2) 
PARAMETRIC_REPRESENTATION_CONTEXT() REPRESENTATION_CONTEXT('2D SPACE',''
  ) );
#3463 = PCURVE('',#2103,#3464);
#3464 = DEFINITIONAL_REPRESENTATION('',(#3465),#3469);
#3465 = LINE('',#3466,#3467);
#3466 = CARTESIAN_POINT('',(0.,7.));
#3467 = VECTOR('',#3468,1.);
#3468 = DIRECTION('',(1.,0.));
#3469 = ( GEOMETRIC_REPRESENTATION_CONTEXT(2) 
PARAMETRIC_REPRESENTATION_CONTEXT() REPRESENTATION_CONTEXT('2D SPACE',''
  ) );
#3470 = ORIENTED_EDGE('',*,*,#3471,.T.);
#3471 = EDGE_CURVE('',#3448,#3472,#3474,.T.);
#3472 = VERTEX_POINT('',#3473);
#3473 = CARTESIAN_POINT('',(-16.925,36.8,9.));
#3474 = SURFACE_CURVE('',#3475,(#3479,#3485),.PCURVE_S1.);
#3475 = LINE('',#3476,#3477);
#3476 = CARTESIAN_POINT('',(-16.925,1.3,9.));
#3477 = VECTOR('',#3478,1.);
#3478 = DIRECTION('',(0.,1.,0.));
#3479 = PCURVE('',#1309,#3480);
#3480 = DEFINITIONAL_REPRESENTATION('',(#3481),#3484);
#3481 = B_SPLINE_CURVE_WITH_KNOTS('',1,(#3482,#3483),.UNSPECIFIED.,.F.,
  .F.,(2,2),(0.9,41.59),.PIECEWISE_BEZIER_KNOTS.);
#3482 = CARTESIAN_POINT('',(1.2,1.5));
#3483 = CARTESIAN_POINT('',(1.2,42.19));
#3484 = ( GEOMETRIC_REPRESENTATION_CONTEXT(2) 
PARAMETRIC_REPRESENTATION_CONTEXT() REPRESENTATION_CONTEXT('2D SPACE',''
  ) );
#3485 = PCURVE('',#3486,#3491);
#3486 = PLANE('',#3487);
#3487 = AXIS2_PLACEMENT_3D('',#3488,#3489,#3490);
#3488 = CARTESIAN_POINT('',(-16.925,1.9,2.));
#3489 = DIRECTION('',(1.,0.,0.));
#3490 = DIRECTION('',(0.,0.,1.));
#3491 = DEFINITIONAL_REPRESENTATION('',(#3492),#3496);
#3492 = LINE('',#3493,#3494);
#3493 = CARTESIAN_POINT('',(7.,0.6));
#3494 = VECTOR('',#3495,1.);
#3495 = DIRECTION('',(0.,-1.));
#3496 = ( GEOMETRIC_REPRESENTATION_CONTEXT(2) 
PARAMETRIC_REPRESENTATION_CONTEXT() REPRESENTATION_CONTEXT('2D SPACE',''
  ) );
#3497 = ORIENTED_EDGE('',*,*,#3498,.T.);
#3498 = EDGE_CURVE('',#3472,#3499,#3501,.T.);
#3499 = VERTEX_POINT('',#3500);
#3500 = CARTESIAN_POINT('',(-16.925,39.1,9.));
#3501 = SURFACE_CURVE('',#3502,(#3506,#3512),.PCURVE_S1.);
#3502 = LINE('',#3503,#3504);
#3503 = CARTESIAN_POINT('',(-16.925,1.3,9.));
#3504 = VECTOR('',#3505,1.);
#3505 = DIRECTION('',(0.,1.,0.));
#3506 = PCURVE('',#1309,#3507);
#3507 = DEFINITIONAL_REPRESENTATION('',(#3508),#3511);
#3508 = B_SPLINE_CURVE_WITH_KNOTS('',1,(#3509,#3510),.UNSPECIFIED.,.F.,
  .F.,(2,2),(0.9,41.59),.PIECEWISE_BEZIER_KNOTS.);
#3509 = CARTESIAN_POINT('',(1.2,1.5));
#3510 = CARTESIAN_POINT('',(1.2,42.19));
#3511 = ( GEOMETRIC_REPRESENTATION_CONTEXT(2) 
PARAMETRIC_REPRESENTATION_CONTEXT() REPRESENTATION_CONTEXT('2D SPACE',''
  ) );
#3512 = PCURVE('',#3513,#3518);
#3513 = PLANE('',#3514);
#3514 = AXIS2_PLACEMENT_3D('',#3515,#3516,#3517);
#3515 = CARTESIAN_POINT('',(-16.925,36.8,7.7));
#3516 = DIRECTION('',(1.,0.,0.));
#3517 = DIRECTION('',(0.,0.,1.));
#3518 = DEFINITIONAL_REPRESENTATION('',(#3519),#3523);
#3519 = LINE('',#3520,#3521);
#3520 = CARTESIAN_POINT('',(1.3,35.5));
#3521 = VECTOR('',#3522,1.);
#3522 = DIRECTION('',(0.,-1.));
#3523 = ( GEOMETRIC_REPRESENTATION_CONTEXT(2) 
PARAMETRIC_REPRESENTATION_CONTEXT() REPRESENTATION_CONTEXT('2D SPACE',''
  ) );
#3524 = ORIENTED_EDGE('',*,*,#3525,.T.);
#3525 = EDGE_CURVE('',#3499,#3526,#3528,.T.);
#3526 = VERTEX_POINT('',#3527);
#3527 = CARTESIAN_POINT('',(-16.925,42.89,9.));
#3528 = SURFACE_CURVE('',#3529,(#3533,#3539),.PCURVE_S1.);
#3529 = LINE('',#3530,#3531);
#3530 = CARTESIAN_POINT('',(-16.925,1.3,9.));
#3531 = VECTOR('',#3532,1.);
#3532 = DIRECTION('',(0.,1.,0.));
#3533 = PCURVE('',#1309,#3534);
#3534 = DEFINITIONAL_REPRESENTATION('',(#3535),#3538);
#3535 = B_SPLINE_CURVE_WITH_KNOTS('',1,(#3536,#3537),.UNSPECIFIED.,.F.,
  .F.,(2,2),(0.9,41.59),.PIECEWISE_BEZIER_KNOTS.);
#3536 = CARTESIAN_POINT('',(1.2,1.5));
#3537 = CARTESIAN_POINT('',(1.2,42.19));
#3538 = ( GEOMETRIC_REPRESENTATION_CONTEXT(2) 
PARAMETRIC_REPRESENTATION_CONTEXT() REPRESENTATION_CONTEXT('2D SPACE',''
  ) );
#3539 = PCURVE('',#3540,#3545);
#3540 = PLANE('',#3541);
#3541 = AXIS2_PLACEMENT_3D('',#3542,#3543,#3544);
#3542 = CARTESIAN_POINT('',(-16.925,1.9,2.));
#3543 = DIRECTION('',(1.,0.,0.));
#3544 = DIRECTION('',(0.,0.,1.));
#3545 = DEFINITIONAL_REPRESENTATION('',(#3546),#3550);
#3546 = LINE('',#3547,#3548);
#3547 = CARTESIAN_POINT('',(7.,0.6));
#3548 = VECTOR('',#3549,1.);
#3549 = DIRECTION('',(0.,-1.));
#3550 = ( GEOMETRIC_REPRESENTATION_CONTEXT(2) 
PARAMETRIC_REPRESENTATION_CONTEXT() REPRESENTATION_CONTEXT('2D SPACE',''
  ) );
#3551 = ORIENTED_EDGE('',*,*,#3552,.F.);
#3552 = EDGE_CURVE('',#3553,#3526,#3555,.T.);
#3553 = VERTEX_POINT('',#3554);
#3554 = CARTESIAN_POINT('',(-16.625,43.19,9.));
#3555 = SURFACE_CURVE('',#3556,(#3561,#3568),.PCURVE_S1.);
#3556 = CIRCLE('',#3557,0.3);
#3557 = AXIS2_PLACEMENT_3D('',#3558,#3559,#3560);
#3558 = CARTESIAN_POINT('',(-16.625,42.89,9.));
#3559 = DIRECTION('',(0.,0.,1.));
#3560 = DIRECTION('',(-1.,-0.,0.));
#3561 = PCURVE('',#1309,#3562);
#3562 = DEFINITIONAL_REPRESENTATION('',(#3563),#3567);
#3563 = CIRCLE('',#3564,0.3);
#3564 = AXIS2_PLACEMENT_2D('',#3565,#3566);
#3565 = CARTESIAN_POINT('',(1.5,42.19));
#3566 = DIRECTION('',(-1.,0.));
#3567 = ( GEOMETRIC_REPRESENTATION_CONTEXT(2) 
PARAMETRIC_REPRESENTATION_CONTEXT() REPRESENTATION_CONTEXT('2D SPACE',''
  ) );
#3568 = PCURVE('',#3569,#3574);
#3569 = CYLINDRICAL_SURFACE('',#3570,0.3);
#3570 = AXIS2_PLACEMENT_3D('',#3571,#3572,#3573);
#3571 = CARTESIAN_POINT('',(-16.625,42.89,2.));
#3572 = DIRECTION('',(0.,0.,1.));
#3573 = DIRECTION('',(-1.,-0.,0.));
#3574 = DEFINITIONAL_REPRESENTATION('',(#3575),#3579);
#3575 = LINE('',#3576,#3577);
#3576 = CARTESIAN_POINT('',(-6.28318530718,7.));
#3577 = VECTOR('',#3578,1.);
#3578 = DIRECTION('',(1.,-0.));
#3579 = ( GEOMETRIC_REPRESENTATION_CONTEXT(2) 
PARAMETRIC_REPRESENTATION_CONTEXT() REPRESENTATION_CONTEXT('2D SPACE',''
  ) );
#3580 = ORIENTED_EDGE('',*,*,#3581,.F.);
#3581 = EDGE_CURVE('',#1269,#3553,#3582,.T.);
#3582 = SURFACE_CURVE('',#3583,(#3587,#3593),.PCURVE_S1.);
#3583 = LINE('',#3584,#3585);
#3584 = CARTESIAN_POINT('',(-17.525,43.19,9.));
#3585 = VECTOR('',#3586,1.);
#3586 = DIRECTION('',(-1.,0.,0.));
#3587 = PCURVE('',#1309,#3588);
#3588 = DEFINITIONAL_REPRESENTATION('',(#3589),#3592);
#3589 = B_SPLINE_CURVE_WITH_KNOTS('',1,(#3590,#3591),.UNSPECIFIED.,.F.,
  .F.,(2,2),(-34.15,-0.9),.PIECEWISE_BEZIER_KNOTS.);
#3590 = CARTESIAN_POINT('',(34.75,42.49));
#3591 = CARTESIAN_POINT('',(1.5,42.49));
#3592 = ( GEOMETRIC_REPRESENTATION_CONTEXT(2) 
PARAMETRIC_REPRESENTATION_CONTEXT() REPRESENTATION_CONTEXT('2D SPACE',''
  ) );
#3593 = PCURVE('',#1283,#3594);
#3594 = DEFINITIONAL_REPRESENTATION('',(#3595),#3599);
#3595 = LINE('',#3596,#3597);
#3596 = CARTESIAN_POINT('',(7.,-0.6));
#3597 = VECTOR('',#3598,1.);
#3598 = DIRECTION('',(0.,-1.));
#3599 = ( GEOMETRIC_REPRESENTATION_CONTEXT(2) 
PARAMETRIC_REPRESENTATION_CONTEXT() REPRESENTATION_CONTEXT('2D SPACE',''
  ) );
#3600 = ORIENTED_EDGE('',*,*,#1294,.T.);
#3601 = ORIENTED_EDGE('',*,*,#1369,.F.);
#3602 = ORIENTED_EDGE('',*,*,#1418,.F.);
#3603 = ADVANCED_FACE('',(#3604),#1283,.F.);
#3604 = FACE_BOUND('',#3605,.F.);
#3605 = EDGE_LOOP('',(#3606,#3636,#3656,#3657,#3658,#3659,#3660,#3683));
#3606 = ORIENTED_EDGE('',*,*,#3607,.F.);
#3607 = EDGE_CURVE('',#3608,#3610,#3612,.T.);
#3608 = VERTEX_POINT('',#3609);
#3609 = CARTESIAN_POINT('',(16.625,43.19,9.));
#3610 = VERTEX_POINT('',#3611);
#3611 = CARTESIAN_POINT('',(16.625,43.19,22.5));
#3612 = SURFACE_CURVE('',#3613,(#3617,#3624),.PCURVE_S1.);
#3613 = LINE('',#3614,#3615);
#3614 = CARTESIAN_POINT('',(16.625,43.19,2.));
#3615 = VECTOR('',#3616,1.);
#3616 = DIRECTION('',(0.,0.,1.));
#3617 = PCURVE('',#1283,#3618);
#3618 = DEFINITIONAL_REPRESENTATION('',(#3619),#3623);
#3619 = LINE('',#3620,#3621);
#3620 = CARTESIAN_POINT('',(0.,33.55));
#3621 = VECTOR('',#3622,1.);
#3622 = DIRECTION('',(1.,0.));
#3623 = ( GEOMETRIC_REPRESENTATION_CONTEXT(2) 
PARAMETRIC_REPRESENTATION_CONTEXT() REPRESENTATION_CONTEXT('2D SPACE',''
  ) );
#3624 = PCURVE('',#3625,#3630);
#3625 = CYLINDRICAL_SURFACE('',#3626,0.3);
#3626 = AXIS2_PLACEMENT_3D('',#3627,#3628,#3629);
#3627 = CARTESIAN_POINT('',(16.625,42.89,2.));
#3628 = DIRECTION('',(0.,0.,1.));
#3629 = DIRECTION('',(1.,0.,-0.));
#3630 = DEFINITIONAL_REPRESENTATION('',(#3631),#3635);
#3631 = LINE('',#3632,#3633);
#3632 = CARTESIAN_POINT('',(1.570796326795,0.));
#3633 = VECTOR('',#3634,1.);
#3634 = DIRECTION('',(0.,1.));
#3635 = ( GEOMETRIC_REPRESENTATION_CONTEXT(2) 
PARAMETRIC_REPRESENTATION_CONTEXT() REPRESENTATION_CONTEXT('2D SPACE',''
  ) );
#3636 = ORIENTED_EDGE('',*,*,#3637,.T.);
#3637 = EDGE_CURVE('',#3608,#2814,#3638,.T.);
#3638 = SURFACE_CURVE('',#3639,(#3643,#3650),.PCURVE_S1.);
#3639 = LINE('',#3640,#3641);
#3640 = CARTESIAN_POINT('',(-17.525,43.19,9.));
#3641 = VECTOR('',#3642,1.);
#3642 = DIRECTION('',(-1.,0.,0.));
#3643 = PCURVE('',#1283,#3644);
#3644 = DEFINITIONAL_REPRESENTATION('',(#3645),#3649);
#3645 = LINE('',#3646,#3647);
#3646 = CARTESIAN_POINT('',(7.,-0.6));
#3647 = VECTOR('',#3648,1.);
#3648 = DIRECTION('',(0.,-1.));
#3649 = ( GEOMETRIC_REPRESENTATION_CONTEXT(2) 
PARAMETRIC_REPRESENTATION_CONTEXT() REPRESENTATION_CONTEXT('2D SPACE',''
  ) );
#3650 = PCURVE('',#2849,#3651);
#3651 = DEFINITIONAL_REPRESENTATION('',(#3652),#3655);
#3652 = B_SPLINE_CURVE_WITH_KNOTS('',1,(#3653,#3654),.UNSPECIFIED.,.F.,
  .F.,(2,2),(-34.15,-0.9),.PIECEWISE_BEZIER_KNOTS.);
#3653 = CARTESIAN_POINT('',(34.75,42.49));
#3654 = CARTESIAN_POINT('',(1.5,42.49));
#3655 = ( GEOMETRIC_REPRESENTATION_CONTEXT(2) 
PARAMETRIC_REPRESENTATION_CONTEXT() REPRESENTATION_CONTEXT('2D SPACE',''
  ) );
#3656 = ORIENTED_EDGE('',*,*,#2813,.F.);
#3657 = ORIENTED_EDGE('',*,*,#2766,.F.);
#3658 = ORIENTED_EDGE('',*,*,#1268,.T.);
#3659 = ORIENTED_EDGE('',*,*,#3581,.T.);
#3660 = ORIENTED_EDGE('',*,*,#3661,.T.);
#3661 = EDGE_CURVE('',#3553,#3662,#3664,.T.);
#3662 = VERTEX_POINT('',#3663);
#3663 = CARTESIAN_POINT('',(-16.625,43.19,22.5));
#3664 = SURFACE_CURVE('',#3665,(#3669,#3676),.PCURVE_S1.);
#3665 = LINE('',#3666,#3667);
#3666 = CARTESIAN_POINT('',(-16.625,43.19,2.));
#3667 = VECTOR('',#3668,1.);
#3668 = DIRECTION('',(0.,0.,1.));
#3669 = PCURVE('',#1283,#3670);
#3670 = DEFINITIONAL_REPRESENTATION('',(#3671),#3675);
#3671 = LINE('',#3672,#3673);
#3672 = CARTESIAN_POINT('',(0.,0.3));
#3673 = VECTOR('',#3674,1.);
#3674 = DIRECTION('',(1.,0.));
#3675 = ( GEOMETRIC_REPRESENTATION_CONTEXT(2) 
PARAMETRIC_REPRESENTATION_CONTEXT() REPRESENTATION_CONTEXT('2D SPACE',''
  ) );
#3676 = PCURVE('',#3569,#3677);
#3677 = DEFINITIONAL_REPRESENTATION('',(#3678),#3682);
#3678 = LINE('',#3679,#3680);
#3679 = CARTESIAN_POINT('',(-1.570796326795,0.));
#3680 = VECTOR('',#3681,1.);
#3681 = DIRECTION('',(-0.,1.));
#3682 = ( GEOMETRIC_REPRESENTATION_CONTEXT(2) 
PARAMETRIC_REPRESENTATION_CONTEXT() REPRESENTATION_CONTEXT('2D SPACE',''
  ) );
#3683 = ORIENTED_EDGE('',*,*,#3684,.T.);
#3684 = EDGE_CURVE('',#3662,#3610,#3685,.T.);
#3685 = SURFACE_CURVE('',#3686,(#3690,#3697),.PCURVE_S1.);
#3686 = LINE('',#3687,#3688);
#3687 = CARTESIAN_POINT('',(-16.925,43.19,22.5));
#3688 = VECTOR('',#3689,1.);
#3689 = DIRECTION('',(1.,0.,0.));
#3690 = PCURVE('',#1283,#3691);
#3691 = DEFINITIONAL_REPRESENTATION('',(#3692),#3696);
#3692 = LINE('',#3693,#3694);
#3693 = CARTESIAN_POINT('',(20.5,0.));
#3694 = VECTOR('',#3695,1.);
#3695 = DIRECTION('',(0.,1.));
#3696 = ( GEOMETRIC_REPRESENTATION_CONTEXT(2) 
PARAMETRIC_REPRESENTATION_CONTEXT() REPRESENTATION_CONTEXT('2D SPACE',''
  ) );
#3697 = PCURVE('',#3698,#3703);
#3698 = PLANE('',#3699);
#3699 = AXIS2_PLACEMENT_3D('',#3700,#3701,#3702);
#3700 = CARTESIAN_POINT('',(-16.925,1.9,22.5));
#3701 = DIRECTION('',(0.,0.,1.));
#3702 = DIRECTION('',(1.,0.,0.));
#3703 = DEFINITIONAL_REPRESENTATION('',(#3704),#3708);
#3704 = LINE('',#3705,#3706);
#3705 = CARTESIAN_POINT('',(0.,41.29));
#3706 = VECTOR('',#3707,1.);
#3707 = DIRECTION('',(1.,0.));
#3708 = ( GEOMETRIC_REPRESENTATION_CONTEXT(2) 
PARAMETRIC_REPRESENTATION_CONTEXT() REPRESENTATION_CONTEXT('2D SPACE',''
  ) );
#3709 = ADVANCED_FACE('',(#3710),#1605,.F.);
#3710 = FACE_BOUND('',#3711,.F.);
#3711 = EDGE_LOOP('',(#3712,#3713,#3714,#3715));
#3712 = ORIENTED_EDGE('',*,*,#3426,.T.);
#3713 = ORIENTED_EDGE('',*,*,#1591,.T.);
#3714 = ORIENTED_EDGE('',*,*,#2115,.T.);
#3715 = ORIENTED_EDGE('',*,*,#3716,.F.);
#3716 = EDGE_CURVE('',#3427,#2087,#3717,.T.);
#3717 = SURFACE_CURVE('',#3718,(#3722,#3728),.PCURVE_S1.);
#3718 = LINE('',#3719,#3720);
#3719 = CARTESIAN_POINT('',(-16.70181145747,1.91,2.));
#3720 = VECTOR('',#3721,1.);
#3721 = DIRECTION('',(0.,0.,1.));
#3722 = PCURVE('',#1605,#3723);
#3723 = DEFINITIONAL_REPRESENTATION('',(#3724),#3727);
#3724 = B_SPLINE_CURVE_WITH_KNOTS('',1,(#3725,#3726),.UNSPECIFIED.,.F.,
  .F.,(2,2),(6.9999994,19.125),.PIECEWISE_BEZIER_KNOTS.);
#3725 = CARTESIAN_POINT('',(1.8999994,0.123188542521));
#3726 = CARTESIAN_POINT('',(14.025,0.123188542521));
#3727 = ( GEOMETRIC_REPRESENTATION_CONTEXT(2) 
PARAMETRIC_REPRESENTATION_CONTEXT() REPRESENTATION_CONTEXT('2D SPACE',''
  ) );
#3728 = PCURVE('',#2103,#3729);
#3729 = DEFINITIONAL_REPRESENTATION('',(#3730),#3733);
#3730 = B_SPLINE_CURVE_WITH_KNOTS('',1,(#3731,#3732),.UNSPECIFIED.,.F.,
  .F.,(2,2),(6.9999994,19.125),.PIECEWISE_BEZIER_KNOTS.);
#3731 = CARTESIAN_POINT('',(1.311874784789,6.9999994));
#3732 = CARTESIAN_POINT('',(1.311874784789,19.125));
#3733 = ( GEOMETRIC_REPRESENTATION_CONTEXT(2) 
PARAMETRIC_REPRESENTATION_CONTEXT() REPRESENTATION_CONTEXT('2D SPACE',''
  ) );
#3734 = ADVANCED_FACE('',(#3735),#1660,.T.);
#3735 = FACE_BOUND('',#3736,.T.);
#3736 = EDGE_LOOP('',(#3737,#3738,#3739,#3758));
#3737 = ORIENTED_EDGE('',*,*,#2622,.F.);
#3738 = ORIENTED_EDGE('',*,*,#2512,.T.);
#3739 = ORIENTED_EDGE('',*,*,#3740,.T.);
#3740 = EDGE_CURVE('',#2490,#1621,#3741,.T.);
#3741 = SURFACE_CURVE('',#3742,(#3746,#3752),.PCURVE_S1.);
#3742 = LINE('',#3743,#3744);
#3743 = CARTESIAN_POINT('',(-23.525,15.5,23.5));
#3744 = VECTOR('',#3745,1.);
#3745 = DIRECTION('',(-0.707106781187,-4.329780281177E-17,
    -0.707106781187));
#3746 = PCURVE('',#1660,#3747);
#3747 = DEFINITIONAL_REPRESENTATION('',(#3748),#3751);
#3748 = B_SPLINE_CURVE_WITH_KNOTS('',1,(#3749,#3750),.UNSPECIFIED.,.F.,
  .F.,(2,2),(-1.414213562373,0.),.PIECEWISE_BEZIER_KNOTS.);
#3749 = CARTESIAN_POINT('',(1.570796326795,-1.));
#3750 = CARTESIAN_POINT('',(1.570796326795,0.));
#3751 = ( GEOMETRIC_REPRESENTATION_CONTEXT(2) 
PARAMETRIC_REPRESENTATION_CONTEXT() REPRESENTATION_CONTEXT('2D SPACE',''
  ) );
#3752 = PCURVE('',#1692,#3753);
#3753 = DEFINITIONAL_REPRESENTATION('',(#3754),#3757);
#3754 = B_SPLINE_CURVE_WITH_KNOTS('',1,(#3755,#3756),.UNSPECIFIED.,.F.,
  .F.,(2,2),(-1.414213562373,0.),.PIECEWISE_BEZIER_KNOTS.);
#3755 = CARTESIAN_POINT('',(1.7763568394E-15,-0.707106781187));
#3756 = CARTESIAN_POINT('',(1.7763568394E-15,0.707106781187));
#3757 = ( GEOMETRIC_REPRESENTATION_CONTEXT(2) 
PARAMETRIC_REPRESENTATION_CONTEXT() REPRESENTATION_CONTEXT('2D SPACE',''
  ) );
#3758 = ORIENTED_EDGE('',*,*,#1645,.F.);
#3759 = ADVANCED_FACE('',(#3760),#1692,.F.);
#3760 = FACE_BOUND('',#3761,.T.);
#3761 = EDGE_LOOP('',(#3762,#3763,#3764,#3765));
#3762 = ORIENTED_EDGE('',*,*,#3740,.F.);
#3763 = ORIENTED_EDGE('',*,*,#2489,.T.);
#3764 = ORIENTED_EDGE('',*,*,#2645,.T.);
#3765 = ORIENTED_EDGE('',*,*,#1678,.F.);
#3766 = ADVANCED_FACE('',(#3767),#1746,.F.);
#3767 = FACE_BOUND('',#3768,.F.);
#3768 = EDGE_LOOP('',(#3769));
#3769 = ORIENTED_EDGE('',*,*,#1731,.T.);
#3770 = ADVANCED_FACE('',(#3771),#1801,.F.);
#3771 = FACE_BOUND('',#3772,.F.);
#3772 = EDGE_LOOP('',(#3773));
#3773 = ORIENTED_EDGE('',*,*,#1786,.T.);
#3774 = ADVANCED_FACE('',(#3775),#1832,.F.);
#3775 = FACE_BOUND('',#3776,.F.);
#3776 = EDGE_LOOP('',(#3777,#3796,#3797,#3798));
#3777 = ORIENTED_EDGE('',*,*,#3778,.F.);
#3778 = EDGE_CURVE('',#1897,#2564,#3779,.T.);
#3779 = SURFACE_CURVE('',#3780,(#3784,#3790),.PCURVE_S1.);
#3780 = LINE('',#3781,#3782);
#3781 = CARTESIAN_POINT('',(16.325,0.3,23.5));
#3782 = VECTOR('',#3783,1.);
#3783 = DIRECTION('',(-1.479706333907E-16,0.707106781187,0.707106781187)
  );
#3784 = PCURVE('',#1832,#3785);
#3785 = DEFINITIONAL_REPRESENTATION('',(#3786),#3789);
#3786 = B_SPLINE_CURVE_WITH_KNOTS('',1,(#3787,#3788),.UNSPECIFIED.,.F.,
  .F.,(2,2),(0.,1.414213562373),.PIECEWISE_BEZIER_KNOTS.);
#3787 = CARTESIAN_POINT('',(0.,-0.707106781187));
#3788 = CARTESIAN_POINT('',(0.,0.707106781187));
#3789 = ( GEOMETRIC_REPRESENTATION_CONTEXT(2) 
PARAMETRIC_REPRESENTATION_CONTEXT() REPRESENTATION_CONTEXT('2D SPACE',''
  ) );
#3790 = PCURVE('',#2605,#3791);
#3791 = DEFINITIONAL_REPRESENTATION('',(#3792),#3795);
#3792 = B_SPLINE_CURVE_WITH_KNOTS('',1,(#3793,#3794),.UNSPECIFIED.,.F.,
  .F.,(2,2),(0.,1.414213562373),.PIECEWISE_BEZIER_KNOTS.);
#3793 = CARTESIAN_POINT('',(1.570796326795,0.));
#3794 = CARTESIAN_POINT('',(1.570796326795,-1.));
#3795 = ( GEOMETRIC_REPRESENTATION_CONTEXT(2) 
PARAMETRIC_REPRESENTATION_CONTEXT() REPRESENTATION_CONTEXT('2D SPACE',''
  ) );
#3796 = ORIENTED_EDGE('',*,*,#1896,.T.);
#3797 = ORIENTED_EDGE('',*,*,#1817,.T.);
#3798 = ORIENTED_EDGE('',*,*,#2563,.F.);
#3799 = ADVANCED_FACE('',(#3800),#1933,.T.);
#3800 = FACE_BOUND('',#3801,.F.);
#3801 = EDGE_LOOP('',(#3802,#3825,#3826,#3845,#3846,#3847));
#3802 = ORIENTED_EDGE('',*,*,#3803,.F.);
#3803 = EDGE_CURVE('',#3042,#3804,#3806,.T.);
#3804 = VERTEX_POINT('',#3805);
#3805 = CARTESIAN_POINT('',(19.325,3.3,23.5));
#3806 = SURFACE_CURVE('',#3807,(#3811,#3818),.PCURVE_S1.);
#3807 = LINE('',#3808,#3809);
#3808 = CARTESIAN_POINT('',(19.325,3.3,0.));
#3809 = VECTOR('',#3810,1.);
#3810 = DIRECTION('',(0.,0.,1.));
#3811 = PCURVE('',#1933,#3812);
#3812 = DEFINITIONAL_REPRESENTATION('',(#3813),#3817);
#3813 = LINE('',#3814,#3815);
#3814 = CARTESIAN_POINT('',(-0.,0.));
#3815 = VECTOR('',#3816,1.);
#3816 = DIRECTION('',(-0.,1.));
#3817 = ( GEOMETRIC_REPRESENTATION_CONTEXT(2) 
PARAMETRIC_REPRESENTATION_CONTEXT() REPRESENTATION_CONTEXT('2D SPACE',''
  ) );
#3818 = PCURVE('',#3080,#3819);
#3819 = DEFINITIONAL_REPRESENTATION('',(#3820),#3824);
#3820 = LINE('',#3821,#3822);
#3821 = CARTESIAN_POINT('',(0.,-3.));
#3822 = VECTOR('',#3823,1.);
#3823 = DIRECTION('',(1.,0.));
#3824 = ( GEOMETRIC_REPRESENTATION_CONTEXT(2) 
PARAMETRIC_REPRESENTATION_CONTEXT() REPRESENTATION_CONTEXT('2D SPACE',''
  ) );
#3825 = ORIENTED_EDGE('',*,*,#3041,.F.);
#3826 = ORIENTED_EDGE('',*,*,#3827,.T.);
#3827 = EDGE_CURVE('',#3019,#1952,#3828,.T.);
#3828 = SURFACE_CURVE('',#3829,(#3833,#3839),.PCURVE_S1.);
#3829 = LINE('',#3830,#3831);
#3830 = CARTESIAN_POINT('',(16.825,0.34196010845,0.));
#3831 = VECTOR('',#3832,1.);
#3832 = DIRECTION('',(0.,0.,1.));
#3833 = PCURVE('',#1933,#3834);
#3834 = DEFINITIONAL_REPRESENTATION('',(#3835),#3838);
#3835 = B_SPLINE_CURVE_WITH_KNOTS('',1,(#3836,#3837),.UNSPECIFIED.,.F.,
  .F.,(2,2),(7.0999994,21.125),.PIECEWISE_BEZIER_KNOTS.);
#3836 = CARTESIAN_POINT('',(-1.403348247575,7.0999994));
#3837 = CARTESIAN_POINT('',(-1.403348247575,21.125));
#3838 = ( GEOMETRIC_REPRESENTATION_CONTEXT(2) 
PARAMETRIC_REPRESENTATION_CONTEXT() REPRESENTATION_CONTEXT('2D SPACE',''
  ) );
#3839 = PCURVE('',#1991,#3840);
#3840 = DEFINITIONAL_REPRESENTATION('',(#3841),#3844);
#3841 = B_SPLINE_CURVE_WITH_KNOTS('',1,(#3842,#3843),.UNSPECIFIED.,.F.,
  .F.,(2,2),(7.0999994,21.125),.PIECEWISE_BEZIER_KNOTS.);
#3842 = CARTESIAN_POINT('',(-5.999999999062E-07,-1.04196010845));
#3843 = CARTESIAN_POINT('',(14.025,-1.04196010845));
#3844 = ( GEOMETRIC_REPRESENTATION_CONTEXT(2) 
PARAMETRIC_REPRESENTATION_CONTEXT() REPRESENTATION_CONTEXT('2D SPACE',''
  ) );
#3845 = ORIENTED_EDGE('',*,*,#1951,.F.);
#3846 = ORIENTED_EDGE('',*,*,#1919,.T.);
#3847 = ORIENTED_EDGE('',*,*,#3848,.F.);
#3848 = EDGE_CURVE('',#3804,#1897,#3849,.T.);
#3849 = SURFACE_CURVE('',#3850,(#3855,#3862),.PCURVE_S1.);
#3850 = CIRCLE('',#3851,3.);
#3851 = AXIS2_PLACEMENT_3D('',#3852,#3853,#3854);
#3852 = CARTESIAN_POINT('',(16.325,3.3,23.5));
#3853 = DIRECTION('',(0.,-0.,-1.));
#3854 = DIRECTION('',(1.,1.480297366167E-16,-0.));
#3855 = PCURVE('',#1933,#3856);
#3856 = DEFINITIONAL_REPRESENTATION('',(#3857),#3861);
#3857 = LINE('',#3858,#3859);
#3858 = CARTESIAN_POINT('',(-0.,23.5));
#3859 = VECTOR('',#3860,1.);
#3860 = DIRECTION('',(-1.,0.));
#3861 = ( GEOMETRIC_REPRESENTATION_CONTEXT(2) 
PARAMETRIC_REPRESENTATION_CONTEXT() REPRESENTATION_CONTEXT('2D SPACE',''
  ) );
#3862 = PCURVE('',#2605,#3863);
#3863 = DEFINITIONAL_REPRESENTATION('',(#3864),#3868);
#3864 = LINE('',#3865,#3866);
#3865 = CARTESIAN_POINT('',(0.,-0.));
#3866 = VECTOR('',#3867,1.);
#3867 = DIRECTION('',(1.,-0.));
#3868 = ( GEOMETRIC_REPRESENTATION_CONTEXT(2) 
PARAMETRIC_REPRESENTATION_CONTEXT() REPRESENTATION_CONTEXT('2D SPACE',''
  ) );
#3869 = ADVANCED_FACE('',(#3870),#2103,.F.);
#3870 = FACE_BOUND('',#3871,.F.);
#3871 = EDGE_LOOP('',(#3872,#3895,#3896,#3897,#3898,#3921));
#3872 = ORIENTED_EDGE('',*,*,#3873,.F.);
#3873 = EDGE_CURVE('',#3448,#3874,#3876,.T.);
#3874 = VERTEX_POINT('',#3875);
#3875 = CARTESIAN_POINT('',(-16.925,2.2,22.5));
#3876 = SURFACE_CURVE('',#3877,(#3881,#3888),.PCURVE_S1.);
#3877 = LINE('',#3878,#3879);
#3878 = CARTESIAN_POINT('',(-16.925,2.2,2.));
#3879 = VECTOR('',#3880,1.);
#3880 = DIRECTION('',(0.,0.,1.));
#3881 = PCURVE('',#2103,#3882);
#3882 = DEFINITIONAL_REPRESENTATION('',(#3883),#3887);
#3883 = LINE('',#3884,#3885);
#3884 = CARTESIAN_POINT('',(0.,0.));
#3885 = VECTOR('',#3886,1.);
#3886 = DIRECTION('',(0.,1.));
#3887 = ( GEOMETRIC_REPRESENTATION_CONTEXT(2) 
PARAMETRIC_REPRESENTATION_CONTEXT() REPRESENTATION_CONTEXT('2D SPACE',''
  ) );
#3888 = PCURVE('',#3486,#3889);
#3889 = DEFINITIONAL_REPRESENTATION('',(#3890),#3894);
#3890 = LINE('',#3891,#3892);
#3891 = CARTESIAN_POINT('',(0.,-0.3));
#3892 = VECTOR('',#3893,1.);
#3893 = DIRECTION('',(1.,0.));
#3894 = ( GEOMETRIC_REPRESENTATION_CONTEXT(2) 
PARAMETRIC_REPRESENTATION_CONTEXT() REPRESENTATION_CONTEXT('2D SPACE',''
  ) );
#3895 = ORIENTED_EDGE('',*,*,#3447,.T.);
#3896 = ORIENTED_EDGE('',*,*,#3716,.T.);
#3897 = ORIENTED_EDGE('',*,*,#2086,.T.);
#3898 = ORIENTED_EDGE('',*,*,#3899,.T.);
#3899 = EDGE_CURVE('',#2061,#3900,#3902,.T.);
#3900 = VERTEX_POINT('',#3901);
#3901 = CARTESIAN_POINT('',(-16.625,1.9,22.5));
#3902 = SURFACE_CURVE('',#3903,(#3907,#3914),.PCURVE_S1.);
#3903 = LINE('',#3904,#3905);
#3904 = CARTESIAN_POINT('',(-16.625,1.9,2.));
#3905 = VECTOR('',#3906,1.);
#3906 = DIRECTION('',(0.,0.,1.));
#3907 = PCURVE('',#2103,#3908);
#3908 = DEFINITIONAL_REPRESENTATION('',(#3909),#3913);
#3909 = LINE('',#3910,#3911);
#3910 = CARTESIAN_POINT('',(1.570796326795,0.));
#3911 = VECTOR('',#3912,1.);
#3912 = DIRECTION('',(0.,1.));
#3913 = ( GEOMETRIC_REPRESENTATION_CONTEXT(2) 
PARAMETRIC_REPRESENTATION_CONTEXT() REPRESENTATION_CONTEXT('2D SPACE',''
  ) );
#3914 = PCURVE('',#2075,#3915);
#3915 = DEFINITIONAL_REPRESENTATION('',(#3916),#3920);
#3916 = LINE('',#3917,#3918);
#3917 = CARTESIAN_POINT('',(0.,0.3));
#3918 = VECTOR('',#3919,1.);
#3919 = DIRECTION('',(1.,0.));
#3920 = ( GEOMETRIC_REPRESENTATION_CONTEXT(2) 
PARAMETRIC_REPRESENTATION_CONTEXT() REPRESENTATION_CONTEXT('2D SPACE',''
  ) );
#3921 = ORIENTED_EDGE('',*,*,#3922,.F.);
#3922 = EDGE_CURVE('',#3874,#3900,#3923,.T.);
#3923 = SURFACE_CURVE('',#3924,(#3929,#3936),.PCURVE_S1.);
#3924 = CIRCLE('',#3925,0.3);
#3925 = AXIS2_PLACEMENT_3D('',#3926,#3927,#3928);
#3926 = CARTESIAN_POINT('',(-16.625,2.2,22.5));
#3927 = DIRECTION('',(0.,0.,1.));
#3928 = DIRECTION('',(0.,-1.,0.));
#3929 = PCURVE('',#2103,#3930);
#3930 = DEFINITIONAL_REPRESENTATION('',(#3931),#3935);
#3931 = LINE('',#3932,#3933);
#3932 = CARTESIAN_POINT('',(-4.712388980385,20.5));
#3933 = VECTOR('',#3934,1.);
#3934 = DIRECTION('',(1.,0.));
#3935 = ( GEOMETRIC_REPRESENTATION_CONTEXT(2) 
PARAMETRIC_REPRESENTATION_CONTEXT() REPRESENTATION_CONTEXT('2D SPACE',''
  ) );
#3936 = PCURVE('',#3698,#3937);
#3937 = DEFINITIONAL_REPRESENTATION('',(#3938),#3942);
#3938 = CIRCLE('',#3939,0.3);
#3939 = AXIS2_PLACEMENT_2D('',#3940,#3941);
#3940 = CARTESIAN_POINT('',(0.3,0.3));
#3941 = DIRECTION('',(0.,-1.));
#3942 = ( GEOMETRIC_REPRESENTATION_CONTEXT(2) 
PARAMETRIC_REPRESENTATION_CONTEXT() REPRESENTATION_CONTEXT('2D SPACE',''
  ) );
#3943 = ADVANCED_FACE('',(#3944),#2075,.T.);
#3944 = FACE_BOUND('',#3945,.T.);
#3945 = EDGE_LOOP('',(#3946,#3969,#3970,#3971));
#3946 = ORIENTED_EDGE('',*,*,#3947,.F.);
#3947 = EDGE_CURVE('',#2032,#3948,#3950,.T.);
#3948 = VERTEX_POINT('',#3949);
#3949 = CARTESIAN_POINT('',(16.625,1.9,22.5));
#3950 = SURFACE_CURVE('',#3951,(#3955,#3962),.PCURVE_S1.);
#3951 = LINE('',#3952,#3953);
#3952 = CARTESIAN_POINT('',(16.625,1.9,2.));
#3953 = VECTOR('',#3954,1.);
#3954 = DIRECTION('',(0.,0.,1.));
#3955 = PCURVE('',#2075,#3956);
#3956 = DEFINITIONAL_REPRESENTATION('',(#3957),#3961);
#3957 = LINE('',#3958,#3959);
#3958 = CARTESIAN_POINT('',(0.,33.55));
#3959 = VECTOR('',#3960,1.);
#3960 = DIRECTION('',(1.,0.));
#3961 = ( GEOMETRIC_REPRESENTATION_CONTEXT(2) 
PARAMETRIC_REPRESENTATION_CONTEXT() REPRESENTATION_CONTEXT('2D SPACE',''
  ) );
#3962 = PCURVE('',#2048,#3963);
#3963 = DEFINITIONAL_REPRESENTATION('',(#3964),#3968);
#3964 = LINE('',#3965,#3966);
#3965 = CARTESIAN_POINT('',(-1.570796326795,0.));
#3966 = VECTOR('',#3967,1.);
#3967 = DIRECTION('',(-0.,1.));
#3968 = ( GEOMETRIC_REPRESENTATION_CONTEXT(2) 
PARAMETRIC_REPRESENTATION_CONTEXT() REPRESENTATION_CONTEXT('2D SPACE',''
  ) );
#3969 = ORIENTED_EDGE('',*,*,#2060,.F.);
#3970 = ORIENTED_EDGE('',*,*,#3899,.T.);
#3971 = ORIENTED_EDGE('',*,*,#3972,.T.);
#3972 = EDGE_CURVE('',#3900,#3948,#3973,.T.);
#3973 = SURFACE_CURVE('',#3974,(#3978,#3985),.PCURVE_S1.);
#3974 = LINE('',#3975,#3976);
#3975 = CARTESIAN_POINT('',(-16.925,1.9,22.5));
#3976 = VECTOR('',#3977,1.);
#3977 = DIRECTION('',(1.,0.,0.));
#3978 = PCURVE('',#2075,#3979);
#3979 = DEFINITIONAL_REPRESENTATION('',(#3980),#3984);
#3980 = LINE('',#3981,#3982);
#3981 = CARTESIAN_POINT('',(20.5,0.));
#3982 = VECTOR('',#3983,1.);
#3983 = DIRECTION('',(0.,1.));
#3984 = ( GEOMETRIC_REPRESENTATION_CONTEXT(2) 
PARAMETRIC_REPRESENTATION_CONTEXT() REPRESENTATION_CONTEXT('2D SPACE',''
  ) );
#3985 = PCURVE('',#3698,#3986);
#3986 = DEFINITIONAL_REPRESENTATION('',(#3987),#3991);
#3987 = LINE('',#3988,#3989);
#3988 = CARTESIAN_POINT('',(0.,0.));
#3989 = VECTOR('',#3990,1.);
#3990 = DIRECTION('',(1.,0.));
#3991 = ( GEOMETRIC_REPRESENTATION_CONTEXT(2) 
PARAMETRIC_REPRESENTATION_CONTEXT() REPRESENTATION_CONTEXT('2D SPACE',''
  ) );
#3992 = ADVANCED_FACE('',(#3993),#2048,.F.);
#3993 = FACE_BOUND('',#3994,.T.);
#3994 = EDGE_LOOP('',(#3995,#4025,#4049,#4068,#4069,#4070));
#3995 = ORIENTED_EDGE('',*,*,#3996,.F.);
#3996 = EDGE_CURVE('',#3997,#3999,#4001,.T.);
#3997 = VERTEX_POINT('',#3998);
#3998 = CARTESIAN_POINT('',(16.925,2.2,9.));
#3999 = VERTEX_POINT('',#4000);
#4000 = CARTESIAN_POINT('',(16.925,2.2,22.5));
#4001 = SURFACE_CURVE('',#4002,(#4006,#4013),.PCURVE_S1.);
#4002 = LINE('',#4003,#4004);
#4003 = CARTESIAN_POINT('',(16.925,2.2,2.));
#4004 = VECTOR('',#4005,1.);
#4005 = DIRECTION('',(0.,0.,1.));
#4006 = PCURVE('',#2048,#4007);
#4007 = DEFINITIONAL_REPRESENTATION('',(#4008),#4012);
#4008 = LINE('',#4009,#4010);
#4009 = CARTESIAN_POINT('',(-0.,0.));
#4010 = VECTOR('',#4011,1.);
#4011 = DIRECTION('',(-0.,1.));
#4012 = ( GEOMETRIC_REPRESENTATION_CONTEXT(2) 
PARAMETRIC_REPRESENTATION_CONTEXT() REPRESENTATION_CONTEXT('2D SPACE',''
  ) );
#4013 = PCURVE('',#4014,#4019);
#4014 = PLANE('',#4015);
#4015 = AXIS2_PLACEMENT_3D('',#4016,#4017,#4018);
#4016 = CARTESIAN_POINT('',(16.925,1.9,2.));
#4017 = DIRECTION('',(1.,0.,0.));
#4018 = DIRECTION('',(0.,0.,1.));
#4019 = DEFINITIONAL_REPRESENTATION('',(#4020),#4024);
#4020 = LINE('',#4021,#4022);
#4021 = CARTESIAN_POINT('',(0.,-0.3));
#4022 = VECTOR('',#4023,1.);
#4023 = DIRECTION('',(1.,0.));
#4024 = ( GEOMETRIC_REPRESENTATION_CONTEXT(2) 
PARAMETRIC_REPRESENTATION_CONTEXT() REPRESENTATION_CONTEXT('2D SPACE',''
  ) );
#4025 = ORIENTED_EDGE('',*,*,#4026,.F.);
#4026 = EDGE_CURVE('',#4027,#3997,#4029,.T.);
#4027 = VERTEX_POINT('',#4028);
#4028 = CARTESIAN_POINT('',(16.701811457479,1.91,9.));
#4029 = SURFACE_CURVE('',#4030,(#4035,#4042),.PCURVE_S1.);
#4030 = CIRCLE('',#4031,0.3);
#4031 = AXIS2_PLACEMENT_3D('',#4032,#4033,#4034);
#4032 = CARTESIAN_POINT('',(16.625,2.2,9.));
#4033 = DIRECTION('',(0.,0.,1.));
#4034 = DIRECTION('',(1.,0.,-0.));
#4035 = PCURVE('',#2048,#4036);
#4036 = DEFINITIONAL_REPRESENTATION('',(#4037),#4041);
#4037 = LINE('',#4038,#4039);
#4038 = CARTESIAN_POINT('',(-6.28318530718,7.));
#4039 = VECTOR('',#4040,1.);
#4040 = DIRECTION('',(1.,-0.));
#4041 = ( GEOMETRIC_REPRESENTATION_CONTEXT(2) 
PARAMETRIC_REPRESENTATION_CONTEXT() REPRESENTATION_CONTEXT('2D SPACE',''
  ) );
#4042 = PCURVE('',#2849,#4043);
#4043 = DEFINITIONAL_REPRESENTATION('',(#4044),#4048);
#4044 = CIRCLE('',#4045,0.3);
#4045 = AXIS2_PLACEMENT_2D('',#4046,#4047);
#4046 = CARTESIAN_POINT('',(34.75,1.5));
#4047 = DIRECTION('',(1.,0.));
#4048 = ( GEOMETRIC_REPRESENTATION_CONTEXT(2) 
PARAMETRIC_REPRESENTATION_CONTEXT() REPRESENTATION_CONTEXT('2D SPACE',''
  ) );
#4049 = ORIENTED_EDGE('',*,*,#4050,.T.);
#4050 = EDGE_CURVE('',#4027,#2004,#4051,.T.);
#4051 = SURFACE_CURVE('',#4052,(#4056,#4062),.PCURVE_S1.);
#4052 = LINE('',#4053,#4054);
#4053 = CARTESIAN_POINT('',(16.701811457479,1.91,2.));
#4054 = VECTOR('',#4055,1.);
#4055 = DIRECTION('',(0.,0.,1.));
#4056 = PCURVE('',#2048,#4057);
#4057 = DEFINITIONAL_REPRESENTATION('',(#4058),#4061);
#4058 = B_SPLINE_CURVE_WITH_KNOTS('',1,(#4059,#4060),.UNSPECIFIED.,.F.,
  .F.,(2,2),(6.9999994,19.125),.PIECEWISE_BEZIER_KNOTS.);
#4059 = CARTESIAN_POINT('',(-1.311874784789,6.9999994));
#4060 = CARTESIAN_POINT('',(-1.311874784789,19.125));
#4061 = ( GEOMETRIC_REPRESENTATION_CONTEXT(2) 
PARAMETRIC_REPRESENTATION_CONTEXT() REPRESENTATION_CONTEXT('2D SPACE',''
  ) );
#4062 = PCURVE('',#2019,#4063);
#4063 = DEFINITIONAL_REPRESENTATION('',(#4064),#4067);
#4064 = B_SPLINE_CURVE_WITH_KNOTS('',1,(#4065,#4066),.UNSPECIFIED.,.F.,
  .F.,(2,2),(6.9999994,19.125),.PIECEWISE_BEZIER_KNOTS.);
#4065 = CARTESIAN_POINT('',(1.8999994,33.526811457479));
#4066 = CARTESIAN_POINT('',(14.025,33.526811457479));
#4067 = ( GEOMETRIC_REPRESENTATION_CONTEXT(2) 
PARAMETRIC_REPRESENTATION_CONTEXT() REPRESENTATION_CONTEXT('2D SPACE',''
  ) );
#4068 = ORIENTED_EDGE('',*,*,#2031,.F.);
#4069 = ORIENTED_EDGE('',*,*,#3947,.T.);
#4070 = ORIENTED_EDGE('',*,*,#4071,.F.);
#4071 = EDGE_CURVE('',#3999,#3948,#4072,.T.);
#4072 = SURFACE_CURVE('',#4073,(#4078,#4085),.PCURVE_S1.);
#4073 = CIRCLE('',#4074,0.3);
#4074 = AXIS2_PLACEMENT_3D('',#4075,#4076,#4077);
#4075 = CARTESIAN_POINT('',(16.625,2.2,22.5));
#4076 = DIRECTION('',(-0.,-0.,-1.));
#4077 = DIRECTION('',(0.,-1.,0.));
#4078 = PCURVE('',#2048,#4079);
#4079 = DEFINITIONAL_REPRESENTATION('',(#4080),#4084);
#4080 = LINE('',#4081,#4082);
#4081 = CARTESIAN_POINT('',(4.712388980385,20.5));
#4082 = VECTOR('',#4083,1.);
#4083 = DIRECTION('',(-1.,0.));
#4084 = ( GEOMETRIC_REPRESENTATION_CONTEXT(2) 
PARAMETRIC_REPRESENTATION_CONTEXT() REPRESENTATION_CONTEXT('2D SPACE',''
  ) );
#4085 = PCURVE('',#3698,#4086);
#4086 = DEFINITIONAL_REPRESENTATION('',(#4087),#4095);
#4087 = ( BOUNDED_CURVE() B_SPLINE_CURVE(2,(#4088,#4089,#4090,#4091,
#4092,#4093,#4094),.UNSPECIFIED.,.T.,.F.) B_SPLINE_CURVE_WITH_KNOTS((1,2
    ,2,2,2,1),(-2.094395102393,0.,2.094395102393,4.188790204786,
6.28318530718,8.377580409573),.UNSPECIFIED.) CURVE() 
GEOMETRIC_REPRESENTATION_ITEM() RATIONAL_B_SPLINE_CURVE((1.,0.5,1.,0.5,
1.,0.5,1.)) REPRESENTATION_ITEM('') );
#4088 = CARTESIAN_POINT('',(33.55,5.551115123126E-17));
#4089 = CARTESIAN_POINT('',(33.030384757729,5.551115123126E-17));
#4090 = CARTESIAN_POINT('',(33.290192378865,0.45));
#4091 = CARTESIAN_POINT('',(33.55,0.9));
#4092 = CARTESIAN_POINT('',(33.809807621135,0.45));
#4093 = CARTESIAN_POINT('',(34.069615242271,4.996003610813E-16));
#4094 = CARTESIAN_POINT('',(33.55,5.551115123126E-17));
#4095 = ( GEOMETRIC_REPRESENTATION_CONTEXT(2) 
PARAMETRIC_REPRESENTATION_CONTEXT() REPRESENTATION_CONTEXT('2D SPACE',''
  ) );
#4096 = ADVANCED_FACE('',(#4097),#2019,.F.);
#4097 = FACE_BOUND('',#4098,.F.);
#4098 = EDGE_LOOP('',(#4099,#4122,#4141,#4142));
#4099 = ORIENTED_EDGE('',*,*,#4100,.F.);
#4100 = EDGE_CURVE('',#4101,#1976,#4103,.T.);
#4101 = VERTEX_POINT('',#4102);
#4102 = CARTESIAN_POINT('',(16.825,1.91,9.));
#4103 = SURFACE_CURVE('',#4104,(#4108,#4115),.PCURVE_S1.);
#4104 = LINE('',#4105,#4106);
#4105 = CARTESIAN_POINT('',(16.825,1.91,7.1));
#4106 = VECTOR('',#4107,1.);
#4107 = DIRECTION('',(0.,0.,1.));
#4108 = PCURVE('',#2019,#4109);
#4109 = DEFINITIONAL_REPRESENTATION('',(#4110),#4114);
#4110 = LINE('',#4111,#4112);
#4111 = CARTESIAN_POINT('',(0.,33.65));
#4112 = VECTOR('',#4113,1.);
#4113 = DIRECTION('',(1.,0.));
#4114 = ( GEOMETRIC_REPRESENTATION_CONTEXT(2) 
PARAMETRIC_REPRESENTATION_CONTEXT() REPRESENTATION_CONTEXT('2D SPACE',''
  ) );
#4115 = PCURVE('',#1991,#4116);
#4116 = DEFINITIONAL_REPRESENTATION('',(#4117),#4121);
#4117 = LINE('',#4118,#4119);
#4118 = CARTESIAN_POINT('',(0.,-2.61));
#4119 = VECTOR('',#4120,1.);
#4120 = DIRECTION('',(1.,0.));
#4121 = ( GEOMETRIC_REPRESENTATION_CONTEXT(2) 
PARAMETRIC_REPRESENTATION_CONTEXT() REPRESENTATION_CONTEXT('2D SPACE',''
  ) );
#4122 = ORIENTED_EDGE('',*,*,#4123,.T.);
#4123 = EDGE_CURVE('',#4101,#4027,#4124,.T.);
#4124 = SURFACE_CURVE('',#4125,(#4129,#4135),.PCURVE_S1.);
#4125 = LINE('',#4126,#4127);
#4126 = CARTESIAN_POINT('',(-17.475,1.91,9.));
#4127 = VECTOR('',#4128,1.);
#4128 = DIRECTION('',(-1.,0.,0.));
#4129 = PCURVE('',#2019,#4130);
#4130 = DEFINITIONAL_REPRESENTATION('',(#4131),#4134);
#4131 = B_SPLINE_CURVE_WITH_KNOTS('',1,(#4132,#4133),.UNSPECIFIED.,.F.,
  .F.,(2,2),(-34.3,-0.65),.PIECEWISE_BEZIER_KNOTS.);
#4132 = CARTESIAN_POINT('',(1.9,33.65));
#4133 = CARTESIAN_POINT('',(1.9,0.));
#4134 = ( GEOMETRIC_REPRESENTATION_CONTEXT(2) 
PARAMETRIC_REPRESENTATION_CONTEXT() REPRESENTATION_CONTEXT('2D SPACE',''
  ) );
#4135 = PCURVE('',#2849,#4136);
#4136 = DEFINITIONAL_REPRESENTATION('',(#4137),#4140);
#4137 = B_SPLINE_CURVE_WITH_KNOTS('',1,(#4138,#4139),.UNSPECIFIED.,.F.,
  .F.,(2,2),(-34.3,-0.65),.PIECEWISE_BEZIER_KNOTS.);
#4138 = CARTESIAN_POINT('',(34.95,1.21));
#4139 = CARTESIAN_POINT('',(1.3,1.21));
#4140 = ( GEOMETRIC_REPRESENTATION_CONTEXT(2) 
PARAMETRIC_REPRESENTATION_CONTEXT() REPRESENTATION_CONTEXT('2D SPACE',''
  ) );
#4141 = ORIENTED_EDGE('',*,*,#4050,.T.);
#4142 = ORIENTED_EDGE('',*,*,#2003,.T.);
#4143 = ADVANCED_FACE('',(#4144),#1991,.F.);
#4144 = FACE_BOUND('',#4145,.F.);
#4145 = EDGE_LOOP('',(#4146,#4147,#4148,#4149,#4170,#4189));
#4146 = ORIENTED_EDGE('',*,*,#1975,.F.);
#4147 = ORIENTED_EDGE('',*,*,#3827,.F.);
#4148 = ORIENTED_EDGE('',*,*,#3018,.T.);
#4149 = ORIENTED_EDGE('',*,*,#4150,.T.);
#4150 = EDGE_CURVE('',#2990,#4151,#4153,.T.);
#4151 = VERTEX_POINT('',#4152);
#4152 = CARTESIAN_POINT('',(16.825,0.713393125268,9.));
#4153 = SURFACE_CURVE('',#4154,(#4158,#4164),.PCURVE_S1.);
#4154 = LINE('',#4155,#4156);
#4155 = CARTESIAN_POINT('',(16.825,0.713393125268,6.1));
#4156 = VECTOR('',#4157,1.);
#4157 = DIRECTION('',(0.,0.,1.));
#4158 = PCURVE('',#1991,#4159);
#4159 = DEFINITIONAL_REPRESENTATION('',(#4160),#4163);
#4160 = B_SPLINE_CURVE_WITH_KNOTS('',1,(#4161,#4162),.UNSPECIFIED.,.F.,
  .F.,(2,2),(0.9999994,2.9000006),.PIECEWISE_BEZIER_KNOTS.);
#4161 = CARTESIAN_POINT('',(-5.999999999062E-07,-1.413393125268));
#4162 = CARTESIAN_POINT('',(1.9000006,-1.413393125268));
#4163 = ( GEOMETRIC_REPRESENTATION_CONTEXT(2) 
PARAMETRIC_REPRESENTATION_CONTEXT() REPRESENTATION_CONTEXT('2D SPACE',''
  ) );
#4164 = PCURVE('',#3006,#4165);
#4165 = DEFINITIONAL_REPRESENTATION('',(#4166),#4169);
#4166 = B_SPLINE_CURVE_WITH_KNOTS('',1,(#4167,#4168),.UNSPECIFIED.,.F.,
  .F.,(2,2),(0.9999994,2.9000006),.PIECEWISE_BEZIER_KNOTS.);
#4167 = CARTESIAN_POINT('',(-1.437064737385,0.9999994));
#4168 = CARTESIAN_POINT('',(-1.437064737385,2.9000006));
#4169 = ( GEOMETRIC_REPRESENTATION_CONTEXT(2) 
PARAMETRIC_REPRESENTATION_CONTEXT() REPRESENTATION_CONTEXT('2D SPACE',''
  ) );
#4170 = ORIENTED_EDGE('',*,*,#4171,.T.);
#4171 = EDGE_CURVE('',#4151,#4101,#4172,.T.);
#4172 = SURFACE_CURVE('',#4173,(#4177,#4183),.PCURVE_S1.);
#4173 = LINE('',#4174,#4175);
#4174 = CARTESIAN_POINT('',(16.825,1.110223024625E-16,9.));
#4175 = VECTOR('',#4176,1.);
#4176 = DIRECTION('',(0.,1.,0.));
#4177 = PCURVE('',#1991,#4178);
#4178 = DEFINITIONAL_REPRESENTATION('',(#4179),#4182);
#4179 = B_SPLINE_CURVE_WITH_KNOTS('',1,(#4180,#4181),.UNSPECIFIED.,.F.,
  .F.,(2,2),(0.7,1.91),.PIECEWISE_BEZIER_KNOTS.);
#4180 = CARTESIAN_POINT('',(1.9,-1.4));
#4181 = CARTESIAN_POINT('',(1.9,-2.61));
#4182 = ( GEOMETRIC_REPRESENTATION_CONTEXT(2) 
PARAMETRIC_REPRESENTATION_CONTEXT() REPRESENTATION_CONTEXT('2D SPACE',''
  ) );
#4183 = PCURVE('',#2849,#4184);
#4184 = DEFINITIONAL_REPRESENTATION('',(#4185),#4188);
#4185 = B_SPLINE_CURVE_WITH_KNOTS('',1,(#4186,#4187),.UNSPECIFIED.,.F.,
  .F.,(2,2),(0.7,1.91),.PIECEWISE_BEZIER_KNOTS.);
#4186 = CARTESIAN_POINT('',(34.95,-4.440892098501E-16));
#4187 = CARTESIAN_POINT('',(34.95,1.21));
#4188 = ( GEOMETRIC_REPRESENTATION_CONTEXT(2) 
PARAMETRIC_REPRESENTATION_CONTEXT() REPRESENTATION_CONTEXT('2D SPACE',''
  ) );
#4189 = ORIENTED_EDGE('',*,*,#4100,.T.);
#4190 = ADVANCED_FACE('',(#4191),#2157,.T.);
#4191 = FACE_BOUND('',#4192,.F.);
#4192 = EDGE_LOOP('',(#4193,#4216,#4237,#4256));
#4193 = ORIENTED_EDGE('',*,*,#4194,.F.);
#4194 = EDGE_CURVE('',#4195,#2140,#4197,.T.);
#4195 = VERTEX_POINT('',#4196);
#4196 = CARTESIAN_POINT('',(19.325,13.5,23.5));
#4197 = SURFACE_CURVE('',#4198,(#4202,#4209),.PCURVE_S1.);
#4198 = LINE('',#4199,#4200);
#4199 = CARTESIAN_POINT('',(18.991666666667,13.833333333333,
    23.833333333333));
#4200 = VECTOR('',#4201,1.);
#4201 = DIRECTION('',(-0.57735026919,0.57735026919,0.57735026919));
#4202 = PCURVE('',#2157,#4203);
#4203 = DEFINITIONAL_REPRESENTATION('',(#4204),#4208);
#4204 = LINE('',#4205,#4206);
#4205 = CARTESIAN_POINT('',(0.333333333333,-0.235702260396));
#4206 = VECTOR('',#4207,1.);
#4207 = DIRECTION('',(0.57735026919,0.816496580928));
#4208 = ( GEOMETRIC_REPRESENTATION_CONTEXT(2) 
PARAMETRIC_REPRESENTATION_CONTEXT() REPRESENTATION_CONTEXT('2D SPACE',''
  ) );
#4209 = PCURVE('',#2185,#4210);
#4210 = DEFINITIONAL_REPRESENTATION('',(#4211),#4215);
#4211 = LINE('',#4212,#4213);
#4212 = CARTESIAN_POINT('',(-0.333333333333,0.235702260396));
#4213 = VECTOR('',#4214,1.);
#4214 = DIRECTION('',(-0.57735026919,-0.816496580928));
#4215 = ( GEOMETRIC_REPRESENTATION_CONTEXT(2) 
PARAMETRIC_REPRESENTATION_CONTEXT() REPRESENTATION_CONTEXT('2D SPACE',''
  ) );
#4216 = ORIENTED_EDGE('',*,*,#4217,.T.);
#4217 = EDGE_CURVE('',#4195,#3804,#4218,.T.);
#4218 = SURFACE_CURVE('',#4219,(#4223,#4230),.PCURVE_S1.);
#4219 = LINE('',#4220,#4221);
#4220 = CARTESIAN_POINT('',(19.325,13.5,23.5));
#4221 = VECTOR('',#4222,1.);
#4222 = DIRECTION('',(-0.,-1.,-0.));
#4223 = PCURVE('',#2157,#4224);
#4224 = DEFINITIONAL_REPRESENTATION('',(#4225),#4229);
#4225 = LINE('',#4226,#4227);
#4226 = CARTESIAN_POINT('',(-0.,-0.707106781187));
#4227 = VECTOR('',#4228,1.);
#4228 = DIRECTION('',(-1.,0.));
#4229 = ( GEOMETRIC_REPRESENTATION_CONTEXT(2) 
PARAMETRIC_REPRESENTATION_CONTEXT() REPRESENTATION_CONTEXT('2D SPACE',''
  ) );
#4230 = PCURVE('',#3080,#4231);
#4231 = DEFINITIONAL_REPRESENTATION('',(#4232),#4236);
#4232 = LINE('',#4233,#4234);
#4233 = CARTESIAN_POINT('',(23.5,-13.2));
#4234 = VECTOR('',#4235,1.);
#4235 = DIRECTION('',(-0.,1.));
#4236 = ( GEOMETRIC_REPRESENTATION_CONTEXT(2) 
PARAMETRIC_REPRESENTATION_CONTEXT() REPRESENTATION_CONTEXT('2D SPACE',''
  ) );
#4237 = ORIENTED_EDGE('',*,*,#4238,.T.);
#4238 = EDGE_CURVE('',#3804,#2142,#4239,.T.);
#4239 = SURFACE_CURVE('',#4240,(#4244,#4250),.PCURVE_S1.);
#4240 = LINE('',#4241,#4242);
#4241 = CARTESIAN_POINT('',(18.825,3.3,24.));
#4242 = VECTOR('',#4243,1.);
#4243 = DIRECTION('',(-0.707106781187,4.054583578972E-35,0.707106781187)
  );
#4244 = PCURVE('',#2157,#4245);
#4245 = DEFINITIONAL_REPRESENTATION('',(#4246),#4249);
#4246 = B_SPLINE_CURVE_WITH_KNOTS('',1,(#4247,#4248),.UNSPECIFIED.,.F.,
  .F.,(2,2),(-0.707106781187,0.707106781187),.PIECEWISE_BEZIER_KNOTS.);
#4247 = CARTESIAN_POINT('',(-10.2,-0.707106781187));
#4248 = CARTESIAN_POINT('',(-10.2,0.707106781187));
#4249 = ( GEOMETRIC_REPRESENTATION_CONTEXT(2) 
PARAMETRIC_REPRESENTATION_CONTEXT() REPRESENTATION_CONTEXT('2D SPACE',''
  ) );
#4250 = PCURVE('',#2605,#4251);
#4251 = DEFINITIONAL_REPRESENTATION('',(#4252),#4255);
#4252 = B_SPLINE_CURVE_WITH_KNOTS('',1,(#4253,#4254),.UNSPECIFIED.,.F.,
  .F.,(2,2),(-0.707106781187,0.707106781187),.PIECEWISE_BEZIER_KNOTS.);
#4253 = CARTESIAN_POINT('',(0.,0.));
#4254 = CARTESIAN_POINT('',(0.,-1.));
#4255 = ( GEOMETRIC_REPRESENTATION_CONTEXT(2) 
PARAMETRIC_REPRESENTATION_CONTEXT() REPRESENTATION_CONTEXT('2D SPACE',''
  ) );
#4256 = ORIENTED_EDGE('',*,*,#2139,.F.);
#4257 = ADVANCED_FACE('',(#4258),#2185,.F.);
#4258 = FACE_BOUND('',#4259,.F.);
#4259 = EDGE_LOOP('',(#4260,#4261,#4262,#4283));
#4260 = ORIENTED_EDGE('',*,*,#4194,.T.);
#4261 = ORIENTED_EDGE('',*,*,#2169,.T.);
#4262 = ORIENTED_EDGE('',*,*,#4263,.T.);
#4263 = EDGE_CURVE('',#2170,#4264,#4266,.T.);
#4264 = VERTEX_POINT('',#4265);
#4265 = CARTESIAN_POINT('',(21.525,13.5,23.5));
#4266 = SURFACE_CURVE('',#4267,(#4271,#4277),.PCURVE_S1.);
#4267 = LINE('',#4268,#4269);
#4268 = CARTESIAN_POINT('',(21.525,14.,24.));
#4269 = VECTOR('',#4270,1.);
#4270 = DIRECTION('',(4.054583578972E-35,-0.707106781187,-0.707106781187
    ));
#4271 = PCURVE('',#2185,#4272);
#4272 = DEFINITIONAL_REPRESENTATION('',(#4273),#4276);
#4273 = B_SPLINE_CURVE_WITH_KNOTS('',1,(#4274,#4275),.UNSPECIFIED.,.F.,
  .F.,(2,2),(-0.707106781187,0.707106781187),.PIECEWISE_BEZIER_KNOTS.);
#4274 = CARTESIAN_POINT('',(2.2,-0.707106781187));
#4275 = CARTESIAN_POINT('',(2.2,0.707106781187));
#4276 = ( GEOMETRIC_REPRESENTATION_CONTEXT(2) 
PARAMETRIC_REPRESENTATION_CONTEXT() REPRESENTATION_CONTEXT('2D SPACE',''
  ) );
#4277 = PCURVE('',#2214,#4278);
#4278 = DEFINITIONAL_REPRESENTATION('',(#4279),#4282);
#4279 = B_SPLINE_CURVE_WITH_KNOTS('',1,(#4280,#4281),.UNSPECIFIED.,.F.,
  .F.,(2,2),(-0.707106781187,0.707106781187),.PIECEWISE_BEZIER_KNOTS.);
#4280 = CARTESIAN_POINT('',(0.,-1.));
#4281 = CARTESIAN_POINT('',(0.,-2.041120196289E-15));
#4282 = ( GEOMETRIC_REPRESENTATION_CONTEXT(2) 
PARAMETRIC_REPRESENTATION_CONTEXT() REPRESENTATION_CONTEXT('2D SPACE',''
  ) );
#4283 = ORIENTED_EDGE('',*,*,#4284,.F.);
#4284 = EDGE_CURVE('',#4195,#4264,#4285,.T.);
#4285 = SURFACE_CURVE('',#4286,(#4290,#4297),.PCURVE_S1.);
#4286 = LINE('',#4287,#4288);
#4287 = CARTESIAN_POINT('',(19.325,13.5,23.5));
#4288 = VECTOR('',#4289,1.);
#4289 = DIRECTION('',(1.,0.,0.));
#4290 = PCURVE('',#2185,#4291);
#4291 = DEFINITIONAL_REPRESENTATION('',(#4292),#4296);
#4292 = LINE('',#4293,#4294);
#4293 = CARTESIAN_POINT('',(0.,0.707106781187));
#4294 = VECTOR('',#4295,1.);
#4295 = DIRECTION('',(1.,0.));
#4296 = ( GEOMETRIC_REPRESENTATION_CONTEXT(2) 
PARAMETRIC_REPRESENTATION_CONTEXT() REPRESENTATION_CONTEXT('2D SPACE',''
  ) );
#4297 = PCURVE('',#3106,#4298);
#4298 = DEFINITIONAL_REPRESENTATION('',(#4299),#4303);
#4299 = LINE('',#4300,#4301);
#4300 = CARTESIAN_POINT('',(23.5,3.));
#4301 = VECTOR('',#4302,1.);
#4302 = DIRECTION('',(0.,1.));
#4303 = ( GEOMETRIC_REPRESENTATION_CONTEXT(2) 
PARAMETRIC_REPRESENTATION_CONTEXT() REPRESENTATION_CONTEXT('2D SPACE',''
  ) );
#4304 = ADVANCED_FACE('',(#4305),#2605,.T.);
#4305 = FACE_BOUND('',#4306,.F.);
#4306 = EDGE_LOOP('',(#4307,#4308,#4309,#4310));
#4307 = ORIENTED_EDGE('',*,*,#4238,.F.);
#4308 = ORIENTED_EDGE('',*,*,#3848,.T.);
#4309 = ORIENTED_EDGE('',*,*,#3778,.T.);
#4310 = ORIENTED_EDGE('',*,*,#2586,.F.);
#4311 = ADVANCED_FACE('',(#4312),#2214,.T.);
#4312 = FACE_BOUND('',#4313,.F.);
#4313 = EDGE_LOOP('',(#4314,#4315,#4316,#4337));
#4314 = ORIENTED_EDGE('',*,*,#4263,.F.);
#4315 = ORIENTED_EDGE('',*,*,#2197,.T.);
#4316 = ORIENTED_EDGE('',*,*,#4317,.T.);
#4317 = EDGE_CURVE('',#2198,#4318,#4320,.T.);
#4318 = VERTEX_POINT('',#4319);
#4319 = CARTESIAN_POINT('',(23.525,15.5,23.5));
#4320 = SURFACE_CURVE('',#4321,(#4325,#4331),.PCURVE_S1.);
#4321 = LINE('',#4322,#4323);
#4322 = CARTESIAN_POINT('',(23.525,15.5,23.5));
#4323 = VECTOR('',#4324,1.);
#4324 = DIRECTION('',(0.707106781187,-4.329780281177E-17,-0.707106781187
    ));
#4325 = PCURVE('',#2214,#4326);
#4326 = DEFINITIONAL_REPRESENTATION('',(#4327),#4330);
#4327 = B_SPLINE_CURVE_WITH_KNOTS('',1,(#4328,#4329),.UNSPECIFIED.,.F.,
  .F.,(2,2),(-1.414213562373,0.),.PIECEWISE_BEZIER_KNOTS.);
#4328 = CARTESIAN_POINT('',(-1.570796326795,-1.));
#4329 = CARTESIAN_POINT('',(-1.570796326795,0.));
#4330 = ( GEOMETRIC_REPRESENTATION_CONTEXT(2) 
PARAMETRIC_REPRESENTATION_CONTEXT() REPRESENTATION_CONTEXT('2D SPACE',''
  ) );
#4331 = PCURVE('',#2242,#4332);
#4332 = DEFINITIONAL_REPRESENTATION('',(#4333),#4336);
#4333 = B_SPLINE_CURVE_WITH_KNOTS('',1,(#4334,#4335),.UNSPECIFIED.,.F.,
  .F.,(2,2),(-1.414213562373,0.),.PIECEWISE_BEZIER_KNOTS.);
#4334 = CARTESIAN_POINT('',(1.7763568394E-15,-0.707106781187));
#4335 = CARTESIAN_POINT('',(1.7763568394E-15,0.707106781187));
#4336 = ( GEOMETRIC_REPRESENTATION_CONTEXT(2) 
PARAMETRIC_REPRESENTATION_CONTEXT() REPRESENTATION_CONTEXT('2D SPACE',''
  ) );
#4337 = ORIENTED_EDGE('',*,*,#4338,.F.);
#4338 = EDGE_CURVE('',#4264,#4318,#4339,.T.);
#4339 = SURFACE_CURVE('',#4340,(#4345,#4352),.PCURVE_S1.);
#4340 = CIRCLE('',#4341,2.);
#4341 = AXIS2_PLACEMENT_3D('',#4342,#4343,#4344);
#4342 = CARTESIAN_POINT('',(21.525,15.5,23.5));
#4343 = DIRECTION('',(0.,0.,1.));
#4344 = DIRECTION('',(0.,-1.,0.));
#4345 = PCURVE('',#2214,#4346);
#4346 = DEFINITIONAL_REPRESENTATION('',(#4347),#4351);
#4347 = LINE('',#4348,#4349);
#4348 = CARTESIAN_POINT('',(-0.,0.));
#4349 = VECTOR('',#4350,1.);
#4350 = DIRECTION('',(-1.,0.));
#4351 = ( GEOMETRIC_REPRESENTATION_CONTEXT(2) 
PARAMETRIC_REPRESENTATION_CONTEXT() REPRESENTATION_CONTEXT('2D SPACE',''
  ) );
#4352 = PCURVE('',#3134,#4353);
#4353 = DEFINITIONAL_REPRESENTATION('',(#4354),#4358);
#4354 = LINE('',#4355,#4356);
#4355 = CARTESIAN_POINT('',(-1.570796326795,23.5));
#4356 = VECTOR('',#4357,1.);
#4357 = DIRECTION('',(1.,-0.));
#4358 = ( GEOMETRIC_REPRESENTATION_CONTEXT(2) 
PARAMETRIC_REPRESENTATION_CONTEXT() REPRESENTATION_CONTEXT('2D SPACE',''
  ) );
#4359 = ADVANCED_FACE('',(#4360),#2242,.T.);
#4360 = FACE_BOUND('',#4361,.F.);
#4361 = EDGE_LOOP('',(#4362,#4363,#4364,#4385));
#4362 = ORIENTED_EDGE('',*,*,#4317,.F.);
#4363 = ORIENTED_EDGE('',*,*,#2226,.T.);
#4364 = ORIENTED_EDGE('',*,*,#4365,.T.);
#4365 = EDGE_CURVE('',#2227,#4366,#4368,.T.);
#4366 = VERTEX_POINT('',#4367);
#4367 = CARTESIAN_POINT('',(23.525,27.7,23.5));
#4368 = SURFACE_CURVE('',#4369,(#4373,#4379),.PCURVE_S1.);
#4369 = LINE('',#4370,#4371);
#4370 = CARTESIAN_POINT('',(23.025,27.7,24.));
#4371 = VECTOR('',#4372,1.);
#4372 = DIRECTION('',(0.707106781187,-4.054583578972E-35,-0.707106781187
    ));
#4373 = PCURVE('',#2242,#4374);
#4374 = DEFINITIONAL_REPRESENTATION('',(#4375),#4378);
#4375 = B_SPLINE_CURVE_WITH_KNOTS('',1,(#4376,#4377),.UNSPECIFIED.,.F.,
  .F.,(2,2),(-0.707106781187,0.707106781187),.PIECEWISE_BEZIER_KNOTS.);
#4376 = CARTESIAN_POINT('',(-12.2,-0.707106781187));
#4377 = CARTESIAN_POINT('',(-12.2,0.707106781187));
#4378 = ( GEOMETRIC_REPRESENTATION_CONTEXT(2) 
PARAMETRIC_REPRESENTATION_CONTEXT() REPRESENTATION_CONTEXT('2D SPACE',''
  ) );
#4379 = PCURVE('',#2271,#4380);
#4380 = DEFINITIONAL_REPRESENTATION('',(#4381),#4384);
#4381 = B_SPLINE_CURVE_WITH_KNOTS('',1,(#4382,#4383),.UNSPECIFIED.,.F.,
  .F.,(2,2),(-0.707106781187,0.707106781187),.PIECEWISE_BEZIER_KNOTS.);
#4382 = CARTESIAN_POINT('',(0.,-1.));
#4383 = CARTESIAN_POINT('',(0.,1.570092458684E-16));
#4384 = ( GEOMETRIC_REPRESENTATION_CONTEXT(2) 
PARAMETRIC_REPRESENTATION_CONTEXT() REPRESENTATION_CONTEXT('2D SPACE',''
  ) );
#4385 = ORIENTED_EDGE('',*,*,#4386,.F.);
#4386 = EDGE_CURVE('',#4318,#4366,#4387,.T.);
#4387 = SURFACE_CURVE('',#4388,(#4392,#4399),.PCURVE_S1.);
#4388 = LINE('',#4389,#4390);
#4389 = CARTESIAN_POINT('',(23.525,15.5,23.5));
#4390 = VECTOR('',#4391,1.);
#4391 = DIRECTION('',(0.,1.,0.));
#4392 = PCURVE('',#2242,#4393);
#4393 = DEFINITIONAL_REPRESENTATION('',(#4394),#4398);
#4394 = LINE('',#4395,#4396);
#4395 = CARTESIAN_POINT('',(-0.,0.707106781187));
#4396 = VECTOR('',#4397,1.);
#4397 = DIRECTION('',(-1.,0.));
#4398 = ( GEOMETRIC_REPRESENTATION_CONTEXT(2) 
PARAMETRIC_REPRESENTATION_CONTEXT() REPRESENTATION_CONTEXT('2D SPACE',''
  ) );
#4399 = PCURVE('',#3161,#4400);
#4400 = DEFINITIONAL_REPRESENTATION('',(#4401),#4405);
#4401 = LINE('',#4402,#4403);
#4402 = CARTESIAN_POINT('',(23.5,-2.));
#4403 = VECTOR('',#4404,1.);
#4404 = DIRECTION('',(0.,-1.));
#4405 = ( GEOMETRIC_REPRESENTATION_CONTEXT(2) 
PARAMETRIC_REPRESENTATION_CONTEXT() REPRESENTATION_CONTEXT('2D SPACE',''
  ) );
#4406 = ADVANCED_FACE('',(#4407),#2271,.T.);
#4407 = FACE_BOUND('',#4408,.F.);
#4408 = EDGE_LOOP('',(#4409,#4410,#4411,#4432));
#4409 = ORIENTED_EDGE('',*,*,#4365,.F.);
#4410 = ORIENTED_EDGE('',*,*,#2254,.T.);
#4411 = ORIENTED_EDGE('',*,*,#4412,.T.);
#4412 = EDGE_CURVE('',#2255,#4413,#4415,.T.);
#4413 = VERTEX_POINT('',#4414);
#4414 = CARTESIAN_POINT('',(21.525,29.7,23.5));
#4415 = SURFACE_CURVE('',#4416,(#4420,#4426),.PCURVE_S1.);
#4416 = LINE('',#4417,#4418);
#4417 = CARTESIAN_POINT('',(21.525,29.7,23.5));
#4418 = VECTOR('',#4419,1.);
#4419 = DIRECTION('',(4.329780281177E-17,0.707106781187,-0.707106781187)
  );
#4420 = PCURVE('',#2271,#4421);
#4421 = DEFINITIONAL_REPRESENTATION('',(#4422),#4425);
#4422 = B_SPLINE_CURVE_WITH_KNOTS('',1,(#4423,#4424),.UNSPECIFIED.,.F.,
  .F.,(2,2),(-1.414213562373,0.),.PIECEWISE_BEZIER_KNOTS.);
#4423 = CARTESIAN_POINT('',(-1.570796326795,-1.));
#4424 = CARTESIAN_POINT('',(-1.570796326795,0.));
#4425 = ( GEOMETRIC_REPRESENTATION_CONTEXT(2) 
PARAMETRIC_REPRESENTATION_CONTEXT() REPRESENTATION_CONTEXT('2D SPACE',''
  ) );
#4426 = PCURVE('',#2299,#4427);
#4427 = DEFINITIONAL_REPRESENTATION('',(#4428),#4431);
#4428 = B_SPLINE_CURVE_WITH_KNOTS('',1,(#4429,#4430),.UNSPECIFIED.,.F.,
  .F.,(2,2),(-1.414213562373,0.),.PIECEWISE_BEZIER_KNOTS.);
#4429 = CARTESIAN_POINT('',(0.,-0.707106781187));
#4430 = CARTESIAN_POINT('',(0.,0.707106781187));
#4431 = ( GEOMETRIC_REPRESENTATION_CONTEXT(2) 
PARAMETRIC_REPRESENTATION_CONTEXT() REPRESENTATION_CONTEXT('2D SPACE',''
  ) );
#4432 = ORIENTED_EDGE('',*,*,#4433,.F.);
#4433 = EDGE_CURVE('',#4366,#4413,#4434,.T.);
#4434 = SURFACE_CURVE('',#4435,(#4440,#4447),.PCURVE_S1.);
#4435 = CIRCLE('',#4436,2.);
#4436 = AXIS2_PLACEMENT_3D('',#4437,#4438,#4439);
#4437 = CARTESIAN_POINT('',(21.525,27.7,23.5));
#4438 = DIRECTION('',(0.,0.,1.));
#4439 = DIRECTION('',(1.,0.,-0.));
#4440 = PCURVE('',#2271,#4441);
#4441 = DEFINITIONAL_REPRESENTATION('',(#4442),#4446);
#4442 = LINE('',#4443,#4444);
#4443 = CARTESIAN_POINT('',(-0.,0.));
#4444 = VECTOR('',#4445,1.);
#4445 = DIRECTION('',(-1.,0.));
#4446 = ( GEOMETRIC_REPRESENTATION_CONTEXT(2) 
PARAMETRIC_REPRESENTATION_CONTEXT() REPRESENTATION_CONTEXT('2D SPACE',''
  ) );
#4447 = PCURVE('',#3189,#4448);
#4448 = DEFINITIONAL_REPRESENTATION('',(#4449),#4453);
#4449 = LINE('',#4450,#4451);
#4450 = CARTESIAN_POINT('',(0.,23.5));
#4451 = VECTOR('',#4452,1.);
#4452 = DIRECTION('',(1.,0.));
#4453 = ( GEOMETRIC_REPRESENTATION_CONTEXT(2) 
PARAMETRIC_REPRESENTATION_CONTEXT() REPRESENTATION_CONTEXT('2D SPACE',''
  ) );
#4454 = ADVANCED_FACE('',(#4455),#2299,.T.);
#4455 = FACE_BOUND('',#4456,.F.);
#4456 = EDGE_LOOP('',(#4457,#4458,#4459,#4482));
#4457 = ORIENTED_EDGE('',*,*,#4412,.F.);
#4458 = ORIENTED_EDGE('',*,*,#2283,.T.);
#4459 = ORIENTED_EDGE('',*,*,#4460,.T.);
#4460 = EDGE_CURVE('',#2284,#4461,#4463,.T.);
#4461 = VERTEX_POINT('',#4462);
#4462 = CARTESIAN_POINT('',(19.325,29.7,23.5));
#4463 = SURFACE_CURVE('',#4464,(#4468,#4475),.PCURVE_S1.);
#4464 = LINE('',#4465,#4466);
#4465 = CARTESIAN_POINT('',(19.358333333333,29.733333333333,
    23.466666666667));
#4466 = VECTOR('',#4467,1.);
#4467 = DIRECTION('',(0.57735026919,0.57735026919,-0.57735026919));
#4468 = PCURVE('',#2299,#4469);
#4469 = DEFINITIONAL_REPRESENTATION('',(#4470),#4474);
#4470 = LINE('',#4471,#4472);
#4471 = CARTESIAN_POINT('',(-2.166666666667,0.754247233266));
#4472 = VECTOR('',#4473,1.);
#4473 = DIRECTION('',(0.57735026919,0.816496580928));
#4474 = ( GEOMETRIC_REPRESENTATION_CONTEXT(2) 
PARAMETRIC_REPRESENTATION_CONTEXT() REPRESENTATION_CONTEXT('2D SPACE',''
  ) );
#4475 = PCURVE('',#2327,#4476);
#4476 = DEFINITIONAL_REPRESENTATION('',(#4477),#4481);
#4477 = LINE('',#4478,#4479);
#4478 = CARTESIAN_POINT('',(-3.333333333333E-02,0.754247233266));
#4479 = VECTOR('',#4480,1.);
#4480 = DIRECTION('',(-0.57735026919,0.816496580928));
#4481 = ( GEOMETRIC_REPRESENTATION_CONTEXT(2) 
PARAMETRIC_REPRESENTATION_CONTEXT() REPRESENTATION_CONTEXT('2D SPACE',''
  ) );
#4482 = ORIENTED_EDGE('',*,*,#4483,.F.);
#4483 = EDGE_CURVE('',#4413,#4461,#4484,.T.);
#4484 = SURFACE_CURVE('',#4485,(#4489,#4496),.PCURVE_S1.);
#4485 = LINE('',#4486,#4487);
#4486 = CARTESIAN_POINT('',(21.525,29.7,23.5));
#4487 = VECTOR('',#4488,1.);
#4488 = DIRECTION('',(-1.,-0.,-0.));
#4489 = PCURVE('',#2299,#4490);
#4490 = DEFINITIONAL_REPRESENTATION('',(#4491),#4495);
#4491 = LINE('',#4492,#4493);
#4492 = CARTESIAN_POINT('',(-0.,0.707106781187));
#4493 = VECTOR('',#4494,1.);
#4494 = DIRECTION('',(-1.,0.));
#4495 = ( GEOMETRIC_REPRESENTATION_CONTEXT(2) 
PARAMETRIC_REPRESENTATION_CONTEXT() REPRESENTATION_CONTEXT('2D SPACE',''
  ) );
#4496 = PCURVE('',#3216,#4497);
#4497 = DEFINITIONAL_REPRESENTATION('',(#4498),#4502);
#4498 = LINE('',#4499,#4500);
#4499 = CARTESIAN_POINT('',(23.5,5.2));
#4500 = VECTOR('',#4501,1.);
#4501 = DIRECTION('',(-0.,-1.));
#4502 = ( GEOMETRIC_REPRESENTATION_CONTEXT(2) 
PARAMETRIC_REPRESENTATION_CONTEXT() REPRESENTATION_CONTEXT('2D SPACE',''
  ) );
#4503 = ADVANCED_FACE('',(#4504),#2327,.T.);
#4504 = FACE_BOUND('',#4505,.F.);
#4505 = EDGE_LOOP('',(#4506,#4507,#4508,#4527));
#4506 = ORIENTED_EDGE('',*,*,#4460,.F.);
#4507 = ORIENTED_EDGE('',*,*,#2311,.T.);
#4508 = ORIENTED_EDGE('',*,*,#4509,.T.);
#4509 = EDGE_CURVE('',#2312,#3349,#4510,.T.);
#4510 = SURFACE_CURVE('',#4511,(#4515,#4521),.PCURVE_S1.);
#4511 = LINE('',#4512,#4513);
#4512 = CARTESIAN_POINT('',(18.825,41.79,24.));
#4513 = VECTOR('',#4514,1.);
#4514 = DIRECTION('',(0.707106781187,-4.054583578972E-35,-0.707106781187
    ));
#4515 = PCURVE('',#2327,#4516);
#4516 = DEFINITIONAL_REPRESENTATION('',(#4517),#4520);
#4517 = B_SPLINE_CURVE_WITH_KNOTS('',1,(#4518,#4519),.UNSPECIFIED.,.F.,
  .F.,(2,2),(-0.707106781187,0.707106781187),.PIECEWISE_BEZIER_KNOTS.);
#4518 = CARTESIAN_POINT('',(-12.09,-0.707106781187));
#4519 = CARTESIAN_POINT('',(-12.09,0.707106781187));
#4520 = ( GEOMETRIC_REPRESENTATION_CONTEXT(2) 
PARAMETRIC_REPRESENTATION_CONTEXT() REPRESENTATION_CONTEXT('2D SPACE',''
  ) );
#4521 = PCURVE('',#2356,#4522);
#4522 = DEFINITIONAL_REPRESENTATION('',(#4523),#4526);
#4523 = B_SPLINE_CURVE_WITH_KNOTS('',1,(#4524,#4525),.UNSPECIFIED.,.F.,
  .F.,(2,2),(-0.707106781187,0.707106781187),.PIECEWISE_BEZIER_KNOTS.);
#4524 = CARTESIAN_POINT('',(0.,-1.));
#4525 = CARTESIAN_POINT('',(0.,4.710277376051E-16));
#4526 = ( GEOMETRIC_REPRESENTATION_CONTEXT(2) 
PARAMETRIC_REPRESENTATION_CONTEXT() REPRESENTATION_CONTEXT('2D SPACE',''
  ) );
#4527 = ORIENTED_EDGE('',*,*,#4528,.F.);
#4528 = EDGE_CURVE('',#4461,#3349,#4529,.T.);
#4529 = SURFACE_CURVE('',#4530,(#4534,#4541),.PCURVE_S1.);
#4530 = LINE('',#4531,#4532);
#4531 = CARTESIAN_POINT('',(19.325,29.7,23.5));
#4532 = VECTOR('',#4533,1.);
#4533 = DIRECTION('',(0.,1.,0.));
#4534 = PCURVE('',#2327,#4535);
#4535 = DEFINITIONAL_REPRESENTATION('',(#4536),#4540);
#4536 = LINE('',#4537,#4538);
#4537 = CARTESIAN_POINT('',(-0.,0.707106781187));
#4538 = VECTOR('',#4539,1.);
#4539 = DIRECTION('',(-1.,0.));
#4540 = ( GEOMETRIC_REPRESENTATION_CONTEXT(2) 
PARAMETRIC_REPRESENTATION_CONTEXT() REPRESENTATION_CONTEXT('2D SPACE',''
  ) );
#4541 = PCURVE('',#3242,#4542);
#4542 = DEFINITIONAL_REPRESENTATION('',(#4543),#4547);
#4543 = LINE('',#4544,#4545);
#4544 = CARTESIAN_POINT('',(23.5,-29.4));
#4545 = VECTOR('',#4546,1.);
#4546 = DIRECTION('',(0.,-1.));
#4547 = ( GEOMETRIC_REPRESENTATION_CONTEXT(2) 
PARAMETRIC_REPRESENTATION_CONTEXT() REPRESENTATION_CONTEXT('2D SPACE',''
  ) );
#4548 = ADVANCED_FACE('',(#4549),#2356,.T.);
#4549 = FACE_BOUND('',#4550,.F.);
#4550 = EDGE_LOOP('',(#4551,#4552,#4553,#4554));
#4551 = ORIENTED_EDGE('',*,*,#4509,.F.);
#4552 = ORIENTED_EDGE('',*,*,#2339,.T.);
#4553 = ORIENTED_EDGE('',*,*,#3398,.T.);
#4554 = ORIENTED_EDGE('',*,*,#3373,.F.);
#4555 = ADVANCED_FACE('',(#4556),#2875,.F.);
#4556 = FACE_BOUND('',#4557,.F.);
#4557 = EDGE_LOOP('',(#4558,#4581,#4582,#4583));
#4558 = ORIENTED_EDGE('',*,*,#4559,.F.);
#4559 = EDGE_CURVE('',#2914,#4560,#4562,.T.);
#4560 = VERTEX_POINT('',#4561);
#4561 = CARTESIAN_POINT('',(16.625,44.39,9.));
#4562 = SURFACE_CURVE('',#4563,(#4567,#4574),.PCURVE_S1.);
#4563 = LINE('',#4564,#4565);
#4564 = CARTESIAN_POINT('',(16.625,44.39,6.1));
#4565 = VECTOR('',#4566,1.);
#4566 = DIRECTION('',(0.,0.,1.));
#4567 = PCURVE('',#2875,#4568);
#4568 = DEFINITIONAL_REPRESENTATION('',(#4569),#4573);
#4569 = LINE('',#4570,#4571);
#4570 = CARTESIAN_POINT('',(0.,34.75));
#4571 = VECTOR('',#4572,1.);
#4572 = DIRECTION('',(1.,0.));
#4573 = ( GEOMETRIC_REPRESENTATION_CONTEXT(2) 
PARAMETRIC_REPRESENTATION_CONTEXT() REPRESENTATION_CONTEXT('2D SPACE',''
  ) );
#4574 = PCURVE('',#2951,#4575);
#4575 = DEFINITIONAL_REPRESENTATION('',(#4576),#4580);
#4576 = LINE('',#4577,#4578);
#4577 = CARTESIAN_POINT('',(1.570796326795,0.));
#4578 = VECTOR('',#4579,1.);
#4579 = DIRECTION('',(0.,1.));
#4580 = ( GEOMETRIC_REPRESENTATION_CONTEXT(2) 
PARAMETRIC_REPRESENTATION_CONTEXT() REPRESENTATION_CONTEXT('2D SPACE',''
  ) );
#4581 = ORIENTED_EDGE('',*,*,#2913,.T.);
#4582 = ORIENTED_EDGE('',*,*,#2860,.F.);
#4583 = ORIENTED_EDGE('',*,*,#4584,.T.);
#4584 = EDGE_CURVE('',#2835,#4560,#4585,.T.);
#4585 = SURFACE_CURVE('',#4586,(#4590,#4597),.PCURVE_S1.);
#4586 = LINE('',#4587,#4588);
#4587 = CARTESIAN_POINT('',(-18.125,44.39,9.));
#4588 = VECTOR('',#4589,1.);
#4589 = DIRECTION('',(1.,0.,0.));
#4590 = PCURVE('',#2875,#4591);
#4591 = DEFINITIONAL_REPRESENTATION('',(#4592),#4596);
#4592 = LINE('',#4593,#4594);
#4593 = CARTESIAN_POINT('',(2.9,0.));
#4594 = VECTOR('',#4595,1.);
#4595 = DIRECTION('',(0.,1.));
#4596 = ( GEOMETRIC_REPRESENTATION_CONTEXT(2) 
PARAMETRIC_REPRESENTATION_CONTEXT() REPRESENTATION_CONTEXT('2D SPACE',''
  ) );
#4597 = PCURVE('',#2849,#4598);
#4598 = DEFINITIONAL_REPRESENTATION('',(#4599),#4603);
#4599 = LINE('',#4600,#4601);
#4600 = CARTESIAN_POINT('',(0.,43.69));
#4601 = VECTOR('',#4602,1.);
#4602 = DIRECTION('',(1.,0.));
#4603 = ( GEOMETRIC_REPRESENTATION_CONTEXT(2) 
PARAMETRIC_REPRESENTATION_CONTEXT() REPRESENTATION_CONTEXT('2D SPACE',''
  ) );
#4604 = ADVANCED_FACE('',(#4605),#2849,.F.);
#4605 = FACE_BOUND('',#4606,.F.);
#4606 = EDGE_LOOP('',(#4607,#4608,#4609,#4610,#4634,#4661,#4688,#4708,
    #4709,#4710,#4711,#4739,#4762));
#4607 = ORIENTED_EDGE('',*,*,#4584,.F.);
#4608 = ORIENTED_EDGE('',*,*,#2834,.F.);
#4609 = ORIENTED_EDGE('',*,*,#3637,.F.);
#4610 = ORIENTED_EDGE('',*,*,#4611,.F.);
#4611 = EDGE_CURVE('',#4612,#3608,#4614,.T.);
#4612 = VERTEX_POINT('',#4613);
#4613 = CARTESIAN_POINT('',(16.925,42.89,9.));
#4614 = SURFACE_CURVE('',#4615,(#4620,#4627),.PCURVE_S1.);
#4615 = CIRCLE('',#4616,0.3);
#4616 = AXIS2_PLACEMENT_3D('',#4617,#4618,#4619);
#4617 = CARTESIAN_POINT('',(16.625,42.89,9.));
#4618 = DIRECTION('',(0.,0.,1.));
#4619 = DIRECTION('',(1.,0.,-0.));
#4620 = PCURVE('',#2849,#4621);
#4621 = DEFINITIONAL_REPRESENTATION('',(#4622),#4626);
#4622 = CIRCLE('',#4623,0.3);
#4623 = AXIS2_PLACEMENT_2D('',#4624,#4625);
#4624 = CARTESIAN_POINT('',(34.75,42.19));
#4625 = DIRECTION('',(1.,0.));
#4626 = ( GEOMETRIC_REPRESENTATION_CONTEXT(2) 
PARAMETRIC_REPRESENTATION_CONTEXT() REPRESENTATION_CONTEXT('2D SPACE',''
  ) );
#4627 = PCURVE('',#3625,#4628);
#4628 = DEFINITIONAL_REPRESENTATION('',(#4629),#4633);
#4629 = LINE('',#4630,#4631);
#4630 = CARTESIAN_POINT('',(0.,7.));
#4631 = VECTOR('',#4632,1.);
#4632 = DIRECTION('',(1.,0.));
#4633 = ( GEOMETRIC_REPRESENTATION_CONTEXT(2) 
PARAMETRIC_REPRESENTATION_CONTEXT() REPRESENTATION_CONTEXT('2D SPACE',''
  ) );
#4634 = ORIENTED_EDGE('',*,*,#4635,.F.);
#4635 = EDGE_CURVE('',#4636,#4612,#4638,.T.);
#4636 = VERTEX_POINT('',#4637);
#4637 = CARTESIAN_POINT('',(16.925,39.1,9.));
#4638 = SURFACE_CURVE('',#4639,(#4643,#4649),.PCURVE_S1.);
#4639 = LINE('',#4640,#4641);
#4640 = CARTESIAN_POINT('',(16.925,1.3,9.));
#4641 = VECTOR('',#4642,1.);
#4642 = DIRECTION('',(0.,1.,0.));
#4643 = PCURVE('',#2849,#4644);
#4644 = DEFINITIONAL_REPRESENTATION('',(#4645),#4648);
#4645 = B_SPLINE_CURVE_WITH_KNOTS('',1,(#4646,#4647),.UNSPECIFIED.,.F.,
  .F.,(2,2),(0.9,41.59),.PIECEWISE_BEZIER_KNOTS.);
#4646 = CARTESIAN_POINT('',(35.05,1.5));
#4647 = CARTESIAN_POINT('',(35.05,42.19));
#4648 = ( GEOMETRIC_REPRESENTATION_CONTEXT(2) 
PARAMETRIC_REPRESENTATION_CONTEXT() REPRESENTATION_CONTEXT('2D SPACE',''
  ) );
#4649 = PCURVE('',#4650,#4655);
#4650 = PLANE('',#4651);
#4651 = AXIS2_PLACEMENT_3D('',#4652,#4653,#4654);
#4652 = CARTESIAN_POINT('',(16.925,1.9,2.));
#4653 = DIRECTION('',(1.,0.,0.));
#4654 = DIRECTION('',(0.,0.,1.));
#4655 = DEFINITIONAL_REPRESENTATION('',(#4656),#4660);
#4656 = LINE('',#4657,#4658);
#4657 = CARTESIAN_POINT('',(7.,0.6));
#4658 = VECTOR('',#4659,1.);
#4659 = DIRECTION('',(0.,-1.));
#4660 = ( GEOMETRIC_REPRESENTATION_CONTEXT(2) 
PARAMETRIC_REPRESENTATION_CONTEXT() REPRESENTATION_CONTEXT('2D SPACE',''
  ) );
#4661 = ORIENTED_EDGE('',*,*,#4662,.F.);
#4662 = EDGE_CURVE('',#4663,#4636,#4665,.T.);
#4663 = VERTEX_POINT('',#4664);
#4664 = CARTESIAN_POINT('',(16.925,36.8,9.));
#4665 = SURFACE_CURVE('',#4666,(#4670,#4676),.PCURVE_S1.);
#4666 = LINE('',#4667,#4668);
#4667 = CARTESIAN_POINT('',(16.925,1.3,9.));
#4668 = VECTOR('',#4669,1.);
#4669 = DIRECTION('',(0.,1.,0.));
#4670 = PCURVE('',#2849,#4671);
#4671 = DEFINITIONAL_REPRESENTATION('',(#4672),#4675);
#4672 = B_SPLINE_CURVE_WITH_KNOTS('',1,(#4673,#4674),.UNSPECIFIED.,.F.,
  .F.,(2,2),(0.9,41.59),.PIECEWISE_BEZIER_KNOTS.);
#4673 = CARTESIAN_POINT('',(35.05,1.5));
#4674 = CARTESIAN_POINT('',(35.05,42.19));
#4675 = ( GEOMETRIC_REPRESENTATION_CONTEXT(2) 
PARAMETRIC_REPRESENTATION_CONTEXT() REPRESENTATION_CONTEXT('2D SPACE',''
  ) );
#4676 = PCURVE('',#4677,#4682);
#4677 = PLANE('',#4678);
#4678 = AXIS2_PLACEMENT_3D('',#4679,#4680,#4681);
#4679 = CARTESIAN_POINT('',(16.925,36.8,7.7));
#4680 = DIRECTION('',(1.,0.,0.));
#4681 = DIRECTION('',(0.,0.,1.));
#4682 = DEFINITIONAL_REPRESENTATION('',(#4683),#4687);
#4683 = LINE('',#4684,#4685);
#4684 = CARTESIAN_POINT('',(1.3,35.5));
#4685 = VECTOR('',#4686,1.);
#4686 = DIRECTION('',(0.,-1.));
#4687 = ( GEOMETRIC_REPRESENTATION_CONTEXT(2) 
PARAMETRIC_REPRESENTATION_CONTEXT() REPRESENTATION_CONTEXT('2D SPACE',''
  ) );
#4688 = ORIENTED_EDGE('',*,*,#4689,.F.);
#4689 = EDGE_CURVE('',#3997,#4663,#4690,.T.);
#4690 = SURFACE_CURVE('',#4691,(#4695,#4701),.PCURVE_S1.);
#4691 = LINE('',#4692,#4693);
#4692 = CARTESIAN_POINT('',(16.925,1.3,9.));
#4693 = VECTOR('',#4694,1.);
#4694 = DIRECTION('',(0.,1.,0.));
#4695 = PCURVE('',#2849,#4696);
#4696 = DEFINITIONAL_REPRESENTATION('',(#4697),#4700);
#4697 = B_SPLINE_CURVE_WITH_KNOTS('',1,(#4698,#4699),.UNSPECIFIED.,.F.,
  .F.,(2,2),(0.9,41.59),.PIECEWISE_BEZIER_KNOTS.);
#4698 = CARTESIAN_POINT('',(35.05,1.5));
#4699 = CARTESIAN_POINT('',(35.05,42.19));
#4700 = ( GEOMETRIC_REPRESENTATION_CONTEXT(2) 
PARAMETRIC_REPRESENTATION_CONTEXT() REPRESENTATION_CONTEXT('2D SPACE',''
  ) );
#4701 = PCURVE('',#4014,#4702);
#4702 = DEFINITIONAL_REPRESENTATION('',(#4703),#4707);
#4703 = LINE('',#4704,#4705);
#4704 = CARTESIAN_POINT('',(7.,0.6));
#4705 = VECTOR('',#4706,1.);
#4706 = DIRECTION('',(0.,-1.));
#4707 = ( GEOMETRIC_REPRESENTATION_CONTEXT(2) 
PARAMETRIC_REPRESENTATION_CONTEXT() REPRESENTATION_CONTEXT('2D SPACE',''
  ) );
#4708 = ORIENTED_EDGE('',*,*,#4026,.F.);
#4709 = ORIENTED_EDGE('',*,*,#4123,.F.);
#4710 = ORIENTED_EDGE('',*,*,#4171,.F.);
#4711 = ORIENTED_EDGE('',*,*,#4712,.F.);
#4712 = EDGE_CURVE('',#4713,#4151,#4715,.T.);
#4713 = VERTEX_POINT('',#4714);
#4714 = CARTESIAN_POINT('',(18.125,2.2,9.));
#4715 = SURFACE_CURVE('',#4716,(#4721,#4732),.PCURVE_S1.);
#4716 = CIRCLE('',#4717,1.5);
#4717 = AXIS2_PLACEMENT_3D('',#4718,#4719,#4720);
#4718 = CARTESIAN_POINT('',(16.625,2.2,9.));
#4719 = DIRECTION('',(-0.,-0.,-1.));
#4720 = DIRECTION('',(0.,-1.,0.));
#4721 = PCURVE('',#2849,#4722);
#4722 = DEFINITIONAL_REPRESENTATION('',(#4723),#4731);
#4723 = ( BOUNDED_CURVE() B_SPLINE_CURVE(2,(#4724,#4725,#4726,#4727,
#4728,#4729,#4730),.UNSPECIFIED.,.T.,.F.) B_SPLINE_CURVE_WITH_KNOTS((1,2
    ,2,2,2,1),(-2.094395102393,0.,2.094395102393,4.188790204786,
6.28318530718,8.377580409573),.UNSPECIFIED.) CURVE() 
GEOMETRIC_REPRESENTATION_ITEM() RATIONAL_B_SPLINE_CURVE((1.,0.5,1.,0.5,
1.,0.5,1.)) REPRESENTATION_ITEM('') );
#4724 = CARTESIAN_POINT('',(34.75,-4.440892098501E-16));
#4725 = CARTESIAN_POINT('',(32.151923788647,-4.440892098501E-16));
#4726 = CARTESIAN_POINT('',(33.450961894323,2.25));
#4727 = CARTESIAN_POINT('',(34.75,4.5));
#4728 = CARTESIAN_POINT('',(36.049038105677,2.25));
#4729 = CARTESIAN_POINT('',(37.348076211353,1.7763568394E-15));
#4730 = CARTESIAN_POINT('',(34.75,-4.440892098501E-16));
#4731 = ( GEOMETRIC_REPRESENTATION_CONTEXT(2) 
PARAMETRIC_REPRESENTATION_CONTEXT() REPRESENTATION_CONTEXT('2D SPACE',''
  ) );
#4732 = PCURVE('',#3006,#4733);
#4733 = DEFINITIONAL_REPRESENTATION('',(#4734),#4738);
#4734 = LINE('',#4735,#4736);
#4735 = CARTESIAN_POINT('',(4.712388980385,2.9));
#4736 = VECTOR('',#4737,1.);
#4737 = DIRECTION('',(-1.,0.));
#4738 = ( GEOMETRIC_REPRESENTATION_CONTEXT(2) 
PARAMETRIC_REPRESENTATION_CONTEXT() REPRESENTATION_CONTEXT('2D SPACE',''
  ) );
#4739 = ORIENTED_EDGE('',*,*,#4740,.T.);
#4740 = EDGE_CURVE('',#4713,#4741,#4743,.T.);
#4741 = VERTEX_POINT('',#4742);
#4742 = CARTESIAN_POINT('',(18.125,42.89,9.));
#4743 = SURFACE_CURVE('',#4744,(#4748,#4755),.PCURVE_S1.);
#4744 = LINE('',#4745,#4746);
#4745 = CARTESIAN_POINT('',(18.125,0.7,9.));
#4746 = VECTOR('',#4747,1.);
#4747 = DIRECTION('',(0.,1.,0.));
#4748 = PCURVE('',#2849,#4749);
#4749 = DEFINITIONAL_REPRESENTATION('',(#4750),#4754);
#4750 = LINE('',#4751,#4752);
#4751 = CARTESIAN_POINT('',(36.25,0.));
#4752 = VECTOR('',#4753,1.);
#4753 = DIRECTION('',(0.,1.));
#4754 = ( GEOMETRIC_REPRESENTATION_CONTEXT(2) 
PARAMETRIC_REPRESENTATION_CONTEXT() REPRESENTATION_CONTEXT('2D SPACE',''
  ) );
#4755 = PCURVE('',#2978,#4756);
#4756 = DEFINITIONAL_REPRESENTATION('',(#4757),#4761);
#4757 = LINE('',#4758,#4759);
#4758 = CARTESIAN_POINT('',(2.9,0.));
#4759 = VECTOR('',#4760,1.);
#4760 = DIRECTION('',(0.,-1.));
#4761 = ( GEOMETRIC_REPRESENTATION_CONTEXT(2) 
PARAMETRIC_REPRESENTATION_CONTEXT() REPRESENTATION_CONTEXT('2D SPACE',''
  ) );
#4762 = ORIENTED_EDGE('',*,*,#4763,.T.);
#4763 = EDGE_CURVE('',#4741,#4560,#4764,.T.);
#4764 = SURFACE_CURVE('',#4765,(#4770,#4777),.PCURVE_S1.);
#4765 = CIRCLE('',#4766,1.5);
#4766 = AXIS2_PLACEMENT_3D('',#4767,#4768,#4769);
#4767 = CARTESIAN_POINT('',(16.625,42.89,9.));
#4768 = DIRECTION('',(0.,0.,1.));
#4769 = DIRECTION('',(0.,-1.,0.));
#4770 = PCURVE('',#2849,#4771);
#4771 = DEFINITIONAL_REPRESENTATION('',(#4772),#4776);
#4772 = CIRCLE('',#4773,1.5);
#4773 = AXIS2_PLACEMENT_2D('',#4774,#4775);
#4774 = CARTESIAN_POINT('',(34.75,42.19));
#4775 = DIRECTION('',(0.,-1.));
#4776 = ( GEOMETRIC_REPRESENTATION_CONTEXT(2) 
PARAMETRIC_REPRESENTATION_CONTEXT() REPRESENTATION_CONTEXT('2D SPACE',''
  ) );
#4777 = PCURVE('',#2951,#4778);
#4778 = DEFINITIONAL_REPRESENTATION('',(#4779),#4783);
#4779 = LINE('',#4780,#4781);
#4780 = CARTESIAN_POINT('',(-1.570796326795,2.9));
#4781 = VECTOR('',#4782,1.);
#4782 = DIRECTION('',(1.,0.));
#4783 = ( GEOMETRIC_REPRESENTATION_CONTEXT(2) 
PARAMETRIC_REPRESENTATION_CONTEXT() REPRESENTATION_CONTEXT('2D SPACE',''
  ) );
#4784 = ADVANCED_FACE('',(#4785),#3242,.T.);
#4785 = FACE_BOUND('',#4786,.T.);
#4786 = EDGE_LOOP('',(#4787,#4788,#4789,#4790));
#4787 = ORIENTED_EDGE('',*,*,#3227,.F.);
#4788 = ORIENTED_EDGE('',*,*,#3348,.T.);
#4789 = ORIENTED_EDGE('',*,*,#4528,.F.);
#4790 = ORIENTED_EDGE('',*,*,#4791,.F.);
#4791 = EDGE_CURVE('',#3202,#4461,#4792,.T.);
#4792 = SURFACE_CURVE('',#4793,(#4797,#4803),.PCURVE_S1.);
#4793 = LINE('',#4794,#4795);
#4794 = CARTESIAN_POINT('',(19.325,29.7,0.));
#4795 = VECTOR('',#4796,1.);
#4796 = DIRECTION('',(0.,0.,1.));
#4797 = PCURVE('',#3242,#4798);
#4798 = DEFINITIONAL_REPRESENTATION('',(#4799),#4802);
#4799 = B_SPLINE_CURVE_WITH_KNOTS('',1,(#4800,#4801),.UNSPECIFIED.,.F.,
  .F.,(2,2),(0.,24.5),.PIECEWISE_BEZIER_KNOTS.);
#4800 = CARTESIAN_POINT('',(0.,-29.4));
#4801 = CARTESIAN_POINT('',(24.5,-29.4));
#4802 = ( GEOMETRIC_REPRESENTATION_CONTEXT(2) 
PARAMETRIC_REPRESENTATION_CONTEXT() REPRESENTATION_CONTEXT('2D SPACE',''
  ) );
#4803 = PCURVE('',#3216,#4804);
#4804 = DEFINITIONAL_REPRESENTATION('',(#4805),#4808);
#4805 = B_SPLINE_CURVE_WITH_KNOTS('',1,(#4806,#4807),.UNSPECIFIED.,.F.,
  .F.,(2,2),(0.,24.5),.PIECEWISE_BEZIER_KNOTS.);
#4806 = CARTESIAN_POINT('',(0.,3.));
#4807 = CARTESIAN_POINT('',(24.5,3.));
#4808 = ( GEOMETRIC_REPRESENTATION_CONTEXT(2) 
PARAMETRIC_REPRESENTATION_CONTEXT() REPRESENTATION_CONTEXT('2D SPACE',''
  ) );
#4809 = ADVANCED_FACE('',(#4810),#3216,.T.);
#4810 = FACE_BOUND('',#4811,.T.);
#4811 = EDGE_LOOP('',(#4812,#4833,#4834,#4835));
#4812 = ORIENTED_EDGE('',*,*,#4813,.F.);
#4813 = EDGE_CURVE('',#3173,#4413,#4814,.T.);
#4814 = SURFACE_CURVE('',#4815,(#4819,#4826),.PCURVE_S1.);
#4815 = LINE('',#4816,#4817);
#4816 = CARTESIAN_POINT('',(21.525,29.7,0.));
#4817 = VECTOR('',#4818,1.);
#4818 = DIRECTION('',(0.,0.,1.));
#4819 = PCURVE('',#3216,#4820);
#4820 = DEFINITIONAL_REPRESENTATION('',(#4821),#4825);
#4821 = LINE('',#4822,#4823);
#4822 = CARTESIAN_POINT('',(0.,5.2));
#4823 = VECTOR('',#4824,1.);
#4824 = DIRECTION('',(1.,0.));
#4825 = ( GEOMETRIC_REPRESENTATION_CONTEXT(2) 
PARAMETRIC_REPRESENTATION_CONTEXT() REPRESENTATION_CONTEXT('2D SPACE',''
  ) );
#4826 = PCURVE('',#3189,#4827);
#4827 = DEFINITIONAL_REPRESENTATION('',(#4828),#4832);
#4828 = LINE('',#4829,#4830);
#4829 = CARTESIAN_POINT('',(1.570796326795,0.));
#4830 = VECTOR('',#4831,1.);
#4831 = DIRECTION('',(0.,1.));
#4832 = ( GEOMETRIC_REPRESENTATION_CONTEXT(2) 
PARAMETRIC_REPRESENTATION_CONTEXT() REPRESENTATION_CONTEXT('2D SPACE',''
  ) );
#4833 = ORIENTED_EDGE('',*,*,#3201,.F.);
#4834 = ORIENTED_EDGE('',*,*,#4791,.T.);
#4835 = ORIENTED_EDGE('',*,*,#4483,.F.);
#4836 = ADVANCED_FACE('',(#4837),#3189,.T.);
#4837 = FACE_BOUND('',#4838,.T.);
#4838 = EDGE_LOOP('',(#4839,#4860,#4861,#4862));
#4839 = ORIENTED_EDGE('',*,*,#4840,.F.);
#4840 = EDGE_CURVE('',#3147,#4366,#4841,.T.);
#4841 = SURFACE_CURVE('',#4842,(#4846,#4853),.PCURVE_S1.);
#4842 = LINE('',#4843,#4844);
#4843 = CARTESIAN_POINT('',(23.525,27.7,0.));
#4844 = VECTOR('',#4845,1.);
#4845 = DIRECTION('',(0.,0.,1.));
#4846 = PCURVE('',#3189,#4847);
#4847 = DEFINITIONAL_REPRESENTATION('',(#4848),#4852);
#4848 = LINE('',#4849,#4850);
#4849 = CARTESIAN_POINT('',(0.,0.));
#4850 = VECTOR('',#4851,1.);
#4851 = DIRECTION('',(0.,1.));
#4852 = ( GEOMETRIC_REPRESENTATION_CONTEXT(2) 
PARAMETRIC_REPRESENTATION_CONTEXT() REPRESENTATION_CONTEXT('2D SPACE',''
  ) );
#4853 = PCURVE('',#3161,#4854);
#4854 = DEFINITIONAL_REPRESENTATION('',(#4855),#4859);
#4855 = LINE('',#4856,#4857);
#4856 = CARTESIAN_POINT('',(0.,-14.2));
#4857 = VECTOR('',#4858,1.);
#4858 = DIRECTION('',(1.,0.));
#4859 = ( GEOMETRIC_REPRESENTATION_CONTEXT(2) 
PARAMETRIC_REPRESENTATION_CONTEXT() REPRESENTATION_CONTEXT('2D SPACE',''
  ) );
#4860 = ORIENTED_EDGE('',*,*,#3172,.T.);
#4861 = ORIENTED_EDGE('',*,*,#4813,.T.);
#4862 = ORIENTED_EDGE('',*,*,#4433,.F.);
#4863 = ADVANCED_FACE('',(#4864),#3161,.T.);
#4864 = FACE_BOUND('',#4865,.T.);
#4865 = EDGE_LOOP('',(#4866,#4887,#4888,#4889));
#4866 = ORIENTED_EDGE('',*,*,#4867,.F.);
#4867 = EDGE_CURVE('',#3118,#4318,#4868,.T.);
#4868 = SURFACE_CURVE('',#4869,(#4873,#4880),.PCURVE_S1.);
#4869 = LINE('',#4870,#4871);
#4870 = CARTESIAN_POINT('',(23.525,15.5,0.));
#4871 = VECTOR('',#4872,1.);
#4872 = DIRECTION('',(0.,0.,1.));
#4873 = PCURVE('',#3161,#4874);
#4874 = DEFINITIONAL_REPRESENTATION('',(#4875),#4879);
#4875 = LINE('',#4876,#4877);
#4876 = CARTESIAN_POINT('',(0.,-2.));
#4877 = VECTOR('',#4878,1.);
#4878 = DIRECTION('',(1.,0.));
#4879 = ( GEOMETRIC_REPRESENTATION_CONTEXT(2) 
PARAMETRIC_REPRESENTATION_CONTEXT() REPRESENTATION_CONTEXT('2D SPACE',''
  ) );
#4880 = PCURVE('',#3134,#4881);
#4881 = DEFINITIONAL_REPRESENTATION('',(#4882),#4886);
#4882 = LINE('',#4883,#4884);
#4883 = CARTESIAN_POINT('',(-0.,0.));
#4884 = VECTOR('',#4885,1.);
#4885 = DIRECTION('',(-0.,1.));
#4886 = ( GEOMETRIC_REPRESENTATION_CONTEXT(2) 
PARAMETRIC_REPRESENTATION_CONTEXT() REPRESENTATION_CONTEXT('2D SPACE',''
  ) );
#4887 = ORIENTED_EDGE('',*,*,#3146,.F.);
#4888 = ORIENTED_EDGE('',*,*,#4840,.T.);
#4889 = ORIENTED_EDGE('',*,*,#4386,.F.);
#4890 = ADVANCED_FACE('',(#4891),#3134,.T.);
#4891 = FACE_BOUND('',#4892,.F.);
#4892 = EDGE_LOOP('',(#4893,#4894,#4895,#4916));
#4893 = ORIENTED_EDGE('',*,*,#4867,.F.);
#4894 = ORIENTED_EDGE('',*,*,#3117,.F.);
#4895 = ORIENTED_EDGE('',*,*,#4896,.T.);
#4896 = EDGE_CURVE('',#3092,#4264,#4897,.T.);
#4897 = SURFACE_CURVE('',#4898,(#4902,#4909),.PCURVE_S1.);
#4898 = LINE('',#4899,#4900);
#4899 = CARTESIAN_POINT('',(21.525,13.5,0.));
#4900 = VECTOR('',#4901,1.);
#4901 = DIRECTION('',(0.,0.,1.));
#4902 = PCURVE('',#3134,#4903);
#4903 = DEFINITIONAL_REPRESENTATION('',(#4904),#4908);
#4904 = LINE('',#4905,#4906);
#4905 = CARTESIAN_POINT('',(-1.570796326795,0.));
#4906 = VECTOR('',#4907,1.);
#4907 = DIRECTION('',(-0.,1.));
#4908 = ( GEOMETRIC_REPRESENTATION_CONTEXT(2) 
PARAMETRIC_REPRESENTATION_CONTEXT() REPRESENTATION_CONTEXT('2D SPACE',''
  ) );
#4909 = PCURVE('',#3106,#4910);
#4910 = DEFINITIONAL_REPRESENTATION('',(#4911),#4915);
#4911 = LINE('',#4912,#4913);
#4912 = CARTESIAN_POINT('',(0.,5.2));
#4913 = VECTOR('',#4914,1.);
#4914 = DIRECTION('',(1.,0.));
#4915 = ( GEOMETRIC_REPRESENTATION_CONTEXT(2) 
PARAMETRIC_REPRESENTATION_CONTEXT() REPRESENTATION_CONTEXT('2D SPACE',''
  ) );
#4916 = ORIENTED_EDGE('',*,*,#4338,.T.);
#4917 = ADVANCED_FACE('',(#4918),#3106,.F.);
#4918 = FACE_BOUND('',#4919,.F.);
#4919 = EDGE_LOOP('',(#4920,#4921,#4922,#4941));
#4920 = ORIENTED_EDGE('',*,*,#4896,.F.);
#4921 = ORIENTED_EDGE('',*,*,#3091,.F.);
#4922 = ORIENTED_EDGE('',*,*,#4923,.T.);
#4923 = EDGE_CURVE('',#3066,#4195,#4924,.T.);
#4924 = SURFACE_CURVE('',#4925,(#4929,#4935),.PCURVE_S1.);
#4925 = LINE('',#4926,#4927);
#4926 = CARTESIAN_POINT('',(19.325,13.5,0.));
#4927 = VECTOR('',#4928,1.);
#4928 = DIRECTION('',(0.,0.,1.));
#4929 = PCURVE('',#3106,#4930);
#4930 = DEFINITIONAL_REPRESENTATION('',(#4931),#4934);
#4931 = B_SPLINE_CURVE_WITH_KNOTS('',1,(#4932,#4933),.UNSPECIFIED.,.F.,
  .F.,(2,2),(0.,24.5),.PIECEWISE_BEZIER_KNOTS.);
#4932 = CARTESIAN_POINT('',(0.,3.));
#4933 = CARTESIAN_POINT('',(24.5,3.));
#4934 = ( GEOMETRIC_REPRESENTATION_CONTEXT(2) 
PARAMETRIC_REPRESENTATION_CONTEXT() REPRESENTATION_CONTEXT('2D SPACE',''
  ) );
#4935 = PCURVE('',#3080,#4936);
#4936 = DEFINITIONAL_REPRESENTATION('',(#4937),#4940);
#4937 = B_SPLINE_CURVE_WITH_KNOTS('',1,(#4938,#4939),.UNSPECIFIED.,.F.,
  .F.,(2,2),(0.,24.5),.PIECEWISE_BEZIER_KNOTS.);
#4938 = CARTESIAN_POINT('',(0.,-13.2));
#4939 = CARTESIAN_POINT('',(24.5,-13.2));
#4940 = ( GEOMETRIC_REPRESENTATION_CONTEXT(2) 
PARAMETRIC_REPRESENTATION_CONTEXT() REPRESENTATION_CONTEXT('2D SPACE',''
  ) );
#4941 = ORIENTED_EDGE('',*,*,#4284,.T.);
#4942 = ADVANCED_FACE('',(#4943),#3080,.T.);
#4943 = FACE_BOUND('',#4944,.T.);
#4944 = EDGE_LOOP('',(#4945,#4946,#4947,#4948));
#4945 = ORIENTED_EDGE('',*,*,#3065,.F.);
#4946 = ORIENTED_EDGE('',*,*,#4923,.T.);
#4947 = ORIENTED_EDGE('',*,*,#4217,.T.);
#4948 = ORIENTED_EDGE('',*,*,#3803,.F.);
#4949 = ADVANCED_FACE('',(#4950),#3006,.F.);
#4950 = FACE_BOUND('',#4951,.T.);
#4951 = EDGE_LOOP('',(#4952,#4973,#4974,#4975));
#4952 = ORIENTED_EDGE('',*,*,#4953,.F.);
#4953 = EDGE_CURVE('',#2964,#4713,#4954,.T.);
#4954 = SURFACE_CURVE('',#4955,(#4959,#4966),.PCURVE_S1.);
#4955 = LINE('',#4956,#4957);
#4956 = CARTESIAN_POINT('',(18.125,2.2,6.1));
#4957 = VECTOR('',#4958,1.);
#4958 = DIRECTION('',(0.,0.,1.));
#4959 = PCURVE('',#3006,#4960);
#4960 = DEFINITIONAL_REPRESENTATION('',(#4961),#4965);
#4961 = LINE('',#4962,#4963);
#4962 = CARTESIAN_POINT('',(-0.,0.));
#4963 = VECTOR('',#4964,1.);
#4964 = DIRECTION('',(-0.,1.));
#4965 = ( GEOMETRIC_REPRESENTATION_CONTEXT(2) 
PARAMETRIC_REPRESENTATION_CONTEXT() REPRESENTATION_CONTEXT('2D SPACE',''
  ) );
#4966 = PCURVE('',#2978,#4967);
#4967 = DEFINITIONAL_REPRESENTATION('',(#4968),#4972);
#4968 = LINE('',#4969,#4970);
#4969 = CARTESIAN_POINT('',(0.,-1.5));
#4970 = VECTOR('',#4971,1.);
#4971 = DIRECTION('',(1.,0.));
#4972 = ( GEOMETRIC_REPRESENTATION_CONTEXT(2) 
PARAMETRIC_REPRESENTATION_CONTEXT() REPRESENTATION_CONTEXT('2D SPACE',''
  ) );
#4973 = ORIENTED_EDGE('',*,*,#2989,.F.);
#4974 = ORIENTED_EDGE('',*,*,#4150,.T.);
#4975 = ORIENTED_EDGE('',*,*,#4712,.F.);
#4976 = ADVANCED_FACE('',(#4977),#2978,.F.);
#4977 = FACE_BOUND('',#4978,.F.);
#4978 = EDGE_LOOP('',(#4979,#4980,#4981,#4982));
#4979 = ORIENTED_EDGE('',*,*,#4740,.F.);
#4980 = ORIENTED_EDGE('',*,*,#4953,.F.);
#4981 = ORIENTED_EDGE('',*,*,#2963,.T.);
#4982 = ORIENTED_EDGE('',*,*,#4983,.T.);
#4983 = EDGE_CURVE('',#2935,#4741,#4984,.T.);
#4984 = SURFACE_CURVE('',#4985,(#4989,#4996),.PCURVE_S1.);
#4985 = LINE('',#4986,#4987);
#4986 = CARTESIAN_POINT('',(18.125,42.89,6.1));
#4987 = VECTOR('',#4988,1.);
#4988 = DIRECTION('',(0.,0.,1.));
#4989 = PCURVE('',#2978,#4990);
#4990 = DEFINITIONAL_REPRESENTATION('',(#4991),#4995);
#4991 = LINE('',#4992,#4993);
#4992 = CARTESIAN_POINT('',(0.,-42.19));
#4993 = VECTOR('',#4994,1.);
#4994 = DIRECTION('',(1.,0.));
#4995 = ( GEOMETRIC_REPRESENTATION_CONTEXT(2) 
PARAMETRIC_REPRESENTATION_CONTEXT() REPRESENTATION_CONTEXT('2D SPACE',''
  ) );
#4996 = PCURVE('',#2951,#4997);
#4997 = DEFINITIONAL_REPRESENTATION('',(#4998),#5002);
#4998 = LINE('',#4999,#5000);
#4999 = CARTESIAN_POINT('',(0.,0.));
#5000 = VECTOR('',#5001,1.);
#5001 = DIRECTION('',(0.,1.));
#5002 = ( GEOMETRIC_REPRESENTATION_CONTEXT(2) 
PARAMETRIC_REPRESENTATION_CONTEXT() REPRESENTATION_CONTEXT('2D SPACE',''
  ) );
#5003 = ADVANCED_FACE('',(#5004),#2951,.F.);
#5004 = FACE_BOUND('',#5005,.F.);
#5005 = EDGE_LOOP('',(#5006,#5007,#5008,#5009));
#5006 = ORIENTED_EDGE('',*,*,#4983,.F.);
#5007 = ORIENTED_EDGE('',*,*,#2934,.T.);
#5008 = ORIENTED_EDGE('',*,*,#4559,.T.);
#5009 = ORIENTED_EDGE('',*,*,#4763,.F.);
#5010 = ADVANCED_FACE('',(#5011),#3298,.F.);
#5011 = FACE_BOUND('',#5012,.T.);
#5012 = EDGE_LOOP('',(#5013,#5014,#5037,#5064));
#5013 = ORIENTED_EDGE('',*,*,#3277,.T.);
#5014 = ORIENTED_EDGE('',*,*,#5015,.T.);
#5015 = EDGE_CURVE('',#3278,#5016,#5018,.T.);
#5016 = VERTEX_POINT('',#5017);
#5017 = CARTESIAN_POINT('',(21.175,17.1,16.6));
#5018 = SEAM_CURVE('',#5019,(#5023,#5030),.PCURVE_S1.);
#5019 = LINE('',#5020,#5021);
#5020 = CARTESIAN_POINT('',(21.175,17.1,6.6));
#5021 = VECTOR('',#5022,1.);
#5022 = DIRECTION('',(0.,0.,1.));
#5023 = PCURVE('',#3298,#5024);
#5024 = DEFINITIONAL_REPRESENTATION('',(#5025),#5029);
#5025 = LINE('',#5026,#5027);
#5026 = CARTESIAN_POINT('',(-6.28318530718,0.));
#5027 = VECTOR('',#5028,1.);
#5028 = DIRECTION('',(-0.,-1.));
#5029 = ( GEOMETRIC_REPRESENTATION_CONTEXT(2) 
PARAMETRIC_REPRESENTATION_CONTEXT() REPRESENTATION_CONTEXT('2D SPACE',''
  ) );
#5030 = PCURVE('',#3298,#5031);
#5031 = DEFINITIONAL_REPRESENTATION('',(#5032),#5036);
#5032 = LINE('',#5033,#5034);
#5033 = CARTESIAN_POINT('',(-0.,0.));
#5034 = VECTOR('',#5035,1.);
#5035 = DIRECTION('',(-0.,-1.));
#5036 = ( GEOMETRIC_REPRESENTATION_CONTEXT(2) 
PARAMETRIC_REPRESENTATION_CONTEXT() REPRESENTATION_CONTEXT('2D SPACE',''
  ) );
#5037 = ORIENTED_EDGE('',*,*,#5038,.T.);
#5038 = EDGE_CURVE('',#5016,#5016,#5039,.T.);
#5039 = SURFACE_CURVE('',#5040,(#5045,#5052),.PCURVE_S1.);
#5040 = CIRCLE('',#5041,1.25);
#5041 = AXIS2_PLACEMENT_3D('',#5042,#5043,#5044);
#5042 = CARTESIAN_POINT('',(19.925,17.1,16.6));
#5043 = DIRECTION('',(0.,0.,1.));
#5044 = DIRECTION('',(1.,0.,0.));
#5045 = PCURVE('',#3298,#5046);
#5046 = DEFINITIONAL_REPRESENTATION('',(#5047),#5051);
#5047 = LINE('',#5048,#5049);
#5048 = CARTESIAN_POINT('',(-0.,-10.));
#5049 = VECTOR('',#5050,1.);
#5050 = DIRECTION('',(-1.,0.));
#5051 = ( GEOMETRIC_REPRESENTATION_CONTEXT(2) 
PARAMETRIC_REPRESENTATION_CONTEXT() REPRESENTATION_CONTEXT('2D SPACE',''
  ) );
#5052 = PCURVE('',#5053,#5058);
#5053 = PLANE('',#5054);
#5054 = AXIS2_PLACEMENT_3D('',#5055,#5056,#5057);
#5055 = CARTESIAN_POINT('',(19.925,17.1,16.6));
#5056 = DIRECTION('',(0.,0.,1.));
#5057 = DIRECTION('',(1.,0.,-0.));
#5058 = DEFINITIONAL_REPRESENTATION('',(#5059),#5063);
#5059 = CIRCLE('',#5060,1.25);
#5060 = AXIS2_PLACEMENT_2D('',#5061,#5062);
#5061 = CARTESIAN_POINT('',(3.552713678801E-15,0.));
#5062 = DIRECTION('',(1.,0.));
#5063 = ( GEOMETRIC_REPRESENTATION_CONTEXT(2) 
PARAMETRIC_REPRESENTATION_CONTEXT() REPRESENTATION_CONTEXT('2D SPACE',''
  ) );
#5064 = ORIENTED_EDGE('',*,*,#5015,.F.);
#5065 = ADVANCED_FACE('',(#5066),#3333,.F.);
#5066 = FACE_BOUND('',#5067,.T.);
#5067 = EDGE_LOOP('',(#5068,#5069,#5092,#5119));
#5068 = ORIENTED_EDGE('',*,*,#3312,.T.);
#5069 = ORIENTED_EDGE('',*,*,#5070,.T.);
#5070 = EDGE_CURVE('',#3313,#5071,#5073,.T.);
#5071 = VERTEX_POINT('',#5072);
#5072 = CARTESIAN_POINT('',(21.175,26.1,16.6));
#5073 = SEAM_CURVE('',#5074,(#5078,#5085),.PCURVE_S1.);
#5074 = LINE('',#5075,#5076);
#5075 = CARTESIAN_POINT('',(21.175,26.1,6.6));
#5076 = VECTOR('',#5077,1.);
#5077 = DIRECTION('',(0.,0.,1.));
#5078 = PCURVE('',#3333,#5079);
#5079 = DEFINITIONAL_REPRESENTATION('',(#5080),#5084);
#5080 = LINE('',#5081,#5082);
#5081 = CARTESIAN_POINT('',(-6.28318530718,0.));
#5082 = VECTOR('',#5083,1.);
#5083 = DIRECTION('',(-0.,-1.));
#5084 = ( GEOMETRIC_REPRESENTATION_CONTEXT(2) 
PARAMETRIC_REPRESENTATION_CONTEXT() REPRESENTATION_CONTEXT('2D SPACE',''
  ) );
#5085 = PCURVE('',#3333,#5086);
#5086 = DEFINITIONAL_REPRESENTATION('',(#5087),#5091);
#5087 = LINE('',#5088,#5089);
#5088 = CARTESIAN_POINT('',(-0.,0.));
#5089 = VECTOR('',#5090,1.);
#5090 = DIRECTION('',(-0.,-1.));
#5091 = ( GEOMETRIC_REPRESENTATION_CONTEXT(2) 
PARAMETRIC_REPRESENTATION_CONTEXT() REPRESENTATION_CONTEXT('2D SPACE',''
  ) );
#5092 = ORIENTED_EDGE('',*,*,#5093,.T.);
#5093 = EDGE_CURVE('',#5071,#5071,#5094,.T.);
#5094 = SURFACE_CURVE('',#5095,(#5100,#5107),.PCURVE_S1.);
#5095 = CIRCLE('',#5096,1.25);
#5096 = AXIS2_PLACEMENT_3D('',#5097,#5098,#5099);
#5097 = CARTESIAN_POINT('',(19.925,26.1,16.6));
#5098 = DIRECTION('',(0.,0.,1.));
#5099 = DIRECTION('',(1.,0.,0.));
#5100 = PCURVE('',#3333,#5101);
#5101 = DEFINITIONAL_REPRESENTATION('',(#5102),#5106);
#5102 = LINE('',#5103,#5104);
#5103 = CARTESIAN_POINT('',(-0.,-10.));
#5104 = VECTOR('',#5105,1.);
#5105 = DIRECTION('',(-1.,0.));
#5106 = ( GEOMETRIC_REPRESENTATION_CONTEXT(2) 
PARAMETRIC_REPRESENTATION_CONTEXT() REPRESENTATION_CONTEXT('2D SPACE',''
  ) );
#5107 = PCURVE('',#5108,#5113);
#5108 = PLANE('',#5109);
#5109 = AXIS2_PLACEMENT_3D('',#5110,#5111,#5112);
#5110 = CARTESIAN_POINT('',(19.925,26.1,16.6));
#5111 = DIRECTION('',(0.,0.,1.));
#5112 = DIRECTION('',(1.,0.,-0.));
#5113 = DEFINITIONAL_REPRESENTATION('',(#5114),#5118);
#5114 = CIRCLE('',#5115,1.25);
#5115 = AXIS2_PLACEMENT_2D('',#5116,#5117);
#5116 = CARTESIAN_POINT('',(3.552713678801E-15,0.));
#5117 = DIRECTION('',(1.,0.));
#5118 = ( GEOMETRIC_REPRESENTATION_CONTEXT(2) 
PARAMETRIC_REPRESENTATION_CONTEXT() REPRESENTATION_CONTEXT('2D SPACE',''
  ) );
#5119 = ORIENTED_EDGE('',*,*,#5070,.F.);
#5120 = ADVANCED_FACE('',(#5121),#3569,.F.);
#5121 = FACE_BOUND('',#5122,.T.);
#5122 = EDGE_LOOP('',(#5123,#5146,#5147,#5148));
#5123 = ORIENTED_EDGE('',*,*,#5124,.F.);
#5124 = EDGE_CURVE('',#3526,#5125,#5127,.T.);
#5125 = VERTEX_POINT('',#5126);
#5126 = CARTESIAN_POINT('',(-16.925,42.89,22.5));
#5127 = SURFACE_CURVE('',#5128,(#5132,#5139),.PCURVE_S1.);
#5128 = LINE('',#5129,#5130);
#5129 = CARTESIAN_POINT('',(-16.925,42.89,2.));
#5130 = VECTOR('',#5131,1.);
#5131 = DIRECTION('',(0.,0.,1.));
#5132 = PCURVE('',#3569,#5133);
#5133 = DEFINITIONAL_REPRESENTATION('',(#5134),#5138);
#5134 = LINE('',#5135,#5136);
#5135 = CARTESIAN_POINT('',(-0.,0.));
#5136 = VECTOR('',#5137,1.);
#5137 = DIRECTION('',(-0.,1.));
#5138 = ( GEOMETRIC_REPRESENTATION_CONTEXT(2) 
PARAMETRIC_REPRESENTATION_CONTEXT() REPRESENTATION_CONTEXT('2D SPACE',''
  ) );
#5139 = PCURVE('',#3540,#5140);
#5140 = DEFINITIONAL_REPRESENTATION('',(#5141),#5145);
#5141 = LINE('',#5142,#5143);
#5142 = CARTESIAN_POINT('',(0.,-40.99));
#5143 = VECTOR('',#5144,1.);
#5144 = DIRECTION('',(1.,0.));
#5145 = ( GEOMETRIC_REPRESENTATION_CONTEXT(2) 
PARAMETRIC_REPRESENTATION_CONTEXT() REPRESENTATION_CONTEXT('2D SPACE',''
  ) );
#5146 = ORIENTED_EDGE('',*,*,#3552,.F.);
#5147 = ORIENTED_EDGE('',*,*,#3661,.T.);
#5148 = ORIENTED_EDGE('',*,*,#5149,.F.);
#5149 = EDGE_CURVE('',#5125,#3662,#5150,.T.);
#5150 = SURFACE_CURVE('',#5151,(#5156,#5163),.PCURVE_S1.);
#5151 = CIRCLE('',#5152,0.3);
#5152 = AXIS2_PLACEMENT_3D('',#5153,#5154,#5155);
#5153 = CARTESIAN_POINT('',(-16.625,42.89,22.5));
#5154 = DIRECTION('',(-0.,-0.,-1.));
#5155 = DIRECTION('',(0.,-1.,0.));
#5156 = PCURVE('',#3569,#5157);
#5157 = DEFINITIONAL_REPRESENTATION('',(#5158),#5162);
#5158 = LINE('',#5159,#5160);
#5159 = CARTESIAN_POINT('',(1.570796326795,20.5));
#5160 = VECTOR('',#5161,1.);
#5161 = DIRECTION('',(-1.,0.));
#5162 = ( GEOMETRIC_REPRESENTATION_CONTEXT(2) 
PARAMETRIC_REPRESENTATION_CONTEXT() REPRESENTATION_CONTEXT('2D SPACE',''
  ) );
#5163 = PCURVE('',#3698,#5164);
#5164 = DEFINITIONAL_REPRESENTATION('',(#5165),#5173);
#5165 = ( BOUNDED_CURVE() B_SPLINE_CURVE(2,(#5166,#5167,#5168,#5169,
#5170,#5171,#5172),.UNSPECIFIED.,.T.,.F.) B_SPLINE_CURVE_WITH_KNOTS((1,2
    ,2,2,2,1),(-2.094395102393,0.,2.094395102393,4.188790204786,
6.28318530718,8.377580409573),.UNSPECIFIED.) CURVE() 
GEOMETRIC_REPRESENTATION_ITEM() RATIONAL_B_SPLINE_CURVE((1.,0.5,1.,0.5,
1.,0.5,1.)) REPRESENTATION_ITEM('') );
#5166 = CARTESIAN_POINT('',(0.3,40.69));
#5167 = CARTESIAN_POINT('',(-0.219615242271,40.69));
#5168 = CARTESIAN_POINT('',(4.019237886467E-02,41.14));
#5169 = CARTESIAN_POINT('',(0.3,41.59));
#5170 = CARTESIAN_POINT('',(0.559807621135,41.14));
#5171 = CARTESIAN_POINT('',(0.819615242271,40.69));
#5172 = CARTESIAN_POINT('',(0.3,40.69));
#5173 = ( GEOMETRIC_REPRESENTATION_CONTEXT(2) 
PARAMETRIC_REPRESENTATION_CONTEXT() REPRESENTATION_CONTEXT('2D SPACE',''
  ) );
#5174 = ADVANCED_FACE('',(#5175),#3540,.T.);
#5175 = FACE_BOUND('',#5176,.T.);
#5176 = EDGE_LOOP('',(#5177,#5200,#5226,#5227));
#5177 = ORIENTED_EDGE('',*,*,#5178,.F.);
#5178 = EDGE_CURVE('',#5179,#5125,#5181,.T.);
#5179 = VERTEX_POINT('',#5180);
#5180 = CARTESIAN_POINT('',(-16.925,39.1,22.5));
#5181 = SURFACE_CURVE('',#5182,(#5186,#5193),.PCURVE_S1.);
#5182 = LINE('',#5183,#5184);
#5183 = CARTESIAN_POINT('',(-16.925,1.9,22.5));
#5184 = VECTOR('',#5185,1.);
#5185 = DIRECTION('',(0.,1.,0.));
#5186 = PCURVE('',#3540,#5187);
#5187 = DEFINITIONAL_REPRESENTATION('',(#5188),#5192);
#5188 = LINE('',#5189,#5190);
#5189 = CARTESIAN_POINT('',(20.5,0.));
#5190 = VECTOR('',#5191,1.);
#5191 = DIRECTION('',(0.,-1.));
#5192 = ( GEOMETRIC_REPRESENTATION_CONTEXT(2) 
PARAMETRIC_REPRESENTATION_CONTEXT() REPRESENTATION_CONTEXT('2D SPACE',''
  ) );
#5193 = PCURVE('',#3698,#5194);
#5194 = DEFINITIONAL_REPRESENTATION('',(#5195),#5199);
#5195 = LINE('',#5196,#5197);
#5196 = CARTESIAN_POINT('',(0.,0.));
#5197 = VECTOR('',#5198,1.);
#5198 = DIRECTION('',(0.,1.));
#5199 = ( GEOMETRIC_REPRESENTATION_CONTEXT(2) 
PARAMETRIC_REPRESENTATION_CONTEXT() REPRESENTATION_CONTEXT('2D SPACE',''
  ) );
#5200 = ORIENTED_EDGE('',*,*,#5201,.F.);
#5201 = EDGE_CURVE('',#3499,#5179,#5202,.T.);
#5202 = SURFACE_CURVE('',#5203,(#5207,#5214),.PCURVE_S1.);
#5203 = LINE('',#5204,#5205);
#5204 = CARTESIAN_POINT('',(-16.925,39.1,7.7));
#5205 = VECTOR('',#5206,1.);
#5206 = DIRECTION('',(0.,0.,1.));
#5207 = PCURVE('',#3540,#5208);
#5208 = DEFINITIONAL_REPRESENTATION('',(#5209),#5213);
#5209 = LINE('',#5210,#5211);
#5210 = CARTESIAN_POINT('',(5.7,-37.2));
#5211 = VECTOR('',#5212,1.);
#5212 = DIRECTION('',(1.,0.));
#5213 = ( GEOMETRIC_REPRESENTATION_CONTEXT(2) 
PARAMETRIC_REPRESENTATION_CONTEXT() REPRESENTATION_CONTEXT('2D SPACE',''
  ) );
#5214 = PCURVE('',#5215,#5220);
#5215 = PLANE('',#5216);
#5216 = AXIS2_PLACEMENT_3D('',#5217,#5218,#5219);
#5217 = CARTESIAN_POINT('',(-16.925,39.1,7.7));
#5218 = DIRECTION('',(0.,1.,0.));
#5219 = DIRECTION('',(0.,0.,1.));
#5220 = DEFINITIONAL_REPRESENTATION('',(#5221),#5225);
#5221 = LINE('',#5222,#5223);
#5222 = CARTESIAN_POINT('',(0.,0.));
#5223 = VECTOR('',#5224,1.);
#5224 = DIRECTION('',(1.,0.));
#5225 = ( GEOMETRIC_REPRESENTATION_CONTEXT(2) 
PARAMETRIC_REPRESENTATION_CONTEXT() REPRESENTATION_CONTEXT('2D SPACE',''
  ) );
#5226 = ORIENTED_EDGE('',*,*,#3525,.T.);
#5227 = ORIENTED_EDGE('',*,*,#5124,.T.);
#5228 = ADVANCED_FACE('',(#5229),#3513,.F.);
#5229 = FACE_BOUND('',#5230,.F.);
#5230 = EDGE_LOOP('',(#5231,#5259,#5287,#5308));
#5231 = ORIENTED_EDGE('',*,*,#5232,.F.);
#5232 = EDGE_CURVE('',#5233,#3472,#5235,.T.);
#5233 = VERTEX_POINT('',#5234);
#5234 = CARTESIAN_POINT('',(-16.925,36.8,7.7));
#5235 = SURFACE_CURVE('',#5236,(#5240,#5247),.PCURVE_S1.);
#5236 = LINE('',#5237,#5238);
#5237 = CARTESIAN_POINT('',(-16.925,36.8,7.7));
#5238 = VECTOR('',#5239,1.);
#5239 = DIRECTION('',(0.,0.,1.));
#5240 = PCURVE('',#3513,#5241);
#5241 = DEFINITIONAL_REPRESENTATION('',(#5242),#5246);
#5242 = LINE('',#5243,#5244);
#5243 = CARTESIAN_POINT('',(0.,0.));
#5244 = VECTOR('',#5245,1.);
#5245 = DIRECTION('',(1.,0.));
#5246 = ( GEOMETRIC_REPRESENTATION_CONTEXT(2) 
PARAMETRIC_REPRESENTATION_CONTEXT() REPRESENTATION_CONTEXT('2D SPACE',''
  ) );
#5247 = PCURVE('',#5248,#5253);
#5248 = PLANE('',#5249);
#5249 = AXIS2_PLACEMENT_3D('',#5250,#5251,#5252);
#5250 = CARTESIAN_POINT('',(-16.925,36.8,7.7));
#5251 = DIRECTION('',(0.,1.,0.));
#5252 = DIRECTION('',(0.,0.,1.));
#5253 = DEFINITIONAL_REPRESENTATION('',(#5254),#5258);
#5254 = LINE('',#5255,#5256);
#5255 = CARTESIAN_POINT('',(0.,0.));
#5256 = VECTOR('',#5257,1.);
#5257 = DIRECTION('',(1.,0.));
#5258 = ( GEOMETRIC_REPRESENTATION_CONTEXT(2) 
PARAMETRIC_REPRESENTATION_CONTEXT() REPRESENTATION_CONTEXT('2D SPACE',''
  ) );
#5259 = ORIENTED_EDGE('',*,*,#5260,.T.);
#5260 = EDGE_CURVE('',#5233,#5261,#5263,.T.);
#5261 = VERTEX_POINT('',#5262);
#5262 = CARTESIAN_POINT('',(-16.925,39.1,7.7));
#5263 = SURFACE_CURVE('',#5264,(#5268,#5275),.PCURVE_S1.);
#5264 = LINE('',#5265,#5266);
#5265 = CARTESIAN_POINT('',(-16.925,36.8,7.7));
#5266 = VECTOR('',#5267,1.);
#5267 = DIRECTION('',(0.,1.,0.));
#5268 = PCURVE('',#3513,#5269);
#5269 = DEFINITIONAL_REPRESENTATION('',(#5270),#5274);
#5270 = LINE('',#5271,#5272);
#5271 = CARTESIAN_POINT('',(0.,0.));
#5272 = VECTOR('',#5273,1.);
#5273 = DIRECTION('',(0.,-1.));
#5274 = ( GEOMETRIC_REPRESENTATION_CONTEXT(2) 
PARAMETRIC_REPRESENTATION_CONTEXT() REPRESENTATION_CONTEXT('2D SPACE',''
  ) );
#5275 = PCURVE('',#5276,#5281);
#5276 = PLANE('',#5277);
#5277 = AXIS2_PLACEMENT_3D('',#5278,#5279,#5280);
#5278 = CARTESIAN_POINT('',(-16.925,36.8,7.7));
#5279 = DIRECTION('',(0.,0.,1.));
#5280 = DIRECTION('',(1.,0.,0.));
#5281 = DEFINITIONAL_REPRESENTATION('',(#5282),#5286);
#5282 = LINE('',#5283,#5284);
#5283 = CARTESIAN_POINT('',(0.,0.));
#5284 = VECTOR('',#5285,1.);
#5285 = DIRECTION('',(0.,1.));
#5286 = ( GEOMETRIC_REPRESENTATION_CONTEXT(2) 
PARAMETRIC_REPRESENTATION_CONTEXT() REPRESENTATION_CONTEXT('2D SPACE',''
  ) );
#5287 = ORIENTED_EDGE('',*,*,#5288,.T.);
#5288 = EDGE_CURVE('',#5261,#3499,#5289,.T.);
#5289 = SURFACE_CURVE('',#5290,(#5294,#5301),.PCURVE_S1.);
#5290 = LINE('',#5291,#5292);
#5291 = CARTESIAN_POINT('',(-16.925,39.1,7.7));
#5292 = VECTOR('',#5293,1.);
#5293 = DIRECTION('',(0.,0.,1.));
#5294 = PCURVE('',#3513,#5295);
#5295 = DEFINITIONAL_REPRESENTATION('',(#5296),#5300);
#5296 = LINE('',#5297,#5298);
#5297 = CARTESIAN_POINT('',(0.,-2.3));
#5298 = VECTOR('',#5299,1.);
#5299 = DIRECTION('',(1.,0.));
#5300 = ( GEOMETRIC_REPRESENTATION_CONTEXT(2) 
PARAMETRIC_REPRESENTATION_CONTEXT() REPRESENTATION_CONTEXT('2D SPACE',''
  ) );
#5301 = PCURVE('',#5215,#5302);
#5302 = DEFINITIONAL_REPRESENTATION('',(#5303),#5307);
#5303 = LINE('',#5304,#5305);
#5304 = CARTESIAN_POINT('',(0.,0.));
#5305 = VECTOR('',#5306,1.);
#5306 = DIRECTION('',(1.,0.));
#5307 = ( GEOMETRIC_REPRESENTATION_CONTEXT(2) 
PARAMETRIC_REPRESENTATION_CONTEXT() REPRESENTATION_CONTEXT('2D SPACE',''
  ) );
#5308 = ORIENTED_EDGE('',*,*,#3498,.F.);
#5309 = ADVANCED_FACE('',(#5310),#3486,.T.);
#5310 = FACE_BOUND('',#5311,.T.);
#5311 = EDGE_LOOP('',(#5312,#5335,#5336,#5337));
#5312 = ORIENTED_EDGE('',*,*,#5313,.F.);
#5313 = EDGE_CURVE('',#3874,#5314,#5316,.T.);
#5314 = VERTEX_POINT('',#5315);
#5315 = CARTESIAN_POINT('',(-16.925,36.8,22.5));
#5316 = SURFACE_CURVE('',#5317,(#5321,#5328),.PCURVE_S1.);
#5317 = LINE('',#5318,#5319);
#5318 = CARTESIAN_POINT('',(-16.925,1.9,22.5));
#5319 = VECTOR('',#5320,1.);
#5320 = DIRECTION('',(0.,1.,0.));
#5321 = PCURVE('',#3486,#5322);
#5322 = DEFINITIONAL_REPRESENTATION('',(#5323),#5327);
#5323 = LINE('',#5324,#5325);
#5324 = CARTESIAN_POINT('',(20.5,0.));
#5325 = VECTOR('',#5326,1.);
#5326 = DIRECTION('',(0.,-1.));
#5327 = ( GEOMETRIC_REPRESENTATION_CONTEXT(2) 
PARAMETRIC_REPRESENTATION_CONTEXT() REPRESENTATION_CONTEXT('2D SPACE',''
  ) );
#5328 = PCURVE('',#3698,#5329);
#5329 = DEFINITIONAL_REPRESENTATION('',(#5330),#5334);
#5330 = LINE('',#5331,#5332);
#5331 = CARTESIAN_POINT('',(0.,0.));
#5332 = VECTOR('',#5333,1.);
#5333 = DIRECTION('',(0.,1.));
#5334 = ( GEOMETRIC_REPRESENTATION_CONTEXT(2) 
PARAMETRIC_REPRESENTATION_CONTEXT() REPRESENTATION_CONTEXT('2D SPACE',''
  ) );
#5335 = ORIENTED_EDGE('',*,*,#3873,.F.);
#5336 = ORIENTED_EDGE('',*,*,#3471,.T.);
#5337 = ORIENTED_EDGE('',*,*,#5338,.T.);
#5338 = EDGE_CURVE('',#3472,#5314,#5339,.T.);
#5339 = SURFACE_CURVE('',#5340,(#5344,#5351),.PCURVE_S1.);
#5340 = LINE('',#5341,#5342);
#5341 = CARTESIAN_POINT('',(-16.925,36.8,7.7));
#5342 = VECTOR('',#5343,1.);
#5343 = DIRECTION('',(0.,0.,1.));
#5344 = PCURVE('',#3486,#5345);
#5345 = DEFINITIONAL_REPRESENTATION('',(#5346),#5350);
#5346 = LINE('',#5347,#5348);
#5347 = CARTESIAN_POINT('',(5.7,-34.9));
#5348 = VECTOR('',#5349,1.);
#5349 = DIRECTION('',(1.,0.));
#5350 = ( GEOMETRIC_REPRESENTATION_CONTEXT(2) 
PARAMETRIC_REPRESENTATION_CONTEXT() REPRESENTATION_CONTEXT('2D SPACE',''
  ) );
#5351 = PCURVE('',#5248,#5352);
#5352 = DEFINITIONAL_REPRESENTATION('',(#5353),#5357);
#5353 = LINE('',#5354,#5355);
#5354 = CARTESIAN_POINT('',(0.,0.));
#5355 = VECTOR('',#5356,1.);
#5356 = DIRECTION('',(1.,0.));
#5357 = ( GEOMETRIC_REPRESENTATION_CONTEXT(2) 
PARAMETRIC_REPRESENTATION_CONTEXT() REPRESENTATION_CONTEXT('2D SPACE',''
  ) );
#5358 = ADVANCED_FACE('',(#5359),#3625,.F.);
#5359 = FACE_BOUND('',#5360,.F.);
#5360 = EDGE_LOOP('',(#5361,#5384,#5385,#5386));
#5361 = ORIENTED_EDGE('',*,*,#5362,.F.);
#5362 = EDGE_CURVE('',#4612,#5363,#5365,.T.);
#5363 = VERTEX_POINT('',#5364);
#5364 = CARTESIAN_POINT('',(16.925,42.89,22.5));
#5365 = SURFACE_CURVE('',#5366,(#5370,#5377),.PCURVE_S1.);
#5366 = LINE('',#5367,#5368);
#5367 = CARTESIAN_POINT('',(16.925,42.89,2.));
#5368 = VECTOR('',#5369,1.);
#5369 = DIRECTION('',(0.,0.,1.));
#5370 = PCURVE('',#3625,#5371);
#5371 = DEFINITIONAL_REPRESENTATION('',(#5372),#5376);
#5372 = LINE('',#5373,#5374);
#5373 = CARTESIAN_POINT('',(0.,0.));
#5374 = VECTOR('',#5375,1.);
#5375 = DIRECTION('',(0.,1.));
#5376 = ( GEOMETRIC_REPRESENTATION_CONTEXT(2) 
PARAMETRIC_REPRESENTATION_CONTEXT() REPRESENTATION_CONTEXT('2D SPACE',''
  ) );
#5377 = PCURVE('',#4650,#5378);
#5378 = DEFINITIONAL_REPRESENTATION('',(#5379),#5383);
#5379 = LINE('',#5380,#5381);
#5380 = CARTESIAN_POINT('',(0.,-40.99));
#5381 = VECTOR('',#5382,1.);
#5382 = DIRECTION('',(1.,0.));
#5383 = ( GEOMETRIC_REPRESENTATION_CONTEXT(2) 
PARAMETRIC_REPRESENTATION_CONTEXT() REPRESENTATION_CONTEXT('2D SPACE',''
  ) );
#5384 = ORIENTED_EDGE('',*,*,#4611,.T.);
#5385 = ORIENTED_EDGE('',*,*,#3607,.T.);
#5386 = ORIENTED_EDGE('',*,*,#5387,.F.);
#5387 = EDGE_CURVE('',#5363,#3610,#5388,.T.);
#5388 = SURFACE_CURVE('',#5389,(#5394,#5401),.PCURVE_S1.);
#5389 = CIRCLE('',#5390,0.3);
#5390 = AXIS2_PLACEMENT_3D('',#5391,#5392,#5393);
#5391 = CARTESIAN_POINT('',(16.625,42.89,22.5));
#5392 = DIRECTION('',(0.,0.,1.));
#5393 = DIRECTION('',(0.,-1.,0.));
#5394 = PCURVE('',#3625,#5395);
#5395 = DEFINITIONAL_REPRESENTATION('',(#5396),#5400);
#5396 = LINE('',#5397,#5398);
#5397 = CARTESIAN_POINT('',(-1.570796326795,20.5));
#5398 = VECTOR('',#5399,1.);
#5399 = DIRECTION('',(1.,0.));
#5400 = ( GEOMETRIC_REPRESENTATION_CONTEXT(2) 
PARAMETRIC_REPRESENTATION_CONTEXT() REPRESENTATION_CONTEXT('2D SPACE',''
  ) );
#5401 = PCURVE('',#3698,#5402);
#5402 = DEFINITIONAL_REPRESENTATION('',(#5403),#5407);
#5403 = CIRCLE('',#5404,0.3);
#5404 = AXIS2_PLACEMENT_2D('',#5405,#5406);
#5405 = CARTESIAN_POINT('',(33.55,40.99));
#5406 = DIRECTION('',(0.,-1.));
#5407 = ( GEOMETRIC_REPRESENTATION_CONTEXT(2) 
PARAMETRIC_REPRESENTATION_CONTEXT() REPRESENTATION_CONTEXT('2D SPACE',''
  ) );
#5408 = ADVANCED_FACE('',(#5409),#3698,.F.);
#5409 = FACE_BOUND('',#5410,.F.);
#5410 = EDGE_LOOP('',(#5411,#5412,#5413,#5414,#5415,#5438,#5464,#5490,
    #5516,#5537,#5538,#5539,#5540,#5541,#5562,#5588));
#5411 = ORIENTED_EDGE('',*,*,#5313,.F.);
#5412 = ORIENTED_EDGE('',*,*,#3922,.T.);
#5413 = ORIENTED_EDGE('',*,*,#3972,.T.);
#5414 = ORIENTED_EDGE('',*,*,#4071,.F.);
#5415 = ORIENTED_EDGE('',*,*,#5416,.T.);
#5416 = EDGE_CURVE('',#3999,#5417,#5419,.T.);
#5417 = VERTEX_POINT('',#5418);
#5418 = CARTESIAN_POINT('',(16.925,36.8,22.5));
#5419 = SURFACE_CURVE('',#5420,(#5424,#5431),.PCURVE_S1.);
#5420 = LINE('',#5421,#5422);
#5421 = CARTESIAN_POINT('',(16.925,1.9,22.5));
#5422 = VECTOR('',#5423,1.);
#5423 = DIRECTION('',(0.,1.,0.));
#5424 = PCURVE('',#3698,#5425);
#5425 = DEFINITIONAL_REPRESENTATION('',(#5426),#5430);
#5426 = LINE('',#5427,#5428);
#5427 = CARTESIAN_POINT('',(33.85,0.));
#5428 = VECTOR('',#5429,1.);
#5429 = DIRECTION('',(0.,1.));
#5430 = ( GEOMETRIC_REPRESENTATION_CONTEXT(2) 
PARAMETRIC_REPRESENTATION_CONTEXT() REPRESENTATION_CONTEXT('2D SPACE',''
  ) );
#5431 = PCURVE('',#4014,#5432);
#5432 = DEFINITIONAL_REPRESENTATION('',(#5433),#5437);
#5433 = LINE('',#5434,#5435);
#5434 = CARTESIAN_POINT('',(20.5,0.));
#5435 = VECTOR('',#5436,1.);
#5436 = DIRECTION('',(0.,-1.));
#5437 = ( GEOMETRIC_REPRESENTATION_CONTEXT(2) 
PARAMETRIC_REPRESENTATION_CONTEXT() REPRESENTATION_CONTEXT('2D SPACE',''
  ) );
#5438 = ORIENTED_EDGE('',*,*,#5439,.T.);
#5439 = EDGE_CURVE('',#5417,#5440,#5442,.T.);
#5440 = VERTEX_POINT('',#5441);
#5441 = CARTESIAN_POINT('',(12.65,36.8,22.5));
#5442 = SURFACE_CURVE('',#5443,(#5447,#5453),.PCURVE_S1.);
#5443 = LINE('',#5444,#5445);
#5444 = CARTESIAN_POINT('',(-2.1375,36.8,22.5));
#5445 = VECTOR('',#5446,1.);
#5446 = DIRECTION('',(-1.,0.,0.));
#5447 = PCURVE('',#3698,#5448);
#5448 = DEFINITIONAL_REPRESENTATION('',(#5449),#5452);
#5449 = B_SPLINE_CURVE_WITH_KNOTS('',1,(#5450,#5451),.UNSPECIFIED.,.F.,
  .F.,(2,2),(-19.0625,-14.7875),.PIECEWISE_BEZIER_KNOTS.);
#5450 = CARTESIAN_POINT('',(33.85,34.9));
#5451 = CARTESIAN_POINT('',(29.575,34.9));
#5452 = ( GEOMETRIC_REPRESENTATION_CONTEXT(2) 
PARAMETRIC_REPRESENTATION_CONTEXT() REPRESENTATION_CONTEXT('2D SPACE',''
  ) );
#5453 = PCURVE('',#5454,#5459);
#5454 = PLANE('',#5455);
#5455 = AXIS2_PLACEMENT_3D('',#5456,#5457,#5458);
#5456 = CARTESIAN_POINT('',(12.65,36.8,7.7));
#5457 = DIRECTION('',(0.,1.,0.));
#5458 = DIRECTION('',(0.,0.,1.));
#5459 = DEFINITIONAL_REPRESENTATION('',(#5460),#5463);
#5460 = B_SPLINE_CURVE_WITH_KNOTS('',1,(#5461,#5462),.UNSPECIFIED.,.F.,
  .F.,(2,2),(-19.0625,-14.7875),.PIECEWISE_BEZIER_KNOTS.);
#5461 = CARTESIAN_POINT('',(14.8,4.275));
#5462 = CARTESIAN_POINT('',(14.8,0.));
#5463 = ( GEOMETRIC_REPRESENTATION_CONTEXT(2) 
PARAMETRIC_REPRESENTATION_CONTEXT() REPRESENTATION_CONTEXT('2D SPACE',''
  ) );
#5464 = ORIENTED_EDGE('',*,*,#5465,.T.);
#5465 = EDGE_CURVE('',#5440,#5466,#5468,.T.);
#5466 = VERTEX_POINT('',#5467);
#5467 = CARTESIAN_POINT('',(12.65,39.1,22.5));
#5468 = SURFACE_CURVE('',#5469,(#5473,#5479),.PCURVE_S1.);
#5469 = LINE('',#5470,#5471);
#5470 = CARTESIAN_POINT('',(12.65,19.35,22.5));
#5471 = VECTOR('',#5472,1.);
#5472 = DIRECTION('',(0.,1.,0.));
#5473 = PCURVE('',#3698,#5474);
#5474 = DEFINITIONAL_REPRESENTATION('',(#5475),#5478);
#5475 = B_SPLINE_CURVE_WITH_KNOTS('',1,(#5476,#5477),.UNSPECIFIED.,.F.,
  .F.,(2,2),(17.45,19.75),.PIECEWISE_BEZIER_KNOTS.);
#5476 = CARTESIAN_POINT('',(29.575,34.9));
#5477 = CARTESIAN_POINT('',(29.575,37.2));
#5478 = ( GEOMETRIC_REPRESENTATION_CONTEXT(2) 
PARAMETRIC_REPRESENTATION_CONTEXT() REPRESENTATION_CONTEXT('2D SPACE',''
  ) );
#5479 = PCURVE('',#5480,#5485);
#5480 = PLANE('',#5481);
#5481 = AXIS2_PLACEMENT_3D('',#5482,#5483,#5484);
#5482 = CARTESIAN_POINT('',(12.65,36.8,7.7));
#5483 = DIRECTION('',(1.,0.,0.));
#5484 = DIRECTION('',(0.,0.,1.));
#5485 = DEFINITIONAL_REPRESENTATION('',(#5486),#5489);
#5486 = B_SPLINE_CURVE_WITH_KNOTS('',1,(#5487,#5488),.UNSPECIFIED.,.F.,
  .F.,(2,2),(17.45,19.75),.PIECEWISE_BEZIER_KNOTS.);
#5487 = CARTESIAN_POINT('',(14.8,0.));
#5488 = CARTESIAN_POINT('',(14.8,-2.3));
#5489 = ( GEOMETRIC_REPRESENTATION_CONTEXT(2) 
PARAMETRIC_REPRESENTATION_CONTEXT() REPRESENTATION_CONTEXT('2D SPACE',''
  ) );
#5490 = ORIENTED_EDGE('',*,*,#5491,.F.);
#5491 = EDGE_CURVE('',#5492,#5466,#5494,.T.);
#5492 = VERTEX_POINT('',#5493);
#5493 = CARTESIAN_POINT('',(16.925,39.1,22.5));
#5494 = SURFACE_CURVE('',#5495,(#5499,#5505),.PCURVE_S1.);
#5495 = LINE('',#5496,#5497);
#5496 = CARTESIAN_POINT('',(-2.1375,39.1,22.5));
#5497 = VECTOR('',#5498,1.);
#5498 = DIRECTION('',(-1.,0.,0.));
#5499 = PCURVE('',#3698,#5500);
#5500 = DEFINITIONAL_REPRESENTATION('',(#5501),#5504);
#5501 = B_SPLINE_CURVE_WITH_KNOTS('',1,(#5502,#5503),.UNSPECIFIED.,.F.,
  .F.,(2,2),(-19.0625,-14.7875),.PIECEWISE_BEZIER_KNOTS.);
#5502 = CARTESIAN_POINT('',(33.85,37.2));
#5503 = CARTESIAN_POINT('',(29.575,37.2));
#5504 = ( GEOMETRIC_REPRESENTATION_CONTEXT(2) 
PARAMETRIC_REPRESENTATION_CONTEXT() REPRESENTATION_CONTEXT('2D SPACE',''
  ) );
#5505 = PCURVE('',#5506,#5511);
#5506 = PLANE('',#5507);
#5507 = AXIS2_PLACEMENT_3D('',#5508,#5509,#5510);
#5508 = CARTESIAN_POINT('',(12.65,39.1,7.7));
#5509 = DIRECTION('',(0.,1.,0.));
#5510 = DIRECTION('',(0.,0.,1.));
#5511 = DEFINITIONAL_REPRESENTATION('',(#5512),#5515);
#5512 = B_SPLINE_CURVE_WITH_KNOTS('',1,(#5513,#5514),.UNSPECIFIED.,.F.,
  .F.,(2,2),(-19.0625,-14.7875),.PIECEWISE_BEZIER_KNOTS.);
#5513 = CARTESIAN_POINT('',(14.8,4.275));
#5514 = CARTESIAN_POINT('',(14.8,0.));
#5515 = ( GEOMETRIC_REPRESENTATION_CONTEXT(2) 
PARAMETRIC_REPRESENTATION_CONTEXT() REPRESENTATION_CONTEXT('2D SPACE',''
  ) );
#5516 = ORIENTED_EDGE('',*,*,#5517,.T.);
#5517 = EDGE_CURVE('',#5492,#5363,#5518,.T.);
#5518 = SURFACE_CURVE('',#5519,(#5523,#5530),.PCURVE_S1.);
#5519 = LINE('',#5520,#5521);
#5520 = CARTESIAN_POINT('',(16.925,1.9,22.5));
#5521 = VECTOR('',#5522,1.);
#5522 = DIRECTION('',(0.,1.,0.));
#5523 = PCURVE('',#3698,#5524);
#5524 = DEFINITIONAL_REPRESENTATION('',(#5525),#5529);
#5525 = LINE('',#5526,#5527);
#5526 = CARTESIAN_POINT('',(33.85,0.));
#5527 = VECTOR('',#5528,1.);
#5528 = DIRECTION('',(0.,1.));
#5529 = ( GEOMETRIC_REPRESENTATION_CONTEXT(2) 
PARAMETRIC_REPRESENTATION_CONTEXT() REPRESENTATION_CONTEXT('2D SPACE',''
  ) );
#5530 = PCURVE('',#4650,#5531);
#5531 = DEFINITIONAL_REPRESENTATION('',(#5532),#5536);
#5532 = LINE('',#5533,#5534);
#5533 = CARTESIAN_POINT('',(20.5,0.));
#5534 = VECTOR('',#5535,1.);
#5535 = DIRECTION('',(0.,-1.));
#5536 = ( GEOMETRIC_REPRESENTATION_CONTEXT(2) 
PARAMETRIC_REPRESENTATION_CONTEXT() REPRESENTATION_CONTEXT('2D SPACE',''
  ) );
#5537 = ORIENTED_EDGE('',*,*,#5387,.T.);
#5538 = ORIENTED_EDGE('',*,*,#3684,.F.);
#5539 = ORIENTED_EDGE('',*,*,#5149,.F.);
#5540 = ORIENTED_EDGE('',*,*,#5178,.F.);
#5541 = ORIENTED_EDGE('',*,*,#5542,.F.);
#5542 = EDGE_CURVE('',#5543,#5179,#5545,.T.);
#5543 = VERTEX_POINT('',#5544);
#5544 = CARTESIAN_POINT('',(-12.65,39.1,22.5));
#5545 = SURFACE_CURVE('',#5546,(#5550,#5556),.PCURVE_S1.);
#5546 = LINE('',#5547,#5548);
#5547 = CARTESIAN_POINT('',(-16.925,39.1,22.5));
#5548 = VECTOR('',#5549,1.);
#5549 = DIRECTION('',(-1.,0.,0.));
#5550 = PCURVE('',#3698,#5551);
#5551 = DEFINITIONAL_REPRESENTATION('',(#5552),#5555);
#5552 = B_SPLINE_CURVE_WITH_KNOTS('',1,(#5553,#5554),.UNSPECIFIED.,.F.,
  .F.,(2,2),(-4.275,0.),.PIECEWISE_BEZIER_KNOTS.);
#5553 = CARTESIAN_POINT('',(4.275,37.2));
#5554 = CARTESIAN_POINT('',(0.,37.2));
#5555 = ( GEOMETRIC_REPRESENTATION_CONTEXT(2) 
PARAMETRIC_REPRESENTATION_CONTEXT() REPRESENTATION_CONTEXT('2D SPACE',''
  ) );
#5556 = PCURVE('',#5215,#5557);
#5557 = DEFINITIONAL_REPRESENTATION('',(#5558),#5561);
#5558 = B_SPLINE_CURVE_WITH_KNOTS('',1,(#5559,#5560),.UNSPECIFIED.,.F.,
  .F.,(2,2),(-4.275,0.),.PIECEWISE_BEZIER_KNOTS.);
#5559 = CARTESIAN_POINT('',(14.8,4.275));
#5560 = CARTESIAN_POINT('',(14.8,0.));
#5561 = ( GEOMETRIC_REPRESENTATION_CONTEXT(2) 
PARAMETRIC_REPRESENTATION_CONTEXT() REPRESENTATION_CONTEXT('2D SPACE',''
  ) );
#5562 = ORIENTED_EDGE('',*,*,#5563,.F.);
#5563 = EDGE_CURVE('',#5564,#5543,#5566,.T.);
#5564 = VERTEX_POINT('',#5565);
#5565 = CARTESIAN_POINT('',(-12.65,36.8,22.5));
#5566 = SURFACE_CURVE('',#5567,(#5571,#5577),.PCURVE_S1.);
#5567 = LINE('',#5568,#5569);
#5568 = CARTESIAN_POINT('',(-12.65,19.35,22.5));
#5569 = VECTOR('',#5570,1.);
#5570 = DIRECTION('',(0.,1.,0.));
#5571 = PCURVE('',#3698,#5572);
#5572 = DEFINITIONAL_REPRESENTATION('',(#5573),#5576);
#5573 = B_SPLINE_CURVE_WITH_KNOTS('',1,(#5574,#5575),.UNSPECIFIED.,.F.,
  .F.,(2,2),(17.45,19.75),.PIECEWISE_BEZIER_KNOTS.);
#5574 = CARTESIAN_POINT('',(4.275,34.9));
#5575 = CARTESIAN_POINT('',(4.275,37.2));
#5576 = ( GEOMETRIC_REPRESENTATION_CONTEXT(2) 
PARAMETRIC_REPRESENTATION_CONTEXT() REPRESENTATION_CONTEXT('2D SPACE',''
  ) );
#5577 = PCURVE('',#5578,#5583);
#5578 = PLANE('',#5579);
#5579 = AXIS2_PLACEMENT_3D('',#5580,#5581,#5582);
#5580 = CARTESIAN_POINT('',(-12.65,36.8,7.7));
#5581 = DIRECTION('',(1.,0.,0.));
#5582 = DIRECTION('',(0.,0.,1.));
#5583 = DEFINITIONAL_REPRESENTATION('',(#5584),#5587);
#5584 = B_SPLINE_CURVE_WITH_KNOTS('',1,(#5585,#5586),.UNSPECIFIED.,.F.,
  .F.,(2,2),(17.45,19.75),.PIECEWISE_BEZIER_KNOTS.);
#5585 = CARTESIAN_POINT('',(14.8,0.));
#5586 = CARTESIAN_POINT('',(14.8,-2.3));
#5587 = ( GEOMETRIC_REPRESENTATION_CONTEXT(2) 
PARAMETRIC_REPRESENTATION_CONTEXT() REPRESENTATION_CONTEXT('2D SPACE',''
  ) );
#5588 = ORIENTED_EDGE('',*,*,#5589,.T.);
#5589 = EDGE_CURVE('',#5564,#5314,#5590,.T.);
#5590 = SURFACE_CURVE('',#5591,(#5595,#5601),.PCURVE_S1.);
#5591 = LINE('',#5592,#5593);
#5592 = CARTESIAN_POINT('',(-16.925,36.8,22.5));
#5593 = VECTOR('',#5594,1.);
#5594 = DIRECTION('',(-1.,0.,0.));
#5595 = PCURVE('',#3698,#5596);
#5596 = DEFINITIONAL_REPRESENTATION('',(#5597),#5600);
#5597 = B_SPLINE_CURVE_WITH_KNOTS('',1,(#5598,#5599),.UNSPECIFIED.,.F.,
  .F.,(2,2),(-4.275,0.),.PIECEWISE_BEZIER_KNOTS.);
#5598 = CARTESIAN_POINT('',(4.275,34.9));
#5599 = CARTESIAN_POINT('',(0.,34.9));
#5600 = ( GEOMETRIC_REPRESENTATION_CONTEXT(2) 
PARAMETRIC_REPRESENTATION_CONTEXT() REPRESENTATION_CONTEXT('2D SPACE',''
  ) );
#5601 = PCURVE('',#5248,#5602);
#5602 = DEFINITIONAL_REPRESENTATION('',(#5603),#5606);
#5603 = B_SPLINE_CURVE_WITH_KNOTS('',1,(#5604,#5605),.UNSPECIFIED.,.F.,
  .F.,(2,2),(-4.275,0.),.PIECEWISE_BEZIER_KNOTS.);
#5604 = CARTESIAN_POINT('',(14.8,4.275));
#5605 = CARTESIAN_POINT('',(14.8,0.));
#5606 = ( GEOMETRIC_REPRESENTATION_CONTEXT(2) 
PARAMETRIC_REPRESENTATION_CONTEXT() REPRESENTATION_CONTEXT('2D SPACE',''
  ) );
#5607 = ADVANCED_FACE('',(#5608),#4014,.F.);
#5608 = FACE_BOUND('',#5609,.F.);
#5609 = EDGE_LOOP('',(#5610,#5611,#5612,#5613));
#5610 = ORIENTED_EDGE('',*,*,#5416,.F.);
#5611 = ORIENTED_EDGE('',*,*,#3996,.F.);
#5612 = ORIENTED_EDGE('',*,*,#4689,.T.);
#5613 = ORIENTED_EDGE('',*,*,#5614,.T.);
#5614 = EDGE_CURVE('',#4663,#5417,#5615,.T.);
#5615 = SURFACE_CURVE('',#5616,(#5620,#5627),.PCURVE_S1.);
#5616 = LINE('',#5617,#5618);
#5617 = CARTESIAN_POINT('',(16.925,36.8,7.7));
#5618 = VECTOR('',#5619,1.);
#5619 = DIRECTION('',(0.,0.,1.));
#5620 = PCURVE('',#4014,#5621);
#5621 = DEFINITIONAL_REPRESENTATION('',(#5622),#5626);
#5622 = LINE('',#5623,#5624);
#5623 = CARTESIAN_POINT('',(5.7,-34.9));
#5624 = VECTOR('',#5625,1.);
#5625 = DIRECTION('',(1.,0.));
#5626 = ( GEOMETRIC_REPRESENTATION_CONTEXT(2) 
PARAMETRIC_REPRESENTATION_CONTEXT() REPRESENTATION_CONTEXT('2D SPACE',''
  ) );
#5627 = PCURVE('',#5454,#5628);
#5628 = DEFINITIONAL_REPRESENTATION('',(#5629),#5633);
#5629 = LINE('',#5630,#5631);
#5630 = CARTESIAN_POINT('',(0.,4.275));
#5631 = VECTOR('',#5632,1.);
#5632 = DIRECTION('',(1.,0.));
#5633 = ( GEOMETRIC_REPRESENTATION_CONTEXT(2) 
PARAMETRIC_REPRESENTATION_CONTEXT() REPRESENTATION_CONTEXT('2D SPACE',''
  ) );
#5634 = ADVANCED_FACE('',(#5635),#4677,.T.);
#5635 = FACE_BOUND('',#5636,.T.);
#5636 = EDGE_LOOP('',(#5637,#5660,#5688,#5709));
#5637 = ORIENTED_EDGE('',*,*,#5638,.F.);
#5638 = EDGE_CURVE('',#5639,#4663,#5641,.T.);
#5639 = VERTEX_POINT('',#5640);
#5640 = CARTESIAN_POINT('',(16.925,36.8,7.7));
#5641 = SURFACE_CURVE('',#5642,(#5646,#5653),.PCURVE_S1.);
#5642 = LINE('',#5643,#5644);
#5643 = CARTESIAN_POINT('',(16.925,36.8,7.7));
#5644 = VECTOR('',#5645,1.);
#5645 = DIRECTION('',(0.,0.,1.));
#5646 = PCURVE('',#4677,#5647);
#5647 = DEFINITIONAL_REPRESENTATION('',(#5648),#5652);
#5648 = LINE('',#5649,#5650);
#5649 = CARTESIAN_POINT('',(0.,0.));
#5650 = VECTOR('',#5651,1.);
#5651 = DIRECTION('',(1.,0.));
#5652 = ( GEOMETRIC_REPRESENTATION_CONTEXT(2) 
PARAMETRIC_REPRESENTATION_CONTEXT() REPRESENTATION_CONTEXT('2D SPACE',''
  ) );
#5653 = PCURVE('',#5454,#5654);
#5654 = DEFINITIONAL_REPRESENTATION('',(#5655),#5659);
#5655 = LINE('',#5656,#5657);
#5656 = CARTESIAN_POINT('',(0.,4.275));
#5657 = VECTOR('',#5658,1.);
#5658 = DIRECTION('',(1.,0.));
#5659 = ( GEOMETRIC_REPRESENTATION_CONTEXT(2) 
PARAMETRIC_REPRESENTATION_CONTEXT() REPRESENTATION_CONTEXT('2D SPACE',''
  ) );
#5660 = ORIENTED_EDGE('',*,*,#5661,.T.);
#5661 = EDGE_CURVE('',#5639,#5662,#5664,.T.);
#5662 = VERTEX_POINT('',#5663);
#5663 = CARTESIAN_POINT('',(16.925,39.1,7.7));
#5664 = SURFACE_CURVE('',#5665,(#5669,#5676),.PCURVE_S1.);
#5665 = LINE('',#5666,#5667);
#5666 = CARTESIAN_POINT('',(16.925,36.8,7.7));
#5667 = VECTOR('',#5668,1.);
#5668 = DIRECTION('',(0.,1.,0.));
#5669 = PCURVE('',#4677,#5670);
#5670 = DEFINITIONAL_REPRESENTATION('',(#5671),#5675);
#5671 = LINE('',#5672,#5673);
#5672 = CARTESIAN_POINT('',(0.,0.));
#5673 = VECTOR('',#5674,1.);
#5674 = DIRECTION('',(0.,-1.));
#5675 = ( GEOMETRIC_REPRESENTATION_CONTEXT(2) 
PARAMETRIC_REPRESENTATION_CONTEXT() REPRESENTATION_CONTEXT('2D SPACE',''
  ) );
#5676 = PCURVE('',#5677,#5682);
#5677 = PLANE('',#5678);
#5678 = AXIS2_PLACEMENT_3D('',#5679,#5680,#5681);
#5679 = CARTESIAN_POINT('',(12.65,36.8,7.7));
#5680 = DIRECTION('',(0.,0.,1.));
#5681 = DIRECTION('',(1.,0.,0.));
#5682 = DEFINITIONAL_REPRESENTATION('',(#5683),#5687);
#5683 = LINE('',#5684,#5685);
#5684 = CARTESIAN_POINT('',(4.275,0.));
#5685 = VECTOR('',#5686,1.);
#5686 = DIRECTION('',(0.,1.));
#5687 = ( GEOMETRIC_REPRESENTATION_CONTEXT(2) 
PARAMETRIC_REPRESENTATION_CONTEXT() REPRESENTATION_CONTEXT('2D SPACE',''
  ) );
#5688 = ORIENTED_EDGE('',*,*,#5689,.T.);
#5689 = EDGE_CURVE('',#5662,#4636,#5690,.T.);
#5690 = SURFACE_CURVE('',#5691,(#5695,#5702),.PCURVE_S1.);
#5691 = LINE('',#5692,#5693);
#5692 = CARTESIAN_POINT('',(16.925,39.1,7.7));
#5693 = VECTOR('',#5694,1.);
#5694 = DIRECTION('',(0.,0.,1.));
#5695 = PCURVE('',#4677,#5696);
#5696 = DEFINITIONAL_REPRESENTATION('',(#5697),#5701);
#5697 = LINE('',#5698,#5699);
#5698 = CARTESIAN_POINT('',(0.,-2.3));
#5699 = VECTOR('',#5700,1.);
#5700 = DIRECTION('',(1.,0.));
#5701 = ( GEOMETRIC_REPRESENTATION_CONTEXT(2) 
PARAMETRIC_REPRESENTATION_CONTEXT() REPRESENTATION_CONTEXT('2D SPACE',''
  ) );
#5702 = PCURVE('',#5506,#5703);
#5703 = DEFINITIONAL_REPRESENTATION('',(#5704),#5708);
#5704 = LINE('',#5705,#5706);
#5705 = CARTESIAN_POINT('',(0.,4.275));
#5706 = VECTOR('',#5707,1.);
#5707 = DIRECTION('',(1.,0.));
#5708 = ( GEOMETRIC_REPRESENTATION_CONTEXT(2) 
PARAMETRIC_REPRESENTATION_CONTEXT() REPRESENTATION_CONTEXT('2D SPACE',''
  ) );
#5709 = ORIENTED_EDGE('',*,*,#4662,.F.);
#5710 = ADVANCED_FACE('',(#5711),#4650,.F.);
#5711 = FACE_BOUND('',#5712,.F.);
#5712 = EDGE_LOOP('',(#5713,#5714,#5735,#5736));
#5713 = ORIENTED_EDGE('',*,*,#5517,.F.);
#5714 = ORIENTED_EDGE('',*,*,#5715,.F.);
#5715 = EDGE_CURVE('',#4636,#5492,#5716,.T.);
#5716 = SURFACE_CURVE('',#5717,(#5721,#5728),.PCURVE_S1.);
#5717 = LINE('',#5718,#5719);
#5718 = CARTESIAN_POINT('',(16.925,39.1,7.7));
#5719 = VECTOR('',#5720,1.);
#5720 = DIRECTION('',(0.,0.,1.));
#5721 = PCURVE('',#4650,#5722);
#5722 = DEFINITIONAL_REPRESENTATION('',(#5723),#5727);
#5723 = LINE('',#5724,#5725);
#5724 = CARTESIAN_POINT('',(5.7,-37.2));
#5725 = VECTOR('',#5726,1.);
#5726 = DIRECTION('',(1.,0.));
#5727 = ( GEOMETRIC_REPRESENTATION_CONTEXT(2) 
PARAMETRIC_REPRESENTATION_CONTEXT() REPRESENTATION_CONTEXT('2D SPACE',''
  ) );
#5728 = PCURVE('',#5506,#5729);
#5729 = DEFINITIONAL_REPRESENTATION('',(#5730),#5734);
#5730 = LINE('',#5731,#5732);
#5731 = CARTESIAN_POINT('',(0.,4.275));
#5732 = VECTOR('',#5733,1.);
#5733 = DIRECTION('',(1.,0.));
#5734 = ( GEOMETRIC_REPRESENTATION_CONTEXT(2) 
PARAMETRIC_REPRESENTATION_CONTEXT() REPRESENTATION_CONTEXT('2D SPACE',''
  ) );
#5735 = ORIENTED_EDGE('',*,*,#4635,.T.);
#5736 = ORIENTED_EDGE('',*,*,#5362,.T.);
#5737 = ADVANCED_FACE('',(#5738),#5053,.F.);
#5738 = FACE_BOUND('',#5739,.F.);
#5739 = EDGE_LOOP('',(#5740));
#5740 = ORIENTED_EDGE('',*,*,#5038,.T.);
#5741 = ADVANCED_FACE('',(#5742),#5108,.F.);
#5742 = FACE_BOUND('',#5743,.F.);
#5743 = EDGE_LOOP('',(#5744));
#5744 = ORIENTED_EDGE('',*,*,#5093,.T.);
#5745 = ADVANCED_FACE('',(#5746),#5215,.T.);
#5746 = FACE_BOUND('',#5747,.T.);
#5747 = EDGE_LOOP('',(#5748,#5771,#5792,#5793,#5794));
#5748 = ORIENTED_EDGE('',*,*,#5749,.F.);
#5749 = EDGE_CURVE('',#5750,#5543,#5752,.T.);
#5750 = VERTEX_POINT('',#5751);
#5751 = CARTESIAN_POINT('',(-12.65,39.1,7.7));
#5752 = SURFACE_CURVE('',#5753,(#5757,#5764),.PCURVE_S1.);
#5753 = LINE('',#5754,#5755);
#5754 = CARTESIAN_POINT('',(-12.65,39.1,7.7));
#5755 = VECTOR('',#5756,1.);
#5756 = DIRECTION('',(0.,0.,1.));
#5757 = PCURVE('',#5215,#5758);
#5758 = DEFINITIONAL_REPRESENTATION('',(#5759),#5763);
#5759 = LINE('',#5760,#5761);
#5760 = CARTESIAN_POINT('',(0.,4.275));
#5761 = VECTOR('',#5762,1.);
#5762 = DIRECTION('',(1.,0.));
#5763 = ( GEOMETRIC_REPRESENTATION_CONTEXT(2) 
PARAMETRIC_REPRESENTATION_CONTEXT() REPRESENTATION_CONTEXT('2D SPACE',''
  ) );
#5764 = PCURVE('',#5578,#5765);
#5765 = DEFINITIONAL_REPRESENTATION('',(#5766),#5770);
#5766 = LINE('',#5767,#5768);
#5767 = CARTESIAN_POINT('',(0.,-2.3));
#5768 = VECTOR('',#5769,1.);
#5769 = DIRECTION('',(1.,0.));
#5770 = ( GEOMETRIC_REPRESENTATION_CONTEXT(2) 
PARAMETRIC_REPRESENTATION_CONTEXT() REPRESENTATION_CONTEXT('2D SPACE',''
  ) );
#5771 = ORIENTED_EDGE('',*,*,#5772,.F.);
#5772 = EDGE_CURVE('',#5261,#5750,#5773,.T.);
#5773 = SURFACE_CURVE('',#5774,(#5778,#5785),.PCURVE_S1.);
#5774 = LINE('',#5775,#5776);
#5775 = CARTESIAN_POINT('',(-16.925,39.1,7.7));
#5776 = VECTOR('',#5777,1.);
#5777 = DIRECTION('',(1.,0.,0.));
#5778 = PCURVE('',#5215,#5779);
#5779 = DEFINITIONAL_REPRESENTATION('',(#5780),#5784);
#5780 = LINE('',#5781,#5782);
#5781 = CARTESIAN_POINT('',(0.,0.));
#5782 = VECTOR('',#5783,1.);
#5783 = DIRECTION('',(0.,1.));
#5784 = ( GEOMETRIC_REPRESENTATION_CONTEXT(2) 
PARAMETRIC_REPRESENTATION_CONTEXT() REPRESENTATION_CONTEXT('2D SPACE',''
  ) );
#5785 = PCURVE('',#5276,#5786);
#5786 = DEFINITIONAL_REPRESENTATION('',(#5787),#5791);
#5787 = LINE('',#5788,#5789);
#5788 = CARTESIAN_POINT('',(0.,2.3));
#5789 = VECTOR('',#5790,1.);
#5790 = DIRECTION('',(1.,0.));
#5791 = ( GEOMETRIC_REPRESENTATION_CONTEXT(2) 
PARAMETRIC_REPRESENTATION_CONTEXT() REPRESENTATION_CONTEXT('2D SPACE',''
  ) );
#5792 = ORIENTED_EDGE('',*,*,#5288,.T.);
#5793 = ORIENTED_EDGE('',*,*,#5201,.T.);
#5794 = ORIENTED_EDGE('',*,*,#5542,.F.);
#5795 = ADVANCED_FACE('',(#5796),#5248,.F.);
#5796 = FACE_BOUND('',#5797,.F.);
#5797 = EDGE_LOOP('',(#5798,#5821,#5842,#5843,#5844));
#5798 = ORIENTED_EDGE('',*,*,#5799,.F.);
#5799 = EDGE_CURVE('',#5800,#5564,#5802,.T.);
#5800 = VERTEX_POINT('',#5801);
#5801 = CARTESIAN_POINT('',(-12.65,36.8,7.7));
#5802 = SURFACE_CURVE('',#5803,(#5807,#5814),.PCURVE_S1.);
#5803 = LINE('',#5804,#5805);
#5804 = CARTESIAN_POINT('',(-12.65,36.8,7.7));
#5805 = VECTOR('',#5806,1.);
#5806 = DIRECTION('',(0.,0.,1.));
#5807 = PCURVE('',#5248,#5808);
#5808 = DEFINITIONAL_REPRESENTATION('',(#5809),#5813);
#5809 = LINE('',#5810,#5811);
#5810 = CARTESIAN_POINT('',(0.,4.275));
#5811 = VECTOR('',#5812,1.);
#5812 = DIRECTION('',(1.,0.));
#5813 = ( GEOMETRIC_REPRESENTATION_CONTEXT(2) 
PARAMETRIC_REPRESENTATION_CONTEXT() REPRESENTATION_CONTEXT('2D SPACE',''
  ) );
#5814 = PCURVE('',#5578,#5815);
#5815 = DEFINITIONAL_REPRESENTATION('',(#5816),#5820);
#5816 = LINE('',#5817,#5818);
#5817 = CARTESIAN_POINT('',(0.,0.));
#5818 = VECTOR('',#5819,1.);
#5819 = DIRECTION('',(1.,0.));
#5820 = ( GEOMETRIC_REPRESENTATION_CONTEXT(2) 
PARAMETRIC_REPRESENTATION_CONTEXT() REPRESENTATION_CONTEXT('2D SPACE',''
  ) );
#5821 = ORIENTED_EDGE('',*,*,#5822,.F.);
#5822 = EDGE_CURVE('',#5233,#5800,#5823,.T.);
#5823 = SURFACE_CURVE('',#5824,(#5828,#5835),.PCURVE_S1.);
#5824 = LINE('',#5825,#5826);
#5825 = CARTESIAN_POINT('',(-16.925,36.8,7.7));
#5826 = VECTOR('',#5827,1.);
#5827 = DIRECTION('',(1.,0.,0.));
#5828 = PCURVE('',#5248,#5829);
#5829 = DEFINITIONAL_REPRESENTATION('',(#5830),#5834);
#5830 = LINE('',#5831,#5832);
#5831 = CARTESIAN_POINT('',(0.,0.));
#5832 = VECTOR('',#5833,1.);
#5833 = DIRECTION('',(0.,1.));
#5834 = ( GEOMETRIC_REPRESENTATION_CONTEXT(2) 
PARAMETRIC_REPRESENTATION_CONTEXT() REPRESENTATION_CONTEXT('2D SPACE',''
  ) );
#5835 = PCURVE('',#5276,#5836);
#5836 = DEFINITIONAL_REPRESENTATION('',(#5837),#5841);
#5837 = LINE('',#5838,#5839);
#5838 = CARTESIAN_POINT('',(0.,0.));
#5839 = VECTOR('',#5840,1.);
#5840 = DIRECTION('',(1.,0.));
#5841 = ( GEOMETRIC_REPRESENTATION_CONTEXT(2) 
PARAMETRIC_REPRESENTATION_CONTEXT() REPRESENTATION_CONTEXT('2D SPACE',''
  ) );
#5842 = ORIENTED_EDGE('',*,*,#5232,.T.);
#5843 = ORIENTED_EDGE('',*,*,#5338,.T.);
#5844 = ORIENTED_EDGE('',*,*,#5589,.F.);
#5845 = ADVANCED_FACE('',(#5846),#5276,.F.);
#5846 = FACE_BOUND('',#5847,.F.);
#5847 = EDGE_LOOP('',(#5848,#5849,#5850,#5871));
#5848 = ORIENTED_EDGE('',*,*,#5260,.F.);
#5849 = ORIENTED_EDGE('',*,*,#5822,.T.);
#5850 = ORIENTED_EDGE('',*,*,#5851,.T.);
#5851 = EDGE_CURVE('',#5800,#5750,#5852,.T.);
#5852 = SURFACE_CURVE('',#5853,(#5857,#5864),.PCURVE_S1.);
#5853 = LINE('',#5854,#5855);
#5854 = CARTESIAN_POINT('',(-12.65,36.8,7.7));
#5855 = VECTOR('',#5856,1.);
#5856 = DIRECTION('',(0.,1.,0.));
#5857 = PCURVE('',#5276,#5858);
#5858 = DEFINITIONAL_REPRESENTATION('',(#5859),#5863);
#5859 = LINE('',#5860,#5861);
#5860 = CARTESIAN_POINT('',(4.275,0.));
#5861 = VECTOR('',#5862,1.);
#5862 = DIRECTION('',(0.,1.));
#5863 = ( GEOMETRIC_REPRESENTATION_CONTEXT(2) 
PARAMETRIC_REPRESENTATION_CONTEXT() REPRESENTATION_CONTEXT('2D SPACE',''
  ) );
#5864 = PCURVE('',#5578,#5865);
#5865 = DEFINITIONAL_REPRESENTATION('',(#5866),#5870);
#5866 = LINE('',#5867,#5868);
#5867 = CARTESIAN_POINT('',(0.,0.));
#5868 = VECTOR('',#5869,1.);
#5869 = DIRECTION('',(0.,-1.));
#5870 = ( GEOMETRIC_REPRESENTATION_CONTEXT(2) 
PARAMETRIC_REPRESENTATION_CONTEXT() REPRESENTATION_CONTEXT('2D SPACE',''
  ) );
#5871 = ORIENTED_EDGE('',*,*,#5772,.F.);
#5872 = ADVANCED_FACE('',(#5873),#5578,.T.);
#5873 = FACE_BOUND('',#5874,.T.);
#5874 = EDGE_LOOP('',(#5875,#5876,#5877,#5878));
#5875 = ORIENTED_EDGE('',*,*,#5799,.F.);
#5876 = ORIENTED_EDGE('',*,*,#5851,.T.);
#5877 = ORIENTED_EDGE('',*,*,#5749,.T.);
#5878 = ORIENTED_EDGE('',*,*,#5563,.F.);
#5879 = ADVANCED_FACE('',(#5880),#5506,.T.);
#5880 = FACE_BOUND('',#5881,.T.);
#5881 = EDGE_LOOP('',(#5882,#5883,#5906,#5927,#5928));
#5882 = ORIENTED_EDGE('',*,*,#5689,.F.);
#5883 = ORIENTED_EDGE('',*,*,#5884,.F.);
#5884 = EDGE_CURVE('',#5885,#5662,#5887,.T.);
#5885 = VERTEX_POINT('',#5886);
#5886 = CARTESIAN_POINT('',(12.65,39.1,7.7));
#5887 = SURFACE_CURVE('',#5888,(#5892,#5899),.PCURVE_S1.);
#5888 = LINE('',#5889,#5890);
#5889 = CARTESIAN_POINT('',(12.65,39.1,7.7));
#5890 = VECTOR('',#5891,1.);
#5891 = DIRECTION('',(1.,0.,0.));
#5892 = PCURVE('',#5506,#5893);
#5893 = DEFINITIONAL_REPRESENTATION('',(#5894),#5898);
#5894 = LINE('',#5895,#5896);
#5895 = CARTESIAN_POINT('',(0.,0.));
#5896 = VECTOR('',#5897,1.);
#5897 = DIRECTION('',(0.,1.));
#5898 = ( GEOMETRIC_REPRESENTATION_CONTEXT(2) 
PARAMETRIC_REPRESENTATION_CONTEXT() REPRESENTATION_CONTEXT('2D SPACE',''
  ) );
#5899 = PCURVE('',#5677,#5900);
#5900 = DEFINITIONAL_REPRESENTATION('',(#5901),#5905);
#5901 = LINE('',#5902,#5903);
#5902 = CARTESIAN_POINT('',(0.,2.3));
#5903 = VECTOR('',#5904,1.);
#5904 = DIRECTION('',(1.,0.));
#5905 = ( GEOMETRIC_REPRESENTATION_CONTEXT(2) 
PARAMETRIC_REPRESENTATION_CONTEXT() REPRESENTATION_CONTEXT('2D SPACE',''
  ) );
#5906 = ORIENTED_EDGE('',*,*,#5907,.T.);
#5907 = EDGE_CURVE('',#5885,#5466,#5908,.T.);
#5908 = SURFACE_CURVE('',#5909,(#5913,#5920),.PCURVE_S1.);
#5909 = LINE('',#5910,#5911);
#5910 = CARTESIAN_POINT('',(12.65,39.1,7.7));
#5911 = VECTOR('',#5912,1.);
#5912 = DIRECTION('',(0.,0.,1.));
#5913 = PCURVE('',#5506,#5914);
#5914 = DEFINITIONAL_REPRESENTATION('',(#5915),#5919);
#5915 = LINE('',#5916,#5917);
#5916 = CARTESIAN_POINT('',(0.,0.));
#5917 = VECTOR('',#5918,1.);
#5918 = DIRECTION('',(1.,0.));
#5919 = ( GEOMETRIC_REPRESENTATION_CONTEXT(2) 
PARAMETRIC_REPRESENTATION_CONTEXT() REPRESENTATION_CONTEXT('2D SPACE',''
  ) );
#5920 = PCURVE('',#5480,#5921);
#5921 = DEFINITIONAL_REPRESENTATION('',(#5922),#5926);
#5922 = LINE('',#5923,#5924);
#5923 = CARTESIAN_POINT('',(0.,-2.3));
#5924 = VECTOR('',#5925,1.);
#5925 = DIRECTION('',(1.,0.));
#5926 = ( GEOMETRIC_REPRESENTATION_CONTEXT(2) 
PARAMETRIC_REPRESENTATION_CONTEXT() REPRESENTATION_CONTEXT('2D SPACE',''
  ) );
#5927 = ORIENTED_EDGE('',*,*,#5491,.F.);
#5928 = ORIENTED_EDGE('',*,*,#5715,.F.);
#5929 = ADVANCED_FACE('',(#5930),#5480,.F.);
#5930 = FACE_BOUND('',#5931,.F.);
#5931 = EDGE_LOOP('',(#5932,#5955,#5976,#5977));
#5932 = ORIENTED_EDGE('',*,*,#5933,.F.);
#5933 = EDGE_CURVE('',#5934,#5440,#5936,.T.);
#5934 = VERTEX_POINT('',#5935);
#5935 = CARTESIAN_POINT('',(12.65,36.8,7.7));
#5936 = SURFACE_CURVE('',#5937,(#5941,#5948),.PCURVE_S1.);
#5937 = LINE('',#5938,#5939);
#5938 = CARTESIAN_POINT('',(12.65,36.8,7.7));
#5939 = VECTOR('',#5940,1.);
#5940 = DIRECTION('',(0.,0.,1.));
#5941 = PCURVE('',#5480,#5942);
#5942 = DEFINITIONAL_REPRESENTATION('',(#5943),#5947);
#5943 = LINE('',#5944,#5945);
#5944 = CARTESIAN_POINT('',(0.,0.));
#5945 = VECTOR('',#5946,1.);
#5946 = DIRECTION('',(1.,0.));
#5947 = ( GEOMETRIC_REPRESENTATION_CONTEXT(2) 
PARAMETRIC_REPRESENTATION_CONTEXT() REPRESENTATION_CONTEXT('2D SPACE',''
  ) );
#5948 = PCURVE('',#5454,#5949);
#5949 = DEFINITIONAL_REPRESENTATION('',(#5950),#5954);
#5950 = LINE('',#5951,#5952);
#5951 = CARTESIAN_POINT('',(0.,0.));
#5952 = VECTOR('',#5953,1.);
#5953 = DIRECTION('',(1.,0.));
#5954 = ( GEOMETRIC_REPRESENTATION_CONTEXT(2) 
PARAMETRIC_REPRESENTATION_CONTEXT() REPRESENTATION_CONTEXT('2D SPACE',''
  ) );
#5955 = ORIENTED_EDGE('',*,*,#5956,.T.);
#5956 = EDGE_CURVE('',#5934,#5885,#5957,.T.);
#5957 = SURFACE_CURVE('',#5958,(#5962,#5969),.PCURVE_S1.);
#5958 = LINE('',#5959,#5960);
#5959 = CARTESIAN_POINT('',(12.65,36.8,7.7));
#5960 = VECTOR('',#5961,1.);
#5961 = DIRECTION('',(0.,1.,0.));
#5962 = PCURVE('',#5480,#5963);
#5963 = DEFINITIONAL_REPRESENTATION('',(#5964),#5968);
#5964 = LINE('',#5965,#5966);
#5965 = CARTESIAN_POINT('',(0.,0.));
#5966 = VECTOR('',#5967,1.);
#5967 = DIRECTION('',(0.,-1.));
#5968 = ( GEOMETRIC_REPRESENTATION_CONTEXT(2) 
PARAMETRIC_REPRESENTATION_CONTEXT() REPRESENTATION_CONTEXT('2D SPACE',''
  ) );
#5969 = PCURVE('',#5677,#5970);
#5970 = DEFINITIONAL_REPRESENTATION('',(#5971),#5975);
#5971 = LINE('',#5972,#5973);
#5972 = CARTESIAN_POINT('',(0.,0.));
#5973 = VECTOR('',#5974,1.);
#5974 = DIRECTION('',(0.,1.));
#5975 = ( GEOMETRIC_REPRESENTATION_CONTEXT(2) 
PARAMETRIC_REPRESENTATION_CONTEXT() REPRESENTATION_CONTEXT('2D SPACE',''
  ) );
#5976 = ORIENTED_EDGE('',*,*,#5907,.T.);
#5977 = ORIENTED_EDGE('',*,*,#5465,.F.);
#5978 = ADVANCED_FACE('',(#5979),#5454,.F.);
#5979 = FACE_BOUND('',#5980,.F.);
#5980 = EDGE_LOOP('',(#5981,#5982,#6003,#6004,#6005));
#5981 = ORIENTED_EDGE('',*,*,#5638,.F.);
#5982 = ORIENTED_EDGE('',*,*,#5983,.F.);
#5983 = EDGE_CURVE('',#5934,#5639,#5984,.T.);
#5984 = SURFACE_CURVE('',#5985,(#5989,#5996),.PCURVE_S1.);
#5985 = LINE('',#5986,#5987);
#5986 = CARTESIAN_POINT('',(12.65,36.8,7.7));
#5987 = VECTOR('',#5988,1.);
#5988 = DIRECTION('',(1.,0.,0.));
#5989 = PCURVE('',#5454,#5990);
#5990 = DEFINITIONAL_REPRESENTATION('',(#5991),#5995);
#5991 = LINE('',#5992,#5993);
#5992 = CARTESIAN_POINT('',(0.,0.));
#5993 = VECTOR('',#5994,1.);
#5994 = DIRECTION('',(0.,1.));
#5995 = ( GEOMETRIC_REPRESENTATION_CONTEXT(2) 
PARAMETRIC_REPRESENTATION_CONTEXT() REPRESENTATION_CONTEXT('2D SPACE',''
  ) );
#5996 = PCURVE('',#5677,#5997);
#5997 = DEFINITIONAL_REPRESENTATION('',(#5998),#6002);
#5998 = LINE('',#5999,#6000);
#5999 = CARTESIAN_POINT('',(0.,0.));
#6000 = VECTOR('',#6001,1.);
#6001 = DIRECTION('',(1.,0.));
#6002 = ( GEOMETRIC_REPRESENTATION_CONTEXT(2) 
PARAMETRIC_REPRESENTATION_CONTEXT() REPRESENTATION_CONTEXT('2D SPACE',''
  ) );
#6003 = ORIENTED_EDGE('',*,*,#5933,.T.);
#6004 = ORIENTED_EDGE('',*,*,#5439,.F.);
#6005 = ORIENTED_EDGE('',*,*,#5614,.F.);
#6006 = ADVANCED_FACE('',(#6007),#5677,.F.);
#6007 = FACE_BOUND('',#6008,.F.);
#6008 = EDGE_LOOP('',(#6009,#6010,#6011,#6012));
#6009 = ORIENTED_EDGE('',*,*,#5956,.F.);
#6010 = ORIENTED_EDGE('',*,*,#5983,.T.);
#6011 = ORIENTED_EDGE('',*,*,#5661,.T.);
#6012 = ORIENTED_EDGE('',*,*,#5884,.F.);
#6013 = ( GEOMETRIC_REPRESENTATION_CONTEXT(3) 
GLOBAL_UNCERTAINTY_ASSIGNED_CONTEXT((#6017)) 
GLOBAL_UNIT_ASSIGNED_CONTEXT((#6014,#6015,#6016)) REPRESENTATION_CONTEXT
('Context #1','3D Context with UNIT and UNCERTAINTY') );
#6014 = ( LENGTH_UNIT() NAMED_UNIT(*) SI_UNIT(.MILLI.,.METRE.) );
#6015 = ( NAMED_UNIT(*) PLANE_ANGLE_UNIT() SI_UNIT($,.RADIAN.) );
#6016 = ( NAMED_UNIT(*) SI_UNIT($,.STERADIAN.) SOLID_ANGLE_UNIT() );
#6017 = UNCERTAINTY_MEASURE_WITH_UNIT(LENGTH_MEASURE(5.E-06),#6014,
  'distance_accuracy_value','confusion accuracy');
#6018 = PRODUCT_RELATED_PRODUCT_CATEGORY('part',$,(#7));
ENDSEC;
END-ISO-10303-21;
